ISO-10303-21;
HEADER;
/* Generated by software containing ST-Developer
 * from STEP Tools, Inc. (www.steptools.com) 
 */
/* OPTION: using custom renumber hook */

FILE_DESCRIPTION(
/* description */ ('STEP AP242 Edition 2',
'CAx-IF Rec.Pracs.---Representation and Presentation of Product Manufa
cturing Information (PMI)---4.0---2014-10-13',
'CAx-IF Rec.Pracs.---3D Tessellated Geometry---0.4---2014-09-14','2;1',
'CAx-IF Rec.Pracs.---User Defined Attributes---1.5---2016-08-15'),
/* implementation_level */ '2;1');

FILE_NAME(
/* name */ '6a23849e45765a9b1cc4c6a2',
/* time_stamp */ '2026-06-06T02:23:26Z',
/* author */ (''),
/* organization */ (''),
/* preprocessor_version */ 'ST-DEVELOPER v20',
/* originating_system */ 'ONSHAPE BY PTC INC, 1.216',
/* authorisation */ '  ');

FILE_SCHEMA (('AP242_MANAGED_MODEL_BASED_3D_ENGINEERING_MIM_LF { 1 0 10303 442 3 1 4 }'));
ENDSEC;

DATA;
#10=B_SPLINE_SURFACE_WITH_KNOTS('',3,1,((#8183,#8184),(#8185,#8186),(#8187,
#8188),(#8189,#8190),(#8191,#8192)),.SURF_OF_LINEAR_EXTRUSION.,.F.,.F.,
 .F.,(4,1,4),(2,2),(-0.00942476694038862,0.780685779944125,1.57079632682864),
(0.,1.),.UNSPECIFIED.);
#11=B_SPLINE_SURFACE_WITH_KNOTS('',3,1,((#8196,#8197),(#8198,#8199),(#8200,
#8201),(#8202,#8203),(#8204,#8205)),.SURF_OF_LINEAR_EXTRUSION.,.F.,.F.,
 .F.,(4,1,4),(2,2),(1.57079632675864,2.36090686813981,3.15101740952099),
(0.,1.),.UNSPECIFIED.);
#12=B_SPLINE_SURFACE_WITH_KNOTS('',3,1,((#8212,#8213),(#8214,#8215),(#8216,
#8217),(#8218,#8219),(#8220,#8221)),.SURF_OF_LINEAR_EXTRUSION.,.F.,.F.,
 .F.,(4,1,4),(2,2),(3.13216788664535,3.92227843353352,4.71238898042169),
(0.,1.),.UNSPECIFIED.);
#13=B_SPLINE_SURFACE_WITH_KNOTS('',3,1,((#8222,#8223),(#8224,#8225),(#8226,
#8227),(#8228,#8229),(#8230,#8231)),.SURF_OF_LINEAR_EXTRUSION.,.F.,.F.,
 .F.,(4,1,4),(2,2),(4.71238898035104,5.50249952173185,6.29261006311265),
(0.,1.),.UNSPECIFIED.);
#14=COLOUR_RGB('',0.917647058823529,0.917647058823529,0.917647058823529);
#15=CONTEXT_DEPENDENT_SHAPE_REPRESENTATION(#23,#8539);
#16=CONTEXT_DEPENDENT_SHAPE_REPRESENTATION(#24,#8541);
#17=CONTEXT_DEPENDENT_SHAPE_REPRESENTATION(#25,#8543);
#18=CONTEXT_DEPENDENT_SHAPE_REPRESENTATION(#26,#8545);
#19=NEXT_ASSEMBLY_USAGE_OCCURRENCE('NAUO1','Bucket','Bucket',#8546,#8547,
'');
#20=NEXT_ASSEMBLY_USAGE_OCCURRENCE('NAUO2','Mount mirrored',
'Mount mirrored',#8546,#8548,'');
#21=NEXT_ASSEMBLY_USAGE_OCCURRENCE('NAUO3','Brush Holder Sheet Stop',
'Brush Holder Sheet Stop',#8546,#8549,'');
#22=NEXT_ASSEMBLY_USAGE_OCCURRENCE('NAUO4','Mount','Mount',#8546,#8550,
'');
#23=(
REPRESENTATION_RELATIONSHIP(' ',' ',#5062,#5061)
REPRESENTATION_RELATIONSHIP_WITH_TRANSFORMATION(#27)
SHAPE_REPRESENTATION_RELATIONSHIP()
);
#24=(
REPRESENTATION_RELATIONSHIP(' ',' ',#5063,#5061)
REPRESENTATION_RELATIONSHIP_WITH_TRANSFORMATION(#28)
SHAPE_REPRESENTATION_RELATIONSHIP()
);
#25=(
REPRESENTATION_RELATIONSHIP(' ',' ',#5064,#5061)
REPRESENTATION_RELATIONSHIP_WITH_TRANSFORMATION(#29)
SHAPE_REPRESENTATION_RELATIONSHIP()
);
#26=(
REPRESENTATION_RELATIONSHIP(' ',' ',#5065,#5061)
REPRESENTATION_RELATIONSHIP_WITH_TRANSFORMATION(#30)
SHAPE_REPRESENTATION_RELATIONSHIP()
);
#27=ITEM_DEFINED_TRANSFORMATION(' ',' ',#5066,#5326);
#28=ITEM_DEFINED_TRANSFORMATION(' ',' ',#5066,#5400);
#29=ITEM_DEFINED_TRANSFORMATION(' ',' ',#5066,#5437);
#30=ITEM_DEFINED_TRANSFORMATION(' ',' ',#5066,#5511);
#31=SHAPE_REPRESENTATION_RELATIONSHIP('','',#5062,#35);
#32=SHAPE_REPRESENTATION_RELATIONSHIP('','',#5063,#36);
#33=SHAPE_REPRESENTATION_RELATIONSHIP('','',#5064,#37);
#34=SHAPE_REPRESENTATION_RELATIONSHIP('','',#5065,#38);
#35=ADVANCED_BREP_SHAPE_REPRESENTATION('',(#5052),#8525);
#36=ADVANCED_BREP_SHAPE_REPRESENTATION('',(#5053),#8526);
#37=ADVANCED_BREP_SHAPE_REPRESENTATION('',(#5054),#8527);
#38=ADVANCED_BREP_SHAPE_REPRESENTATION('',(#5055),#8528);
#39=TOROIDAL_SURFACE('',#5202,0.002,0.001);
#40=TOROIDAL_SURFACE('',#5210,0.002,0.001);
#41=TOROIDAL_SURFACE('',#5212,0.002,0.001);
#42=TOROIDAL_SURFACE('',#5230,0.002,0.001);
#43=TOROIDAL_SURFACE('',#5234,0.012,0.001);
#44=SPHERICAL_SURFACE('',#5187,0.001);
#45=SPHERICAL_SURFACE('',#5198,0.001);
#46=SPHERICAL_SURFACE('',#5222,0.001);
#47=(
BOUNDED_SURFACE()
B_SPLINE_SURFACE(3,2,((#7536,#7537,#7538),(#7539,#7540,#7541),(#7542,#7543,
#7544),(#7545,#7546,#7547)),.UNSPECIFIED.,.F.,.F.,.F.)
B_SPLINE_SURFACE_WITH_KNOTS((4,4),(3,3),(0.0554025452209644,0.0611243920343277),
(0.,1.),.PIECEWISE_BEZIER_KNOTS.)
GEOMETRIC_REPRESENTATION_ITEM()
RATIONAL_B_SPLINE_SURFACE(((1.,0.651434283381377,1.),(1.,0.645917107489773,
1.),(1.,0.639041189119942,1.),(1.,0.628019220688586,1.)))
REPRESENTATION_ITEM('')
SURFACE()
);
#48=CONICAL_SURFACE('',#5174,0.008,0.785398163397448);
#49=CONICAL_SURFACE('',#5280,0.00355,0.785398163397446);
#50=CONICAL_SURFACE('',#5281,0.0015,0.785398163397449);
#51=CONICAL_SURFACE('',#5284,0.00149999999999999,0.785398163397449);
#52=CONICAL_SURFACE('',#5285,0.00355,0.785398163397449);
#53=CONICAL_SURFACE('',#5288,0.00355,0.785398163397448);
#54=CONICAL_SURFACE('',#5289,0.0015,0.785398163397449);
#55=CONICAL_SURFACE('',#5292,0.0015,0.785398163397449);
#56=CONICAL_SURFACE('',#5293,0.00355,0.78539816339745);
#57=CONICAL_SURFACE('',#5324,0.0013,0.785398163397449);
#58=CONICAL_SURFACE('',#5325,0.0013,0.785398163397449);
#59=CONICAL_SURFACE('',#5371,0.00305,0.785398163397449);
#60=CONICAL_SURFACE('',#5372,0.00305,0.785398163397449);
#61=CONICAL_SURFACE('',#5381,0.0065,0.785398163397449);
#62=CONICAL_SURFACE('',#5391,0.007,0.785398163397448);
#63=CONICAL_SURFACE('',#5394,0.0015,0.785398163397448);
#64=CONICAL_SURFACE('',#5395,0.0015,0.785398163397448);
#65=CONICAL_SURFACE('',#5396,0.0017,0.785398163397449);
#66=CONICAL_SURFACE('',#5397,0.0017,0.785398163397449);
#67=CONICAL_SURFACE('',#5482,0.00305,0.785398163397449);
#68=CONICAL_SURFACE('',#5483,0.00305,0.785398163397449);
#69=CONICAL_SURFACE('',#5492,0.0065,0.785398163397449);
#70=CONICAL_SURFACE('',#5502,0.007,0.785398163397448);
#71=CONICAL_SURFACE('',#5505,0.0015,0.785398163397448);
#72=CONICAL_SURFACE('',#5506,0.0015,0.785398163397448);
#73=CONICAL_SURFACE('',#5507,0.0017,0.785398163397449);
#74=CONICAL_SURFACE('',#5508,0.0017,0.785398163397449);
#75=B_SPLINE_CURVE_WITH_KNOTS('',3,(#7271,#7272,#7273,#7274),
 .UNSPECIFIED.,.F.,.F.,(4,4),(0.,0.00251948846080615),.UNSPECIFIED.);
#76=B_SPLINE_CURVE_WITH_KNOTS('',3,(#7351,#7352,#7353,#7354),
 .UNSPECIFIED.,.F.,.F.,(4,4),(0.,0.000569411971411902),.UNSPECIFIED.);
#77=B_SPLINE_CURVE_WITH_KNOTS('',3,(#7387,#7388,#7389,#7390,#7391,#7392,
#7393),.UNSPECIFIED.,.F.,.F.,(4,1,1,1,4),(0.,0.00160559269893388,0.00321118539786775,
0.00481677809680163,0.0064223707957355),.UNSPECIFIED.);
#78=B_SPLINE_CURVE_WITH_KNOTS('',3,(#7519,#7520,#7521,#7522),
 .UNSPECIFIED.,.F.,.F.,(4,4),(0.,0.000161014252309602),.UNSPECIFIED.);
#79=B_SPLINE_CURVE_WITH_KNOTS('',3,(#7524,#7525,#7526,#7527),
 .UNSPECIFIED.,.F.,.F.,(4,4),(-7.84092794867595E-6,0.00429349503450911),
 .UNSPECIFIED.);
#80=B_SPLINE_CURVE_WITH_KNOTS('',3,(#7531,#7532,#7533,#7534,#7535),
 .UNSPECIFIED.,.F.,.F.,(4,1,4),(0.,0.00268680014525517,0.00537360029051033),
 .UNSPECIFIED.);
#81=B_SPLINE_CURVE_WITH_KNOTS('',3,(#7555,#7556,#7557,#7558,#7559),
 .UNSPECIFIED.,.F.,.F.,(4,1,4),(0.,0.00283894048380269,0.00567788096760538),
 .UNSPECIFIED.);
#82=B_SPLINE_CURVE_WITH_KNOTS('',3,(#7616,#7617,#7618,#7619),
 .UNSPECIFIED.,.F.,.F.,(4,4),(0.,0.00206311516406115),.UNSPECIFIED.);
#83=B_SPLINE_CURVE_WITH_KNOTS('',3,(#7686,#7687,#7688,#7689),
 .UNSPECIFIED.,.F.,.F.,(4,4),(0.,0.000782930060115194),.UNSPECIFIED.);
#84=B_SPLINE_CURVE_WITH_KNOTS('',3,(#7691,#7692,#7693,#7694),
 .UNSPECIFIED.,.F.,.F.,(4,4),(0.,0.0007829300601152),.UNSPECIFIED.);
#85=B_SPLINE_CURVE_WITH_KNOTS('',3,(#7699,#7700,#7701,#7702),
 .UNSPECIFIED.,.F.,.F.,(4,4),(0.,0.000782930060115173),.UNSPECIFIED.);
#86=B_SPLINE_CURVE_WITH_KNOTS('',3,(#7707,#7708,#7709,#7710),
 .UNSPECIFIED.,.F.,.F.,(4,4),(0.,0.000782930060115181),.UNSPECIFIED.);
#87=B_SPLINE_CURVE_WITH_KNOTS('',3,(#7714,#7715,#7716,#7717),
 .UNSPECIFIED.,.F.,.F.,(4,4),(0.,0.000782930060115152),.UNSPECIFIED.);
#88=B_SPLINE_CURVE_WITH_KNOTS('',3,(#7719,#7720,#7721,#7722),
 .UNSPECIFIED.,.F.,.F.,(4,4),(0.,0.000782930060115154),.UNSPECIFIED.);
#89=B_SPLINE_CURVE_WITH_KNOTS('',3,(#7727,#7728,#7729,#7730),
 .UNSPECIFIED.,.F.,.F.,(4,4),(0.,0.000782930060115165),.UNSPECIFIED.);
#90=B_SPLINE_CURVE_WITH_KNOTS('',3,(#7735,#7736,#7737,#7738),
 .UNSPECIFIED.,.F.,.F.,(4,4),(0.,0.000782930060115183),.UNSPECIFIED.);
#91=B_SPLINE_CURVE_WITH_KNOTS('',3,(#7846,#7847,#7848,#7849,#7850,#7851,
#7852,#7853,#7854,#7855,#7856,#7857),.UNSPECIFIED.,.F.,.F.,(4,1,1,1,1,1,
1,1,1,4),(-0.00754730390676051,-0.00582479637926084,-0.00410228885176117,
-0.0023797813242615,-0.000657273796761826,0.000203979966988009,0.00106523373073784,
0.00278774125823752,0.00451024878573719,0.00623275631323686),
 .UNSPECIFIED.);
#92=B_SPLINE_CURVE_WITH_KNOTS('',3,(#7961,#7962,#7963,#7964,#7965,#7966,
#7967,#7968,#7969,#7970,#7971,#7972,#7973,#7974,#7975),.UNSPECIFIED.,.T.,
 .F.,(1,1,1,1,1,1,1,1,1,1,1,1,1,1,1,1,1,1,1),(-0.00171057813184644,-0.000855289065923219,
-0.000427644532961609,3.12352384654238E-19,0.000427644532961609,0.000855289065923219,
0.00171057813184644,0.00256586719776966,0.00299351173073126,0.00342115626369287,
0.00384880079665448,0.00427644532961609,0.00513173439553931,0.00598702346146253,
0.00641466799442414,0.00684231252738575,0.00726995706034736,0.00769760159330897,
0.00855289065923218),.UNSPECIFIED.);
#93=B_SPLINE_CURVE_WITH_KNOTS('',3,(#8002,#8003,#8004,#8005),
 .UNSPECIFIED.,.F.,.F.,(4,4),(0.,0.000766521203859607),.UNSPECIFIED.);
#94=B_SPLINE_CURVE_WITH_KNOTS('',3,(#8009,#8010,#8011,#8012),
 .UNSPECIFIED.,.F.,.F.,(4,4),(8.95280392899217E-18,0.000766521203859612),
 .UNSPECIFIED.);
#95=B_SPLINE_CURVE_WITH_KNOTS('',3,(#8113,#8114,#8115,#8116,#8117),
 .UNSPECIFIED.,.F.,.F.,(4,1,4),(0.,0.000804540170344994,0.00160908034068999),
 .UNSPECIFIED.);
#96=B_SPLINE_CURVE_WITH_KNOTS('',3,(#8121,#8122,#8123,#8124,#8125),
 .UNSPECIFIED.,.F.,.F.,(4,1,4),(1.46764384481489E-14,0.000801329020463389,
0.0016026580409121),.UNSPECIFIED.);
#97=B_SPLINE_CURVE_WITH_KNOTS('',3,(#8128,#8129,#8130,#8131,#8132),
 .UNSPECIFIED.,.F.,.F.,(4,1,4),(0.,0.000804540170267314,0.00160908034053463),
 .UNSPECIFIED.);
#98=B_SPLINE_CURVE_WITH_KNOTS('',3,(#8136,#8137,#8138,#8139,#8140),
 .UNSPECIFIED.,.F.,.F.,(4,1,4),(1.46873148646533E-14,0.000801329020466203,
0.00160265804091772),.UNSPECIFIED.);
#99=B_SPLINE_CURVE_WITH_KNOTS('',3,(#8152,#8153,#8154,#8155,#8156),
 .UNSPECIFIED.,.F.,.F.,(4,1,4),(1.48435815152907E-14,0.000686709946911576,
0.00137341989380831),.UNSPECIFIED.);
#100=B_SPLINE_CURVE_WITH_KNOTS('',3,(#8158,#8159,#8160,#8161,#8162),
 .UNSPECIFIED.,.F.,.F.,(4,1,4),(0.,0.000686056346641983,0.00137211269328397),
 .UNSPECIFIED.);
#101=B_SPLINE_CURVE_WITH_KNOTS('',3,(#8166,#8167,#8168,#8169,#8170),
 .UNSPECIFIED.,.F.,.F.,(4,1,4),(1.48463705937372E-14,0.000686709946913525,
0.0013734198938122),.UNSPECIFIED.);
#102=B_SPLINE_CURVE_WITH_KNOTS('',3,(#8176,#8177,#8178,#8179,#8180),
 .UNSPECIFIED.,.F.,.F.,(4,1,4),(0.,0.000686056346644257,0.00137211269328851),
 .UNSPECIFIED.);
#103=B_SPLINE_CURVE_WITH_KNOTS('',3,(#8357,#8358,#8359,#8360,#8361,#8362,
#8363,#8364,#8365,#8366,#8367,#8368),.UNSPECIFIED.,.F.,.F.,(4,1,1,1,1,1,
1,1,1,4),(-0.00754730390676051,-0.00582479637926084,-0.00410228885176117,
-0.0023797813242615,-0.000657273796761826,0.000203979966988009,0.00106523373073784,
0.00278774125823752,0.00451024878573719,0.00623275631323686),
 .UNSPECIFIED.);
#104=B_SPLINE_CURVE_WITH_KNOTS('',3,(#8460,#8461,#8462,#8463,#8464,#8465,
#8466,#8467,#8468,#8469,#8470,#8471,#8472,#8473,#8474),.UNSPECIFIED.,.T.,
 .F.,(1,1,1,1,1,1,1,1,1,1,1,1,1,1,1,1,1,1,1),(-0.00171057813184644,-0.000855289065923219,
-0.000427644532961609,3.12352384654238E-19,0.000427644532961609,0.000855289065923219,
0.00171057813184644,0.00256586719776966,0.00299351173073126,0.00342115626369287,
0.00384880079665448,0.00427644532961609,0.00513173439553931,0.00598702346146253,
0.00641466799442414,0.00684231252738575,0.00726995706034736,0.00769760159330897,
0.00855289065923218),.UNSPECIFIED.);
#105=B_SPLINE_CURVE_WITH_KNOTS('',3,(#8501,#8502,#8503,#8504),
 .UNSPECIFIED.,.F.,.F.,(4,4),(0.,0.000766521203859607),.UNSPECIFIED.);
#106=B_SPLINE_CURVE_WITH_KNOTS('',3,(#8508,#8509,#8510,#8511),
 .UNSPECIFIED.,.F.,.F.,(4,4),(8.95280392899217E-18,0.000766521203859612),
 .UNSPECIFIED.);
#107=ELLIPSE('',#5121,0.00245533681619938,0.001);
#108=ELLIPSE('',#5123,0.00245533681619937,0.001);
#109=ELLIPSE('',#5139,0.00360555127546399,0.003);
#110=ELLIPSE('',#5140,0.00324717660087718,0.003);
#111=ELLIPSE('',#5145,0.00424264068711928,0.003);
#112=ELLIPSE('',#5181,0.0025070372352644,0.001);
#113=ELLIPSE('',#5183,0.0025070372352644,0.001);
#114=ELLIPSE('',#5184,0.00180277563773199,0.001);
#115=ELLIPSE('',#5215,0.00141421356237309,0.001);
#116=ELLIPSE('',#5221,0.00108627621272575,0.001);
#117=ELLIPSE('',#5225,0.00107861432286096,0.001);
#118=ELLIPSE('',#5229,0.00107861432286096,0.001);
#119=ELLIPSE('',#5233,0.00108627621272575,0.001);
#120=ELLIPSE('',#5329,0.00388908729652601,0.00275);
#121=ELLIPSE('',#5405,0.00141421356237297,0.00099999999999991);
#122=ELLIPSE('',#5407,0.00141421356237341,0.00100000000000022);
#123=ELLIPSE('',#5440,0.00388908729652601,0.00275);
#124=CYLINDRICAL_SURFACE('',#5087,0.001);
#125=CYLINDRICAL_SURFACE('',#5090,0.001);
#126=CYLINDRICAL_SURFACE('',#5093,0.001);
#127=CYLINDRICAL_SURFACE('',#5098,0.003);
#128=CYLINDRICAL_SURFACE('',#5127,0.011);
#129=CYLINDRICAL_SURFACE('',#5138,0.003);
#130=CYLINDRICAL_SURFACE('',#5141,0.009);
#131=CYLINDRICAL_SURFACE('',#5158,0.002);
#132=CYLINDRICAL_SURFACE('',#5159,0.002);
#133=CYLINDRICAL_SURFACE('',#5175,0.003);
#134=CYLINDRICAL_SURFACE('',#5176,0.003);
#135=CYLINDRICAL_SURFACE('',#5178,0.001);
#136=CYLINDRICAL_SURFACE('',#5179,0.001);
#137=CYLINDRICAL_SURFACE('',#5185,0.001);
#138=CYLINDRICAL_SURFACE('',#5190,0.001);
#139=CYLINDRICAL_SURFACE('',#5192,0.001);
#140=CYLINDRICAL_SURFACE('',#5194,0.001);
#141=CYLINDRICAL_SURFACE('',#5196,0.001);
#142=CYLINDRICAL_SURFACE('',#5200,0.001);
#143=CYLINDRICAL_SURFACE('',#5204,0.001);
#144=CYLINDRICAL_SURFACE('',#5206,0.001);
#145=CYLINDRICAL_SURFACE('',#5208,0.001);
#146=CYLINDRICAL_SURFACE('',#5214,0.001);
#147=CYLINDRICAL_SURFACE('',#5216,0.001);
#148=CYLINDRICAL_SURFACE('',#5218,0.001);
#149=CYLINDRICAL_SURFACE('',#5220,0.001);
#150=CYLINDRICAL_SURFACE('',#5224,0.001);
#151=CYLINDRICAL_SURFACE('',#5226,0.001);
#152=CYLINDRICAL_SURFACE('',#5228,0.001);
#153=CYLINDRICAL_SURFACE('',#5232,0.001);
#154=CYLINDRICAL_SURFACE('',#5235,0.001);
#155=CYLINDRICAL_SURFACE('',#5236,0.001);
#156=CYLINDRICAL_SURFACE('',#5239,0.001);
#157=CYLINDRICAL_SURFACE('',#5243,0.00100000000000001);
#158=CYLINDRICAL_SURFACE('',#5247,0.000999999999999987);
#159=CYLINDRICAL_SURFACE('',#5251,0.001);
#160=CYLINDRICAL_SURFACE('',#5255,0.00305);
#161=CYLINDRICAL_SURFACE('',#5259,0.00305);
#162=CYLINDRICAL_SURFACE('',#5263,0.00305);
#163=CYLINDRICAL_SURFACE('',#5267,0.00305);
#164=CYLINDRICAL_SURFACE('',#5271,0.0008);
#165=CYLINDRICAL_SURFACE('',#5273,0.0008);
#166=CYLINDRICAL_SURFACE('',#5339,0.00305);
#167=CYLINDRICAL_SURFACE('',#5343,0.00305);
#168=CYLINDRICAL_SURFACE('',#5351,0.0017);
#169=CYLINDRICAL_SURFACE('',#5356,0.00275);
#170=CYLINDRICAL_SURFACE('',#5357,0.0017);
#171=CYLINDRICAL_SURFACE('',#5362,0.00275);
#172=CYLINDRICAL_SURFACE('',#5365,0.001);
#173=CYLINDRICAL_SURFACE('',#5369,0.001);
#174=CYLINDRICAL_SURFACE('',#5375,0.0009);
#175=CYLINDRICAL_SURFACE('',#5378,0.0065);
#176=CYLINDRICAL_SURFACE('',#5415,0.00099999999999991);
#177=CYLINDRICAL_SURFACE('',#5416,0.00100000000000022);
#178=CYLINDRICAL_SURFACE('',#5431,0.0011);
#179=CYLINDRICAL_SURFACE('',#5432,0.0011);
#180=CYLINDRICAL_SURFACE('',#5450,0.00305);
#181=CYLINDRICAL_SURFACE('',#5454,0.00305);
#182=CYLINDRICAL_SURFACE('',#5462,0.0017);
#183=CYLINDRICAL_SURFACE('',#5467,0.00275);
#184=CYLINDRICAL_SURFACE('',#5468,0.0017);
#185=CYLINDRICAL_SURFACE('',#5473,0.00275);
#186=CYLINDRICAL_SURFACE('',#5474,0.001);
#187=CYLINDRICAL_SURFACE('',#5478,0.001);
#188=CYLINDRICAL_SURFACE('',#5486,0.0009);
#189=CYLINDRICAL_SURFACE('',#5489,0.0065);
#190=CIRCLE('',#5068,0.002);
#191=CIRCLE('',#5069,0.001);
#192=CIRCLE('',#5070,0.001);
#193=CIRCLE('',#5074,0.0013);
#194=CIRCLE('',#5075,0.0013);
#195=CIRCLE('',#5076,0.001);
#196=CIRCLE('',#5077,0.001);
#197=CIRCLE('',#5078,0.001);
#198=CIRCLE('',#5079,0.001);
#199=CIRCLE('',#5088,0.001);
#200=CIRCLE('',#5089,0.001);
#201=CIRCLE('',#5091,0.001);
#202=CIRCLE('',#5092,0.001);
#203=CIRCLE('',#5094,0.001);
#204=CIRCLE('',#5095,0.001);
#205=CIRCLE('',#5099,0.003);
#206=CIRCLE('',#5100,0.003);
#207=CIRCLE('',#5104,0.0015);
#208=CIRCLE('',#5105,0.00355);
#209=CIRCLE('',#5106,0.00355);
#210=CIRCLE('',#5107,0.00149999999999999);
#211=CIRCLE('',#5108,0.0015);
#212=CIRCLE('',#5109,0.00355);
#213=CIRCLE('',#5110,0.00355);
#214=CIRCLE('',#5111,0.0015);
#215=CIRCLE('',#5112,0.0008);
#216=CIRCLE('',#5113,0.0008);
#217=CIRCLE('',#5114,0.002);
#218=CIRCLE('',#5115,0.001);
#219=CIRCLE('',#5116,0.009);
#220=CIRCLE('',#5117,0.001);
#221=CIRCLE('',#5118,0.002);
#222=CIRCLE('',#5128,0.011);
#223=CIRCLE('',#5129,0.011);
#224=CIRCLE('',#5133,0.002);
#225=CIRCLE('',#5134,0.002);
#226=CIRCLE('',#5135,0.002);
#227=CIRCLE('',#5136,0.002);
#228=CIRCLE('',#5137,0.012);
#229=CIRCLE('',#5142,0.009);
#230=CIRCLE('',#5146,0.008);
#231=CIRCLE('',#5147,0.002);
#232=CIRCLE('',#5172,0.001);
#233=CIRCLE('',#5173,0.001);
#234=CIRCLE('',#5177,0.003);
#235=CIRCLE('',#5186,0.001);
#236=CIRCLE('',#5188,0.001);
#237=CIRCLE('',#5189,0.001);
#238=CIRCLE('',#5191,0.001);
#239=CIRCLE('',#5193,0.001);
#240=CIRCLE('',#5195,0.001);
#241=CIRCLE('',#5197,0.001);
#242=CIRCLE('',#5199,0.001);
#243=CIRCLE('',#5201,0.001);
#244=CIRCLE('',#5203,0.001);
#245=CIRCLE('',#5205,0.001);
#246=CIRCLE('',#5207,0.001);
#247=CIRCLE('',#5209,0.001);
#248=CIRCLE('',#5211,0.001);
#249=CIRCLE('',#5213,0.001);
#250=CIRCLE('',#5217,0.001);
#251=CIRCLE('',#5219,0.001);
#252=CIRCLE('',#5223,0.001);
#253=CIRCLE('',#5227,0.001);
#254=CIRCLE('',#5231,0.001);
#255=CIRCLE('',#5237,0.001);
#256=CIRCLE('',#5238,0.001);
#257=CIRCLE('',#5240,0.001);
#258=CIRCLE('',#5241,0.001);
#259=CIRCLE('',#5244,0.00100000000000001);
#260=CIRCLE('',#5245,0.00100000000000001);
#261=CIRCLE('',#5248,0.000999999999999987);
#262=CIRCLE('',#5249,0.000999999999999987);
#263=CIRCLE('',#5252,0.001);
#264=CIRCLE('',#5253,0.001);
#265=CIRCLE('',#5256,0.00305);
#266=CIRCLE('',#5257,0.00305);
#267=CIRCLE('',#5260,0.00305);
#268=CIRCLE('',#5261,0.00305);
#269=CIRCLE('',#5264,0.00305);
#270=CIRCLE('',#5265,0.00305);
#271=CIRCLE('',#5268,0.00305);
#272=CIRCLE('',#5269,0.00305);
#273=CIRCLE('',#5272,0.0008);
#274=CIRCLE('',#5274,0.0008);
#275=CIRCLE('',#5331,0.007);
#276=CIRCLE('',#5332,0.0015);
#277=CIRCLE('',#5333,0.0015);
#278=CIRCLE('',#5334,0.0022);
#279=CIRCLE('',#5335,0.0022);
#280=CIRCLE('',#5340,0.00305);
#281=CIRCLE('',#5341,0.00305);
#282=CIRCLE('',#5344,0.00305);
#283=CIRCLE('',#5345,0.00305);
#284=CIRCLE('',#5347,0.00275);
#285=CIRCLE('',#5348,0.00355);
#286=CIRCLE('',#5349,0.00355);
#287=CIRCLE('',#5350,0.00275);
#288=CIRCLE('',#5352,0.0017);
#289=CIRCLE('',#5353,0.0017);
#290=CIRCLE('',#5355,0.00275);
#291=CIRCLE('',#5358,0.0017);
#292=CIRCLE('',#5359,0.0017);
#293=CIRCLE('',#5361,0.00275);
#294=CIRCLE('',#5364,0.001);
#295=CIRCLE('',#5366,0.001);
#296=CIRCLE('',#5368,0.001);
#297=CIRCLE('',#5370,0.001);
#298=CIRCLE('',#5376,0.0009);
#299=CIRCLE('',#5379,0.0065);
#300=CIRCLE('',#5380,0.0065);
#301=CIRCLE('',#5410,0.00100000000000009);
#302=CIRCLE('',#5411,0.00100000000000065);
#303=CIRCLE('',#5423,0.0011);
#304=CIRCLE('',#5425,0.0011);
#305=CIRCLE('',#5426,0.0011);
#306=CIRCLE('',#5428,0.0011);
#307=CIRCLE('',#5442,0.007);
#308=CIRCLE('',#5443,0.0015);
#309=CIRCLE('',#5444,0.0015);
#310=CIRCLE('',#5445,0.0022);
#311=CIRCLE('',#5446,0.0022);
#312=CIRCLE('',#5451,0.00305);
#313=CIRCLE('',#5452,0.00305);
#314=CIRCLE('',#5455,0.00305);
#315=CIRCLE('',#5456,0.00305);
#316=CIRCLE('',#5458,0.00275);
#317=CIRCLE('',#5459,0.00355);
#318=CIRCLE('',#5460,0.00355);
#319=CIRCLE('',#5461,0.00275);
#320=CIRCLE('',#5463,0.0017);
#321=CIRCLE('',#5464,0.0017);
#322=CIRCLE('',#5466,0.00275);
#323=CIRCLE('',#5469,0.0017);
#324=CIRCLE('',#5470,0.0017);
#325=CIRCLE('',#5472,0.00275);
#326=CIRCLE('',#5475,0.001);
#327=CIRCLE('',#5476,0.001);
#328=CIRCLE('',#5479,0.001);
#329=CIRCLE('',#5480,0.001);
#330=CIRCLE('',#5487,0.0009);
#331=CIRCLE('',#5490,0.0065);
#332=CIRCLE('',#5491,0.0065);
#333=ORIENTED_EDGE('',*,*,#1705,.F.);
#334=ORIENTED_EDGE('',*,*,#1706,.T.);
#335=ORIENTED_EDGE('',*,*,#1707,.F.);
#336=ORIENTED_EDGE('',*,*,#1708,.F.);
#337=ORIENTED_EDGE('',*,*,#1709,.T.);
#338=ORIENTED_EDGE('',*,*,#1710,.F.);
#339=ORIENTED_EDGE('',*,*,#1711,.T.);
#340=ORIENTED_EDGE('',*,*,#1712,.T.);
#341=ORIENTED_EDGE('',*,*,#1713,.T.);
#342=ORIENTED_EDGE('',*,*,#1714,.T.);
#343=ORIENTED_EDGE('',*,*,#1715,.T.);
#344=ORIENTED_EDGE('',*,*,#1716,.T.);
#345=ORIENTED_EDGE('',*,*,#1717,.T.);
#346=ORIENTED_EDGE('',*,*,#1718,.T.);
#347=ORIENTED_EDGE('',*,*,#1712,.F.);
#348=ORIENTED_EDGE('',*,*,#1719,.T.);
#349=ORIENTED_EDGE('',*,*,#1720,.F.);
#350=ORIENTED_EDGE('',*,*,#1721,.T.);
#351=ORIENTED_EDGE('',*,*,#1722,.T.);
#352=ORIENTED_EDGE('',*,*,#1723,.T.);
#353=ORIENTED_EDGE('',*,*,#1724,.T.);
#354=ORIENTED_EDGE('',*,*,#1725,.T.);
#355=ORIENTED_EDGE('',*,*,#1726,.T.);
#356=ORIENTED_EDGE('',*,*,#1727,.T.);
#357=ORIENTED_EDGE('',*,*,#1728,.T.);
#358=ORIENTED_EDGE('',*,*,#1729,.T.);
#359=ORIENTED_EDGE('',*,*,#1730,.F.);
#360=ORIENTED_EDGE('',*,*,#1731,.T.);
#361=ORIENTED_EDGE('',*,*,#1732,.T.);
#362=ORIENTED_EDGE('',*,*,#1733,.T.);
#363=ORIENTED_EDGE('',*,*,#1734,.T.);
#364=ORIENTED_EDGE('',*,*,#1735,.T.);
#365=ORIENTED_EDGE('',*,*,#1736,.F.);
#366=ORIENTED_EDGE('',*,*,#1737,.F.);
#367=ORIENTED_EDGE('',*,*,#1738,.F.);
#368=ORIENTED_EDGE('',*,*,#1739,.T.);
#369=ORIENTED_EDGE('',*,*,#1740,.T.);
#370=ORIENTED_EDGE('',*,*,#1741,.T.);
#371=ORIENTED_EDGE('',*,*,#1721,.F.);
#372=ORIENTED_EDGE('',*,*,#1742,.T.);
#373=ORIENTED_EDGE('',*,*,#1743,.F.);
#374=ORIENTED_EDGE('',*,*,#1744,.T.);
#375=ORIENTED_EDGE('',*,*,#1745,.T.);
#376=ORIENTED_EDGE('',*,*,#1746,.T.);
#377=ORIENTED_EDGE('',*,*,#1728,.F.);
#378=ORIENTED_EDGE('',*,*,#1747,.F.);
#379=ORIENTED_EDGE('',*,*,#1748,.F.);
#380=ORIENTED_EDGE('',*,*,#1749,.T.);
#381=ORIENTED_EDGE('',*,*,#1750,.F.);
#382=ORIENTED_EDGE('',*,*,#1751,.T.);
#383=ORIENTED_EDGE('',*,*,#1752,.F.);
#384=ORIENTED_EDGE('',*,*,#1753,.T.);
#385=ORIENTED_EDGE('',*,*,#1754,.T.);
#386=ORIENTED_EDGE('',*,*,#1755,.T.);
#387=ORIENTED_EDGE('',*,*,#1756,.F.);
#388=ORIENTED_EDGE('',*,*,#1757,.T.);
#389=ORIENTED_EDGE('',*,*,#1758,.F.);
#390=ORIENTED_EDGE('',*,*,#1759,.F.);
#391=ORIENTED_EDGE('',*,*,#1760,.T.);
#392=ORIENTED_EDGE('',*,*,#1761,.T.);
#393=ORIENTED_EDGE('',*,*,#1762,.F.);
#394=ORIENTED_EDGE('',*,*,#1763,.F.);
#395=ORIENTED_EDGE('',*,*,#1764,.F.);
#396=ORIENTED_EDGE('',*,*,#1765,.F.);
#397=ORIENTED_EDGE('',*,*,#1766,.F.);
#398=ORIENTED_EDGE('',*,*,#1767,.T.);
#399=ORIENTED_EDGE('',*,*,#1768,.T.);
#400=ORIENTED_EDGE('',*,*,#1769,.F.);
#401=ORIENTED_EDGE('',*,*,#1770,.F.);
#402=ORIENTED_EDGE('',*,*,#1771,.T.);
#403=ORIENTED_EDGE('',*,*,#1772,.T.);
#404=ORIENTED_EDGE('',*,*,#1773,.T.);
#405=ORIENTED_EDGE('',*,*,#1774,.F.);
#406=ORIENTED_EDGE('',*,*,#1775,.F.);
#407=ORIENTED_EDGE('',*,*,#1776,.T.);
#408=ORIENTED_EDGE('',*,*,#1777,.F.);
#409=ORIENTED_EDGE('',*,*,#1778,.F.);
#410=ORIENTED_EDGE('',*,*,#1779,.F.);
#411=ORIENTED_EDGE('',*,*,#1780,.F.);
#412=ORIENTED_EDGE('',*,*,#1781,.T.);
#413=ORIENTED_EDGE('',*,*,#1782,.T.);
#414=ORIENTED_EDGE('',*,*,#1783,.F.);
#415=ORIENTED_EDGE('',*,*,#1784,.F.);
#416=ORIENTED_EDGE('',*,*,#1785,.T.);
#417=ORIENTED_EDGE('',*,*,#1786,.T.);
#418=ORIENTED_EDGE('',*,*,#1787,.T.);
#419=ORIENTED_EDGE('',*,*,#1788,.F.);
#420=ORIENTED_EDGE('',*,*,#1789,.F.);
#421=ORIENTED_EDGE('',*,*,#1790,.T.);
#422=ORIENTED_EDGE('',*,*,#1791,.F.);
#423=ORIENTED_EDGE('',*,*,#1792,.F.);
#424=ORIENTED_EDGE('',*,*,#1793,.F.);
#425=ORIENTED_EDGE('',*,*,#1794,.F.);
#426=ORIENTED_EDGE('',*,*,#1795,.T.);
#427=ORIENTED_EDGE('',*,*,#1796,.T.);
#428=ORIENTED_EDGE('',*,*,#1797,.F.);
#429=ORIENTED_EDGE('',*,*,#1798,.F.);
#430=ORIENTED_EDGE('',*,*,#1799,.T.);
#431=ORIENTED_EDGE('',*,*,#1800,.T.);
#432=ORIENTED_EDGE('',*,*,#1801,.T.);
#433=ORIENTED_EDGE('',*,*,#1802,.F.);
#434=ORIENTED_EDGE('',*,*,#1803,.F.);
#435=ORIENTED_EDGE('',*,*,#1804,.T.);
#436=ORIENTED_EDGE('',*,*,#1765,.T.);
#437=ORIENTED_EDGE('',*,*,#1805,.T.);
#438=ORIENTED_EDGE('',*,*,#1776,.F.);
#439=ORIENTED_EDGE('',*,*,#1806,.T.);
#440=ORIENTED_EDGE('',*,*,#1779,.T.);
#441=ORIENTED_EDGE('',*,*,#1807,.T.);
#442=ORIENTED_EDGE('',*,*,#1790,.F.);
#443=ORIENTED_EDGE('',*,*,#1808,.T.);
#444=ORIENTED_EDGE('',*,*,#1793,.T.);
#445=ORIENTED_EDGE('',*,*,#1809,.T.);
#446=ORIENTED_EDGE('',*,*,#1804,.F.);
#447=ORIENTED_EDGE('',*,*,#1810,.T.);
#448=ORIENTED_EDGE('',*,*,#1811,.F.);
#449=ORIENTED_EDGE('',*,*,#1812,.T.);
#450=ORIENTED_EDGE('',*,*,#1737,.T.);
#451=ORIENTED_EDGE('',*,*,#1813,.F.);
#452=ORIENTED_EDGE('',*,*,#1814,.F.);
#453=ORIENTED_EDGE('',*,*,#1815,.T.);
#454=ORIENTED_EDGE('',*,*,#1816,.T.);
#455=ORIENTED_EDGE('',*,*,#1739,.F.);
#456=ORIENTED_EDGE('',*,*,#1817,.F.);
#457=ORIENTED_EDGE('',*,*,#1811,.T.);
#458=ORIENTED_EDGE('',*,*,#1818,.T.);
#459=ORIENTED_EDGE('',*,*,#1815,.F.);
#460=ORIENTED_EDGE('',*,*,#1707,.T.);
#461=ORIENTED_EDGE('',*,*,#1819,.T.);
#462=ORIENTED_EDGE('',*,*,#1820,.F.);
#463=ORIENTED_EDGE('',*,*,#1821,.T.);
#464=ORIENTED_EDGE('',*,*,#1822,.T.);
#465=ORIENTED_EDGE('',*,*,#1823,.F.);
#466=ORIENTED_EDGE('',*,*,#1822,.F.);
#467=ORIENTED_EDGE('',*,*,#1824,.T.);
#468=ORIENTED_EDGE('',*,*,#1825,.F.);
#469=ORIENTED_EDGE('',*,*,#1826,.F.);
#470=ORIENTED_EDGE('',*,*,#1827,.T.);
#471=ORIENTED_EDGE('',*,*,#1828,.T.);
#472=ORIENTED_EDGE('',*,*,#1829,.T.);
#473=ORIENTED_EDGE('',*,*,#1830,.T.);
#474=ORIENTED_EDGE('',*,*,#1831,.T.);
#475=ORIENTED_EDGE('',*,*,#1832,.T.);
#476=ORIENTED_EDGE('',*,*,#1833,.T.);
#477=ORIENTED_EDGE('',*,*,#1834,.T.);
#478=ORIENTED_EDGE('',*,*,#1835,.T.);
#479=ORIENTED_EDGE('',*,*,#1836,.T.);
#480=ORIENTED_EDGE('',*,*,#1837,.T.);
#481=ORIENTED_EDGE('',*,*,#1838,.T.);
#482=ORIENTED_EDGE('',*,*,#1839,.T.);
#483=ORIENTED_EDGE('',*,*,#1840,.T.);
#484=ORIENTED_EDGE('',*,*,#1841,.T.);
#485=ORIENTED_EDGE('',*,*,#1842,.T.);
#486=ORIENTED_EDGE('',*,*,#1843,.F.);
#487=ORIENTED_EDGE('',*,*,#1844,.F.);
#488=ORIENTED_EDGE('',*,*,#1825,.T.);
#489=ORIENTED_EDGE('',*,*,#1845,.T.);
#490=ORIENTED_EDGE('',*,*,#1846,.T.);
#491=ORIENTED_EDGE('',*,*,#1847,.T.);
#492=ORIENTED_EDGE('',*,*,#1848,.T.);
#493=ORIENTED_EDGE('',*,*,#1849,.T.);
#494=ORIENTED_EDGE('',*,*,#1850,.T.);
#495=ORIENTED_EDGE('',*,*,#1851,.T.);
#496=ORIENTED_EDGE('',*,*,#1852,.T.);
#497=ORIENTED_EDGE('',*,*,#1853,.F.);
#498=ORIENTED_EDGE('',*,*,#1854,.F.);
#499=ORIENTED_EDGE('',*,*,#1855,.T.);
#500=ORIENTED_EDGE('',*,*,#1856,.T.);
#501=ORIENTED_EDGE('',*,*,#1857,.T.);
#502=ORIENTED_EDGE('',*,*,#1858,.T.);
#503=ORIENTED_EDGE('',*,*,#1734,.F.);
#504=ORIENTED_EDGE('',*,*,#1859,.T.);
#505=ORIENTED_EDGE('',*,*,#1860,.T.);
#506=ORIENTED_EDGE('',*,*,#1861,.T.);
#507=ORIENTED_EDGE('',*,*,#1730,.T.);
#508=ORIENTED_EDGE('',*,*,#1862,.T.);
#509=ORIENTED_EDGE('',*,*,#1863,.T.);
#510=ORIENTED_EDGE('',*,*,#1864,.T.);
#511=ORIENTED_EDGE('',*,*,#1865,.T.);
#512=ORIENTED_EDGE('',*,*,#1866,.T.);
#513=ORIENTED_EDGE('',*,*,#1867,.T.);
#514=ORIENTED_EDGE('',*,*,#1868,.F.);
#515=ORIENTED_EDGE('',*,*,#1869,.T.);
#516=ORIENTED_EDGE('',*,*,#1870,.T.);
#517=ORIENTED_EDGE('',*,*,#1871,.T.);
#518=ORIENTED_EDGE('',*,*,#1872,.F.);
#519=ORIENTED_EDGE('',*,*,#1873,.T.);
#520=ORIENTED_EDGE('',*,*,#1874,.T.);
#521=ORIENTED_EDGE('',*,*,#1875,.T.);
#522=ORIENTED_EDGE('',*,*,#1876,.T.);
#523=ORIENTED_EDGE('',*,*,#1877,.T.);
#524=ORIENTED_EDGE('',*,*,#1878,.F.);
#525=ORIENTED_EDGE('',*,*,#1879,.F.);
#526=ORIENTED_EDGE('',*,*,#1880,.T.);
#527=ORIENTED_EDGE('',*,*,#1881,.T.);
#528=ORIENTED_EDGE('',*,*,#1882,.F.);
#529=ORIENTED_EDGE('',*,*,#1883,.F.);
#530=ORIENTED_EDGE('',*,*,#1884,.F.);
#531=ORIENTED_EDGE('',*,*,#1885,.T.);
#532=ORIENTED_EDGE('',*,*,#1886,.T.);
#533=ORIENTED_EDGE('',*,*,#1887,.F.);
#534=ORIENTED_EDGE('',*,*,#1888,.T.);
#535=ORIENTED_EDGE('',*,*,#1889,.T.);
#536=ORIENTED_EDGE('',*,*,#1890,.T.);
#537=ORIENTED_EDGE('',*,*,#1891,.T.);
#538=ORIENTED_EDGE('',*,*,#1748,.T.);
#539=ORIENTED_EDGE('',*,*,#1878,.T.);
#540=ORIENTED_EDGE('',*,*,#1892,.T.);
#541=ORIENTED_EDGE('',*,*,#1884,.T.);
#542=ORIENTED_EDGE('',*,*,#1893,.F.);
#543=ORIENTED_EDGE('',*,*,#1894,.T.);
#544=ORIENTED_EDGE('',*,*,#1879,.T.);
#545=ORIENTED_EDGE('',*,*,#1895,.T.);
#546=ORIENTED_EDGE('',*,*,#1896,.T.);
#547=ORIENTED_EDGE('',*,*,#1897,.T.);
#548=ORIENTED_EDGE('',*,*,#1898,.T.);
#549=ORIENTED_EDGE('',*,*,#1899,.T.);
#550=ORIENTED_EDGE('',*,*,#1900,.T.);
#551=ORIENTED_EDGE('',*,*,#1901,.F.);
#552=ORIENTED_EDGE('',*,*,#1902,.T.);
#553=ORIENTED_EDGE('',*,*,#1903,.T.);
#554=ORIENTED_EDGE('',*,*,#1904,.T.);
#555=ORIENTED_EDGE('',*,*,#1905,.F.);
#556=ORIENTED_EDGE('',*,*,#1894,.F.);
#557=ORIENTED_EDGE('',*,*,#1906,.F.);
#558=ORIENTED_EDGE('',*,*,#1907,.T.);
#559=ORIENTED_EDGE('',*,*,#1908,.T.);
#560=ORIENTED_EDGE('',*,*,#1909,.T.);
#561=ORIENTED_EDGE('',*,*,#1910,.T.);
#562=ORIENTED_EDGE('',*,*,#1911,.T.);
#563=ORIENTED_EDGE('',*,*,#1912,.T.);
#564=ORIENTED_EDGE('',*,*,#1913,.F.);
#565=ORIENTED_EDGE('',*,*,#1914,.T.);
#566=ORIENTED_EDGE('',*,*,#1915,.T.);
#567=ORIENTED_EDGE('',*,*,#1916,.T.);
#568=ORIENTED_EDGE('',*,*,#1917,.F.);
#569=ORIENTED_EDGE('',*,*,#1918,.T.);
#570=ORIENTED_EDGE('',*,*,#1919,.F.);
#571=ORIENTED_EDGE('',*,*,#1920,.T.);
#572=ORIENTED_EDGE('',*,*,#1921,.T.);
#573=ORIENTED_EDGE('',*,*,#1922,.T.);
#574=ORIENTED_EDGE('',*,*,#1923,.T.);
#575=ORIENTED_EDGE('',*,*,#1924,.T.);
#576=ORIENTED_EDGE('',*,*,#1925,.F.);
#577=ORIENTED_EDGE('',*,*,#1926,.T.);
#578=ORIENTED_EDGE('',*,*,#1897,.F.);
#579=ORIENTED_EDGE('',*,*,#1927,.F.);
#580=ORIENTED_EDGE('',*,*,#1928,.F.);
#581=ORIENTED_EDGE('',*,*,#1929,.T.);
#582=ORIENTED_EDGE('',*,*,#1930,.T.);
#583=ORIENTED_EDGE('',*,*,#1860,.F.);
#584=ORIENTED_EDGE('',*,*,#1931,.T.);
#585=ORIENTED_EDGE('',*,*,#1932,.F.);
#586=ORIENTED_EDGE('',*,*,#1933,.T.);
#587=ORIENTED_EDGE('',*,*,#1710,.T.);
#588=ORIENTED_EDGE('',*,*,#1934,.T.);
#589=ORIENTED_EDGE('',*,*,#1865,.F.);
#590=ORIENTED_EDGE('',*,*,#1935,.F.);
#591=ORIENTED_EDGE('',*,*,#1743,.T.);
#592=ORIENTED_EDGE('',*,*,#1936,.T.);
#593=ORIENTED_EDGE('',*,*,#1937,.T.);
#594=ORIENTED_EDGE('',*,*,#1938,.T.);
#595=ORIENTED_EDGE('',*,*,#1939,.T.);
#596=ORIENTED_EDGE('',*,*,#1940,.F.);
#597=ORIENTED_EDGE('',*,*,#1941,.F.);
#598=ORIENTED_EDGE('',*,*,#1942,.T.);
#599=ORIENTED_EDGE('',*,*,#1943,.T.);
#600=ORIENTED_EDGE('',*,*,#1944,.T.);
#601=ORIENTED_EDGE('',*,*,#1887,.T.);
#602=ORIENTED_EDGE('',*,*,#1945,.T.);
#603=ORIENTED_EDGE('',*,*,#1725,.F.);
#604=ORIENTED_EDGE('',*,*,#1816,.F.);
#605=ORIENTED_EDGE('',*,*,#1818,.F.);
#606=ORIENTED_EDGE('',*,*,#1813,.T.);
#607=ORIENTED_EDGE('',*,*,#1736,.T.);
#608=ORIENTED_EDGE('',*,*,#1946,.T.);
#609=ORIENTED_EDGE('',*,*,#1947,.F.);
#610=ORIENTED_EDGE('',*,*,#1948,.F.);
#611=ORIENTED_EDGE('',*,*,#1906,.T.);
#612=ORIENTED_EDGE('',*,*,#1896,.F.);
#613=ORIENTED_EDGE('',*,*,#1949,.T.);
#614=ORIENTED_EDGE('',*,*,#1950,.F.);
#615=ORIENTED_EDGE('',*,*,#1904,.F.);
#616=ORIENTED_EDGE('',*,*,#1951,.F.);
#617=ORIENTED_EDGE('',*,*,#1952,.T.);
#618=ORIENTED_EDGE('',*,*,#1953,.T.);
#619=ORIENTED_EDGE('',*,*,#1954,.F.);
#620=ORIENTED_EDGE('',*,*,#1955,.T.);
#621=ORIENTED_EDGE('',*,*,#1956,.F.);
#622=ORIENTED_EDGE('',*,*,#1947,.T.);
#623=ORIENTED_EDGE('',*,*,#1957,.T.);
#624=ORIENTED_EDGE('',*,*,#1857,.F.);
#625=ORIENTED_EDGE('',*,*,#1958,.T.);
#626=ORIENTED_EDGE('',*,*,#1959,.F.);
#627=ORIENTED_EDGE('',*,*,#1960,.T.);
#628=ORIENTED_EDGE('',*,*,#1961,.T.);
#629=ORIENTED_EDGE('',*,*,#1936,.F.);
#630=ORIENTED_EDGE('',*,*,#1959,.T.);
#631=ORIENTED_EDGE('',*,*,#1962,.T.);
#632=ORIENTED_EDGE('',*,*,#1963,.T.);
#633=ORIENTED_EDGE('',*,*,#1964,.T.);
#634=ORIENTED_EDGE('',*,*,#1965,.T.);
#635=ORIENTED_EDGE('',*,*,#1966,.T.);
#636=ORIENTED_EDGE('',*,*,#1967,.T.);
#637=ORIENTED_EDGE('',*,*,#1952,.F.);
#638=ORIENTED_EDGE('',*,*,#1968,.T.);
#639=ORIENTED_EDGE('',*,*,#1938,.F.);
#640=ORIENTED_EDGE('',*,*,#1969,.T.);
#641=ORIENTED_EDGE('',*,*,#1970,.T.);
#642=ORIENTED_EDGE('',*,*,#1971,.T.);
#643=ORIENTED_EDGE('',*,*,#1972,.T.);
#644=ORIENTED_EDGE('',*,*,#1973,.T.);
#645=ORIENTED_EDGE('',*,*,#1974,.T.);
#646=ORIENTED_EDGE('',*,*,#1975,.T.);
#647=ORIENTED_EDGE('',*,*,#1976,.T.);
#648=ORIENTED_EDGE('',*,*,#1977,.T.);
#649=ORIENTED_EDGE('',*,*,#1705,.T.);
#650=ORIENTED_EDGE('',*,*,#1978,.T.);
#651=ORIENTED_EDGE('',*,*,#1956,.T.);
#652=ORIENTED_EDGE('',*,*,#1979,.T.);
#653=ORIENTED_EDGE('',*,*,#1867,.F.);
#654=ORIENTED_EDGE('',*,*,#1980,.T.);
#655=ORIENTED_EDGE('',*,*,#1708,.T.);
#656=ORIENTED_EDGE('',*,*,#1823,.T.);
#657=ORIENTED_EDGE('',*,*,#1826,.T.);
#658=ORIENTED_EDGE('',*,*,#1974,.F.);
#659=ORIENTED_EDGE('',*,*,#1981,.T.);
#660=ORIENTED_EDGE('',*,*,#1954,.T.);
#661=ORIENTED_EDGE('',*,*,#1982,.T.);
#662=ORIENTED_EDGE('',*,*,#1973,.F.);
#663=ORIENTED_EDGE('',*,*,#1983,.T.);
#664=ORIENTED_EDGE('',*,*,#1984,.T.);
#665=ORIENTED_EDGE('',*,*,#1979,.F.);
#666=ORIENTED_EDGE('',*,*,#1955,.F.);
#667=ORIENTED_EDGE('',*,*,#1981,.F.);
#668=ORIENTED_EDGE('',*,*,#1967,.F.);
#669=ORIENTED_EDGE('',*,*,#1985,.T.);
#670=ORIENTED_EDGE('',*,*,#1986,.T.);
#671=ORIENTED_EDGE('',*,*,#1969,.F.);
#672=ORIENTED_EDGE('',*,*,#1982,.F.);
#673=ORIENTED_EDGE('',*,*,#1953,.F.);
#674=ORIENTED_EDGE('',*,*,#1946,.F.);
#675=ORIENTED_EDGE('',*,*,#1735,.F.);
#676=ORIENTED_EDGE('',*,*,#1858,.F.);
#677=ORIENTED_EDGE('',*,*,#1957,.F.);
#678=ORIENTED_EDGE('',*,*,#1709,.F.);
#679=ORIENTED_EDGE('',*,*,#1980,.F.);
#680=ORIENTED_EDGE('',*,*,#1866,.F.);
#681=ORIENTED_EDGE('',*,*,#1934,.F.);
#682=ORIENTED_EDGE('',*,*,#1987,.F.);
#683=ORIENTED_EDGE('',*,*,#1928,.T.);
#684=ORIENTED_EDGE('',*,*,#1988,.T.);
#685=ORIENTED_EDGE('',*,*,#1941,.T.);
#686=ORIENTED_EDGE('',*,*,#1989,.T.);
#687=ORIENTED_EDGE('',*,*,#1990,.T.);
#688=ORIENTED_EDGE('',*,*,#1991,.T.);
#689=ORIENTED_EDGE('',*,*,#1716,.F.);
#690=ORIENTED_EDGE('',*,*,#1714,.F.);
#691=ORIENTED_EDGE('',*,*,#1992,.T.);
#692=ORIENTED_EDGE('',*,*,#1993,.T.);
#693=ORIENTED_EDGE('',*,*,#1994,.T.);
#694=ORIENTED_EDGE('',*,*,#1893,.T.);
#695=ORIENTED_EDGE('',*,*,#1995,.F.);
#696=ORIENTED_EDGE('',*,*,#1949,.F.);
#697=ORIENTED_EDGE('',*,*,#1895,.F.);
#698=ORIENTED_EDGE('',*,*,#1995,.T.);
#699=ORIENTED_EDGE('',*,*,#1883,.T.);
#700=ORIENTED_EDGE('',*,*,#1901,.T.);
#701=ORIENTED_EDGE('',*,*,#1950,.T.);
#702=ORIENTED_EDGE('',*,*,#1856,.F.);
#703=ORIENTED_EDGE('',*,*,#1996,.T.);
#704=ORIENTED_EDGE('',*,*,#1962,.F.);
#705=ORIENTED_EDGE('',*,*,#1958,.F.);
#706=ORIENTED_EDGE('',*,*,#1968,.F.);
#707=ORIENTED_EDGE('',*,*,#1951,.T.);
#708=ORIENTED_EDGE('',*,*,#1903,.F.);
#709=ORIENTED_EDGE('',*,*,#1939,.F.);
#710=ORIENTED_EDGE('',*,*,#1907,.F.);
#711=ORIENTED_EDGE('',*,*,#1948,.T.);
#712=ORIENTED_EDGE('',*,*,#1978,.F.);
#713=ORIENTED_EDGE('',*,*,#1718,.F.);
#714=ORIENTED_EDGE('',*,*,#1997,.T.);
#715=ORIENTED_EDGE('',*,*,#1998,.T.);
#716=ORIENTED_EDGE('',*,*,#1754,.F.);
#717=ORIENTED_EDGE('',*,*,#1999,.T.);
#718=ORIENTED_EDGE('',*,*,#2000,.T.);
#719=ORIENTED_EDGE('',*,*,#2001,.T.);
#720=ORIENTED_EDGE('',*,*,#1750,.T.);
#721=ORIENTED_EDGE('',*,*,#2002,.T.);
#722=ORIENTED_EDGE('',*,*,#2003,.T.);
#723=ORIENTED_EDGE('',*,*,#2004,.T.);
#724=ORIENTED_EDGE('',*,*,#1752,.T.);
#725=ORIENTED_EDGE('',*,*,#2005,.T.);
#726=ORIENTED_EDGE('',*,*,#1732,.F.);
#727=ORIENTED_EDGE('',*,*,#2006,.T.);
#728=ORIENTED_EDGE('',*,*,#1929,.F.);
#729=ORIENTED_EDGE('',*,*,#2007,.T.);
#730=ORIENTED_EDGE('',*,*,#1943,.F.);
#731=ORIENTED_EDGE('',*,*,#2008,.T.);
#732=ORIENTED_EDGE('',*,*,#1900,.F.);
#733=ORIENTED_EDGE('',*,*,#2009,.T.);
#734=ORIENTED_EDGE('',*,*,#2010,.T.);
#735=ORIENTED_EDGE('',*,*,#1927,.T.);
#736=ORIENTED_EDGE('',*,*,#2008,.F.);
#737=ORIENTED_EDGE('',*,*,#1942,.F.);
#738=ORIENTED_EDGE('',*,*,#1988,.F.);
#739=ORIENTED_EDGE('',*,*,#1899,.F.);
#740=ORIENTED_EDGE('',*,*,#2011,.T.);
#741=ORIENTED_EDGE('',*,*,#1889,.F.);
#742=ORIENTED_EDGE('',*,*,#2012,.F.);
#743=ORIENTED_EDGE('',*,*,#2009,.F.);
#744=ORIENTED_EDGE('',*,*,#1944,.F.);
#745=ORIENTED_EDGE('',*,*,#2010,.F.);
#746=ORIENTED_EDGE('',*,*,#2012,.T.);
#747=ORIENTED_EDGE('',*,*,#1888,.F.);
#748=ORIENTED_EDGE('',*,*,#2006,.F.);
#749=ORIENTED_EDGE('',*,*,#1731,.F.);
#750=ORIENTED_EDGE('',*,*,#1861,.F.);
#751=ORIENTED_EDGE('',*,*,#1930,.F.);
#752=ORIENTED_EDGE('',*,*,#2007,.F.);
#753=ORIENTED_EDGE('',*,*,#1931,.F.);
#754=ORIENTED_EDGE('',*,*,#1859,.F.);
#755=ORIENTED_EDGE('',*,*,#1733,.F.);
#756=ORIENTED_EDGE('',*,*,#1882,.T.);
#757=ORIENTED_EDGE('',*,*,#2013,.T.);
#758=ORIENTED_EDGE('',*,*,#2014,.T.);
#759=ORIENTED_EDGE('',*,*,#2015,.T.);
#760=ORIENTED_EDGE('',*,*,#1925,.T.);
#761=ORIENTED_EDGE('',*,*,#1987,.T.);
#762=ORIENTED_EDGE('',*,*,#1940,.T.);
#763=ORIENTED_EDGE('',*,*,#1902,.F.);
#764=ORIENTED_EDGE('',*,*,#2016,.T.);
#765=ORIENTED_EDGE('',*,*,#2017,.T.);
#766=ORIENTED_EDGE('',*,*,#1875,.F.);
#767=ORIENTED_EDGE('',*,*,#1905,.T.);
#768=ORIENTED_EDGE('',*,*,#1717,.F.);
#769=ORIENTED_EDGE('',*,*,#1991,.F.);
#770=ORIENTED_EDGE('',*,*,#2018,.T.);
#771=ORIENTED_EDGE('',*,*,#2019,.F.);
#772=ORIENTED_EDGE('',*,*,#1722,.F.);
#773=ORIENTED_EDGE('',*,*,#1755,.F.);
#774=ORIENTED_EDGE('',*,*,#1998,.F.);
#775=ORIENTED_EDGE('',*,*,#2020,.F.);
#776=ORIENTED_EDGE('',*,*,#2021,.F.);
#777=ORIENTED_EDGE('',*,*,#2019,.T.);
#778=ORIENTED_EDGE('',*,*,#2021,.T.);
#779=ORIENTED_EDGE('',*,*,#1915,.F.);
#780=ORIENTED_EDGE('',*,*,#2022,.F.);
#781=ORIENTED_EDGE('',*,*,#1723,.F.);
#782=ORIENTED_EDGE('',*,*,#1713,.F.);
#783=ORIENTED_EDGE('',*,*,#1724,.F.);
#784=ORIENTED_EDGE('',*,*,#2023,.F.);
#785=ORIENTED_EDGE('',*,*,#1992,.F.);
#786=ORIENTED_EDGE('',*,*,#1753,.F.);
#787=ORIENTED_EDGE('',*,*,#2004,.F.);
#788=ORIENTED_EDGE('',*,*,#2024,.F.);
#789=ORIENTED_EDGE('',*,*,#1999,.F.);
#790=ORIENTED_EDGE('',*,*,#2020,.T.);
#791=ORIENTED_EDGE('',*,*,#1997,.F.);
#792=ORIENTED_EDGE('',*,*,#2025,.F.);
#793=ORIENTED_EDGE('',*,*,#1916,.F.);
#794=ORIENTED_EDGE('',*,*,#2023,.T.);
#795=ORIENTED_EDGE('',*,*,#2022,.T.);
#796=ORIENTED_EDGE('',*,*,#2026,.F.);
#797=ORIENTED_EDGE('',*,*,#1715,.F.);
#798=ORIENTED_EDGE('',*,*,#1994,.F.);
#799=ORIENTED_EDGE('',*,*,#2027,.F.);
#800=ORIENTED_EDGE('',*,*,#1989,.F.);
#801=ORIENTED_EDGE('',*,*,#2025,.T.);
#802=ORIENTED_EDGE('',*,*,#2024,.T.);
#803=ORIENTED_EDGE('',*,*,#2028,.F.);
#804=ORIENTED_EDGE('',*,*,#1917,.T.);
#805=ORIENTED_EDGE('',*,*,#2026,.T.);
#806=ORIENTED_EDGE('',*,*,#1914,.F.);
#807=ORIENTED_EDGE('',*,*,#2029,.F.);
#808=ORIENTED_EDGE('',*,*,#1993,.F.);
#809=ORIENTED_EDGE('',*,*,#1751,.F.);
#810=ORIENTED_EDGE('',*,*,#2001,.F.);
#811=ORIENTED_EDGE('',*,*,#2030,.F.);
#812=ORIENTED_EDGE('',*,*,#2005,.F.);
#813=ORIENTED_EDGE('',*,*,#2028,.T.);
#814=ORIENTED_EDGE('',*,*,#2003,.F.);
#815=ORIENTED_EDGE('',*,*,#2031,.F.);
#816=ORIENTED_EDGE('',*,*,#1918,.F.);
#817=ORIENTED_EDGE('',*,*,#2029,.T.);
#818=ORIENTED_EDGE('',*,*,#1913,.T.);
#819=ORIENTED_EDGE('',*,*,#2032,.F.);
#820=ORIENTED_EDGE('',*,*,#2027,.T.);
#821=ORIENTED_EDGE('',*,*,#2031,.T.);
#822=ORIENTED_EDGE('',*,*,#2030,.T.);
#823=ORIENTED_EDGE('',*,*,#2033,.F.);
#824=ORIENTED_EDGE('',*,*,#1919,.T.);
#825=ORIENTED_EDGE('',*,*,#2032,.T.);
#826=ORIENTED_EDGE('',*,*,#1912,.F.);
#827=ORIENTED_EDGE('',*,*,#2034,.F.);
#828=ORIENTED_EDGE('',*,*,#2018,.F.);
#829=ORIENTED_EDGE('',*,*,#1990,.F.);
#830=ORIENTED_EDGE('',*,*,#1749,.F.);
#831=ORIENTED_EDGE('',*,*,#1891,.F.);
#832=ORIENTED_EDGE('',*,*,#2035,.F.);
#833=ORIENTED_EDGE('',*,*,#2002,.F.);
#834=ORIENTED_EDGE('',*,*,#2033,.T.);
#835=ORIENTED_EDGE('',*,*,#2000,.F.);
#836=ORIENTED_EDGE('',*,*,#2036,.F.);
#837=ORIENTED_EDGE('',*,*,#1920,.F.);
#838=ORIENTED_EDGE('',*,*,#2034,.T.);
#839=ORIENTED_EDGE('',*,*,#1911,.F.);
#840=ORIENTED_EDGE('',*,*,#2037,.F.);
#841=ORIENTED_EDGE('',*,*,#2016,.F.);
#842=ORIENTED_EDGE('',*,*,#2036,.T.);
#843=ORIENTED_EDGE('',*,*,#2035,.T.);
#844=ORIENTED_EDGE('',*,*,#2038,.F.);
#845=ORIENTED_EDGE('',*,*,#2037,.T.);
#846=ORIENTED_EDGE('',*,*,#1910,.F.);
#847=ORIENTED_EDGE('',*,*,#2039,.F.);
#848=ORIENTED_EDGE('',*,*,#1876,.F.);
#849=ORIENTED_EDGE('',*,*,#2017,.F.);
#850=ORIENTED_EDGE('',*,*,#2038,.T.);
#851=ORIENTED_EDGE('',*,*,#1890,.F.);
#852=ORIENTED_EDGE('',*,*,#2040,.F.);
#853=ORIENTED_EDGE('',*,*,#1921,.F.);
#854=ORIENTED_EDGE('',*,*,#2039,.T.);
#855=ORIENTED_EDGE('',*,*,#1909,.F.);
#856=ORIENTED_EDGE('',*,*,#2041,.F.);
#857=ORIENTED_EDGE('',*,*,#1880,.F.);
#858=ORIENTED_EDGE('',*,*,#1892,.F.);
#859=ORIENTED_EDGE('',*,*,#1877,.F.);
#860=ORIENTED_EDGE('',*,*,#2040,.T.);
#861=ORIENTED_EDGE('',*,*,#2011,.F.);
#862=ORIENTED_EDGE('',*,*,#2042,.F.);
#863=ORIENTED_EDGE('',*,*,#1922,.F.);
#864=ORIENTED_EDGE('',*,*,#2041,.T.);
#865=ORIENTED_EDGE('',*,*,#1908,.F.);
#866=ORIENTED_EDGE('',*,*,#2043,.F.);
#867=ORIENTED_EDGE('',*,*,#2013,.F.);
#868=ORIENTED_EDGE('',*,*,#1881,.F.);
#869=ORIENTED_EDGE('',*,*,#1926,.F.);
#870=ORIENTED_EDGE('',*,*,#2015,.F.);
#871=ORIENTED_EDGE('',*,*,#2044,.F.);
#872=ORIENTED_EDGE('',*,*,#1923,.F.);
#873=ORIENTED_EDGE('',*,*,#2042,.T.);
#874=ORIENTED_EDGE('',*,*,#1898,.F.);
#875=ORIENTED_EDGE('',*,*,#2043,.T.);
#876=ORIENTED_EDGE('',*,*,#1924,.F.);
#877=ORIENTED_EDGE('',*,*,#2044,.T.);
#878=ORIENTED_EDGE('',*,*,#2014,.F.);
#879=ORIENTED_EDGE('',*,*,#1872,.T.);
#880=ORIENTED_EDGE('',*,*,#2045,.T.);
#881=ORIENTED_EDGE('',*,*,#1760,.F.);
#882=ORIENTED_EDGE('',*,*,#2046,.T.);
#883=ORIENTED_EDGE('',*,*,#2047,.F.);
#884=ORIENTED_EDGE('',*,*,#1874,.F.);
#885=ORIENTED_EDGE('',*,*,#2048,.T.);
#886=ORIENTED_EDGE('',*,*,#1758,.T.);
#887=ORIENTED_EDGE('',*,*,#1759,.T.);
#888=ORIENTED_EDGE('',*,*,#2048,.F.);
#889=ORIENTED_EDGE('',*,*,#1873,.F.);
#890=ORIENTED_EDGE('',*,*,#2046,.F.);
#891=ORIENTED_EDGE('',*,*,#1774,.T.);
#892=ORIENTED_EDGE('',*,*,#2049,.T.);
#893=ORIENTED_EDGE('',*,*,#1767,.F.);
#894=ORIENTED_EDGE('',*,*,#2050,.T.);
#895=ORIENTED_EDGE('',*,*,#1766,.T.);
#896=ORIENTED_EDGE('',*,*,#1806,.F.);
#897=ORIENTED_EDGE('',*,*,#1775,.T.);
#898=ORIENTED_EDGE('',*,*,#2050,.F.);
#899=ORIENTED_EDGE('',*,*,#1788,.T.);
#900=ORIENTED_EDGE('',*,*,#2051,.T.);
#901=ORIENTED_EDGE('',*,*,#1781,.F.);
#902=ORIENTED_EDGE('',*,*,#2052,.T.);
#903=ORIENTED_EDGE('',*,*,#1780,.T.);
#904=ORIENTED_EDGE('',*,*,#1808,.F.);
#905=ORIENTED_EDGE('',*,*,#1789,.T.);
#906=ORIENTED_EDGE('',*,*,#2052,.F.);
#907=ORIENTED_EDGE('',*,*,#1802,.T.);
#908=ORIENTED_EDGE('',*,*,#2053,.T.);
#909=ORIENTED_EDGE('',*,*,#1795,.F.);
#910=ORIENTED_EDGE('',*,*,#2054,.T.);
#911=ORIENTED_EDGE('',*,*,#1794,.T.);
#912=ORIENTED_EDGE('',*,*,#1810,.F.);
#913=ORIENTED_EDGE('',*,*,#1803,.T.);
#914=ORIENTED_EDGE('',*,*,#2054,.F.);
#915=ORIENTED_EDGE('',*,*,#1797,.T.);
#916=ORIENTED_EDGE('',*,*,#2055,.T.);
#917=ORIENTED_EDGE('',*,*,#1800,.F.);
#918=ORIENTED_EDGE('',*,*,#2056,.T.);
#919=ORIENTED_EDGE('',*,*,#2056,.F.);
#920=ORIENTED_EDGE('',*,*,#2057,.T.);
#921=ORIENTED_EDGE('',*,*,#1783,.T.);
#922=ORIENTED_EDGE('',*,*,#2058,.T.);
#923=ORIENTED_EDGE('',*,*,#1786,.F.);
#924=ORIENTED_EDGE('',*,*,#2059,.T.);
#925=ORIENTED_EDGE('',*,*,#2059,.F.);
#926=ORIENTED_EDGE('',*,*,#2060,.F.);
#927=ORIENTED_EDGE('',*,*,#1769,.T.);
#928=ORIENTED_EDGE('',*,*,#2061,.T.);
#929=ORIENTED_EDGE('',*,*,#1772,.F.);
#930=ORIENTED_EDGE('',*,*,#2062,.T.);
#931=ORIENTED_EDGE('',*,*,#2062,.F.);
#932=ORIENTED_EDGE('',*,*,#2063,.T.);
#933=ORIENTED_EDGE('',*,*,#1762,.T.);
#934=ORIENTED_EDGE('',*,*,#2064,.T.);
#935=ORIENTED_EDGE('',*,*,#1870,.F.);
#936=ORIENTED_EDGE('',*,*,#2065,.T.);
#937=ORIENTED_EDGE('',*,*,#2065,.F.);
#938=ORIENTED_EDGE('',*,*,#2066,.F.);
#939=ORIENTED_EDGE('',*,*,#2067,.T.);
#940=ORIENTED_EDGE('',*,*,#1843,.T.);
#941=ORIENTED_EDGE('',*,*,#2068,.T.);
#942=ORIENTED_EDGE('',*,*,#1844,.T.);
#943=ORIENTED_EDGE('',*,*,#1853,.T.);
#944=ORIENTED_EDGE('',*,*,#2069,.T.);
#945=ORIENTED_EDGE('',*,*,#1960,.F.);
#946=ORIENTED_EDGE('',*,*,#2070,.T.);
#947=ORIENTED_EDGE('',*,*,#2071,.T.);
#948=ORIENTED_EDGE('',*,*,#2072,.T.);
#949=ORIENTED_EDGE('',*,*,#2073,.T.);
#950=ORIENTED_EDGE('',*,*,#1854,.T.);
#951=ORIENTED_EDGE('',*,*,#2071,.F.);
#952=ORIENTED_EDGE('',*,*,#1820,.T.);
#953=ORIENTED_EDGE('',*,*,#2074,.T.);
#954=ORIENTED_EDGE('',*,*,#1847,.F.);
#955=ORIENTED_EDGE('',*,*,#2075,.F.);
#956=ORIENTED_EDGE('',*,*,#2076,.T.);
#957=ORIENTED_EDGE('',*,*,#1846,.F.);
#958=ORIENTED_EDGE('',*,*,#2077,.T.);
#959=ORIENTED_EDGE('',*,*,#2078,.T.);
#960=ORIENTED_EDGE('',*,*,#2075,.T.);
#961=ORIENTED_EDGE('',*,*,#2079,.F.);
#962=ORIENTED_EDGE('',*,*,#1830,.F.);
#963=ORIENTED_EDGE('',*,*,#2080,.F.);
#964=ORIENTED_EDGE('',*,*,#1768,.F.);
#965=ORIENTED_EDGE('',*,*,#2080,.T.);
#966=ORIENTED_EDGE('',*,*,#1829,.F.);
#967=ORIENTED_EDGE('',*,*,#2081,.F.);
#968=ORIENTED_EDGE('',*,*,#2061,.F.);
#969=ORIENTED_EDGE('',*,*,#2079,.T.);
#970=ORIENTED_EDGE('',*,*,#2049,.F.);
#971=ORIENTED_EDGE('',*,*,#2082,.F.);
#972=ORIENTED_EDGE('',*,*,#1827,.F.);
#973=ORIENTED_EDGE('',*,*,#2081,.T.);
#974=ORIENTED_EDGE('',*,*,#1828,.F.);
#975=ORIENTED_EDGE('',*,*,#2082,.T.);
#976=ORIENTED_EDGE('',*,*,#1773,.F.);
#977=ORIENTED_EDGE('',*,*,#2083,.F.);
#978=ORIENTED_EDGE('',*,*,#1834,.F.);
#979=ORIENTED_EDGE('',*,*,#2084,.F.);
#980=ORIENTED_EDGE('',*,*,#1787,.F.);
#981=ORIENTED_EDGE('',*,*,#2084,.T.);
#982=ORIENTED_EDGE('',*,*,#1833,.F.);
#983=ORIENTED_EDGE('',*,*,#2085,.F.);
#984=ORIENTED_EDGE('',*,*,#2051,.F.);
#985=ORIENTED_EDGE('',*,*,#2083,.T.);
#986=ORIENTED_EDGE('',*,*,#2058,.F.);
#987=ORIENTED_EDGE('',*,*,#2086,.F.);
#988=ORIENTED_EDGE('',*,*,#1831,.F.);
#989=ORIENTED_EDGE('',*,*,#2085,.T.);
#990=ORIENTED_EDGE('',*,*,#1832,.F.);
#991=ORIENTED_EDGE('',*,*,#2086,.T.);
#992=ORIENTED_EDGE('',*,*,#1782,.F.);
#993=ORIENTED_EDGE('',*,*,#2087,.F.);
#994=ORIENTED_EDGE('',*,*,#1838,.F.);
#995=ORIENTED_EDGE('',*,*,#2088,.F.);
#996=ORIENTED_EDGE('',*,*,#1796,.F.);
#997=ORIENTED_EDGE('',*,*,#2088,.T.);
#998=ORIENTED_EDGE('',*,*,#1837,.F.);
#999=ORIENTED_EDGE('',*,*,#2089,.F.);
#1000=ORIENTED_EDGE('',*,*,#2055,.F.);
#1001=ORIENTED_EDGE('',*,*,#2087,.T.);
#1002=ORIENTED_EDGE('',*,*,#2053,.F.);
#1003=ORIENTED_EDGE('',*,*,#2090,.F.);
#1004=ORIENTED_EDGE('',*,*,#1835,.F.);
#1005=ORIENTED_EDGE('',*,*,#2089,.T.);
#1006=ORIENTED_EDGE('',*,*,#1836,.F.);
#1007=ORIENTED_EDGE('',*,*,#2090,.T.);
#1008=ORIENTED_EDGE('',*,*,#1801,.F.);
#1009=ORIENTED_EDGE('',*,*,#2091,.F.);
#1010=ORIENTED_EDGE('',*,*,#1842,.F.);
#1011=ORIENTED_EDGE('',*,*,#2092,.F.);
#1012=ORIENTED_EDGE('',*,*,#1871,.F.);
#1013=ORIENTED_EDGE('',*,*,#2092,.T.);
#1014=ORIENTED_EDGE('',*,*,#1841,.F.);
#1015=ORIENTED_EDGE('',*,*,#2093,.F.);
#1016=ORIENTED_EDGE('',*,*,#2045,.F.);
#1017=ORIENTED_EDGE('',*,*,#2091,.T.);
#1018=ORIENTED_EDGE('',*,*,#2064,.F.);
#1019=ORIENTED_EDGE('',*,*,#2094,.F.);
#1020=ORIENTED_EDGE('',*,*,#1839,.F.);
#1021=ORIENTED_EDGE('',*,*,#2093,.T.);
#1022=ORIENTED_EDGE('',*,*,#1840,.F.);
#1023=ORIENTED_EDGE('',*,*,#2094,.T.);
#1024=ORIENTED_EDGE('',*,*,#1761,.F.);
#1025=ORIENTED_EDGE('',*,*,#1848,.F.);
#1026=ORIENTED_EDGE('',*,*,#2095,.T.);
#1027=ORIENTED_EDGE('',*,*,#1975,.F.);
#1028=ORIENTED_EDGE('',*,*,#1984,.F.);
#1029=ORIENTED_EDGE('',*,*,#2096,.F.);
#1030=ORIENTED_EDGE('',*,*,#1983,.F.);
#1031=ORIENTED_EDGE('',*,*,#1972,.F.);
#1032=ORIENTED_EDGE('',*,*,#2097,.F.);
#1033=ORIENTED_EDGE('',*,*,#1849,.F.);
#1034=ORIENTED_EDGE('',*,*,#2096,.T.);
#1035=ORIENTED_EDGE('',*,*,#2097,.T.);
#1036=ORIENTED_EDGE('',*,*,#1971,.F.);
#1037=ORIENTED_EDGE('',*,*,#2098,.F.);
#1038=ORIENTED_EDGE('',*,*,#1850,.F.);
#1039=ORIENTED_EDGE('',*,*,#1970,.F.);
#1040=ORIENTED_EDGE('',*,*,#1986,.F.);
#1041=ORIENTED_EDGE('',*,*,#2099,.F.);
#1042=ORIENTED_EDGE('',*,*,#1851,.F.);
#1043=ORIENTED_EDGE('',*,*,#2098,.T.);
#1044=ORIENTED_EDGE('',*,*,#1966,.F.);
#1045=ORIENTED_EDGE('',*,*,#2100,.T.);
#1046=ORIENTED_EDGE('',*,*,#1852,.F.);
#1047=ORIENTED_EDGE('',*,*,#2099,.T.);
#1048=ORIENTED_EDGE('',*,*,#1985,.F.);
#1049=ORIENTED_EDGE('',*,*,#1738,.T.);
#1050=ORIENTED_EDGE('',*,*,#1812,.F.);
#1051=ORIENTED_EDGE('',*,*,#1817,.T.);
#1052=ORIENTED_EDGE('',*,*,#1814,.T.);
#1053=ORIENTED_EDGE('',*,*,#2057,.F.);
#1054=ORIENTED_EDGE('',*,*,#1799,.F.);
#1055=ORIENTED_EDGE('',*,*,#2101,.T.);
#1056=ORIENTED_EDGE('',*,*,#1791,.T.);
#1057=ORIENTED_EDGE('',*,*,#1798,.T.);
#1058=ORIENTED_EDGE('',*,*,#1809,.F.);
#1059=ORIENTED_EDGE('',*,*,#1792,.T.);
#1060=ORIENTED_EDGE('',*,*,#2101,.F.);
#1061=ORIENTED_EDGE('',*,*,#2060,.T.);
#1062=ORIENTED_EDGE('',*,*,#1785,.F.);
#1063=ORIENTED_EDGE('',*,*,#2102,.F.);
#1064=ORIENTED_EDGE('',*,*,#1777,.T.);
#1065=ORIENTED_EDGE('',*,*,#1784,.T.);
#1066=ORIENTED_EDGE('',*,*,#1807,.F.);
#1067=ORIENTED_EDGE('',*,*,#1778,.T.);
#1068=ORIENTED_EDGE('',*,*,#2102,.T.);
#1069=ORIENTED_EDGE('',*,*,#2063,.F.);
#1070=ORIENTED_EDGE('',*,*,#1771,.F.);
#1071=ORIENTED_EDGE('',*,*,#2103,.T.);
#1072=ORIENTED_EDGE('',*,*,#1763,.T.);
#1073=ORIENTED_EDGE('',*,*,#1770,.T.);
#1074=ORIENTED_EDGE('',*,*,#1805,.F.);
#1075=ORIENTED_EDGE('',*,*,#1764,.T.);
#1076=ORIENTED_EDGE('',*,*,#2103,.F.);
#1077=ORIENTED_EDGE('',*,*,#2066,.T.);
#1078=ORIENTED_EDGE('',*,*,#1869,.F.);
#1079=ORIENTED_EDGE('',*,*,#2104,.F.);
#1080=ORIENTED_EDGE('',*,*,#1756,.T.);
#1081=ORIENTED_EDGE('',*,*,#2104,.T.);
#1082=ORIENTED_EDGE('',*,*,#1868,.T.);
#1083=ORIENTED_EDGE('',*,*,#2047,.T.);
#1084=ORIENTED_EDGE('',*,*,#1757,.F.);
#1085=ORIENTED_EDGE('',*,*,#1744,.F.);
#1086=ORIENTED_EDGE('',*,*,#1935,.T.);
#1087=ORIENTED_EDGE('',*,*,#1864,.F.);
#1088=ORIENTED_EDGE('',*,*,#2105,.T.);
#1089=ORIENTED_EDGE('',*,*,#1729,.F.);
#1090=ORIENTED_EDGE('',*,*,#1746,.F.);
#1091=ORIENTED_EDGE('',*,*,#2106,.F.);
#1092=ORIENTED_EDGE('',*,*,#1862,.F.);
#1093=ORIENTED_EDGE('',*,*,#2106,.T.);
#1094=ORIENTED_EDGE('',*,*,#1745,.F.);
#1095=ORIENTED_EDGE('',*,*,#2105,.F.);
#1096=ORIENTED_EDGE('',*,*,#1863,.F.);
#1097=ORIENTED_EDGE('',*,*,#1727,.F.);
#1098=ORIENTED_EDGE('',*,*,#2107,.T.);
#1099=ORIENTED_EDGE('',*,*,#1885,.F.);
#1100=ORIENTED_EDGE('',*,*,#1747,.T.);
#1101=ORIENTED_EDGE('',*,*,#1720,.T.);
#1102=ORIENTED_EDGE('',*,*,#2108,.T.);
#1103=ORIENTED_EDGE('',*,*,#1932,.T.);
#1104=ORIENTED_EDGE('',*,*,#1742,.F.);
#1105=ORIENTED_EDGE('',*,*,#1933,.F.);
#1106=ORIENTED_EDGE('',*,*,#2108,.F.);
#1107=ORIENTED_EDGE('',*,*,#1719,.F.);
#1108=ORIENTED_EDGE('',*,*,#1711,.F.);
#1109=ORIENTED_EDGE('',*,*,#1726,.F.);
#1110=ORIENTED_EDGE('',*,*,#1945,.F.);
#1111=ORIENTED_EDGE('',*,*,#1886,.F.);
#1112=ORIENTED_EDGE('',*,*,#2107,.F.);
#1113=ORIENTED_EDGE('',*,*,#2076,.F.);
#1114=ORIENTED_EDGE('',*,*,#2078,.F.);
#1115=ORIENTED_EDGE('',*,*,#2109,.F.);
#1116=ORIENTED_EDGE('',*,*,#1821,.F.);
#1117=ORIENTED_EDGE('',*,*,#2109,.T.);
#1118=ORIENTED_EDGE('',*,*,#2077,.F.);
#1119=ORIENTED_EDGE('',*,*,#1845,.F.);
#1120=ORIENTED_EDGE('',*,*,#1824,.F.);
#1121=ORIENTED_EDGE('',*,*,#2070,.F.);
#1122=ORIENTED_EDGE('',*,*,#1963,.F.);
#1123=ORIENTED_EDGE('',*,*,#2110,.F.);
#1124=ORIENTED_EDGE('',*,*,#2072,.F.);
#1125=ORIENTED_EDGE('',*,*,#2110,.T.);
#1126=ORIENTED_EDGE('',*,*,#1996,.F.);
#1127=ORIENTED_EDGE('',*,*,#1855,.F.);
#1128=ORIENTED_EDGE('',*,*,#2073,.F.);
#1129=ORIENTED_EDGE('',*,*,#1706,.F.);
#1130=ORIENTED_EDGE('',*,*,#1977,.F.);
#1131=ORIENTED_EDGE('',*,*,#2111,.F.);
#1132=ORIENTED_EDGE('',*,*,#1819,.F.);
#1133=ORIENTED_EDGE('',*,*,#2111,.T.);
#1134=ORIENTED_EDGE('',*,*,#1976,.F.);
#1135=ORIENTED_EDGE('',*,*,#2095,.F.);
#1136=ORIENTED_EDGE('',*,*,#2074,.F.);
#1137=ORIENTED_EDGE('',*,*,#1937,.F.);
#1138=ORIENTED_EDGE('',*,*,#1961,.F.);
#1139=ORIENTED_EDGE('',*,*,#2112,.F.);
#1140=ORIENTED_EDGE('',*,*,#1964,.F.);
#1141=ORIENTED_EDGE('',*,*,#2112,.T.);
#1142=ORIENTED_EDGE('',*,*,#2069,.F.);
#1143=ORIENTED_EDGE('',*,*,#2100,.F.);
#1144=ORIENTED_EDGE('',*,*,#1965,.F.);
#1145=ORIENTED_EDGE('',*,*,#2067,.F.);
#1146=ORIENTED_EDGE('',*,*,#1740,.F.);
#1147=ORIENTED_EDGE('',*,*,#2068,.F.);
#1148=ORIENTED_EDGE('',*,*,#1741,.F.);
#1149=ORIENTED_EDGE('',*,*,#2113,.T.);
#1150=ORIENTED_EDGE('',*,*,#2114,.F.);
#1151=ORIENTED_EDGE('',*,*,#2115,.T.);
#1152=ORIENTED_EDGE('',*,*,#2116,.T.);
#1153=ORIENTED_EDGE('',*,*,#2117,.F.);
#1154=ORIENTED_EDGE('',*,*,#2118,.F.);
#1155=ORIENTED_EDGE('',*,*,#2119,.T.);
#1156=ORIENTED_EDGE('',*,*,#2117,.T.);
#1157=ORIENTED_EDGE('',*,*,#2120,.T.);
#1158=ORIENTED_EDGE('',*,*,#2121,.T.);
#1159=ORIENTED_EDGE('',*,*,#2122,.T.);
#1160=ORIENTED_EDGE('',*,*,#2123,.T.);
#1161=ORIENTED_EDGE('',*,*,#2124,.F.);
#1162=ORIENTED_EDGE('',*,*,#2125,.F.);
#1163=ORIENTED_EDGE('',*,*,#2126,.F.);
#1164=ORIENTED_EDGE('',*,*,#2127,.F.);
#1165=ORIENTED_EDGE('',*,*,#2128,.F.);
#1166=ORIENTED_EDGE('',*,*,#2129,.F.);
#1167=ORIENTED_EDGE('',*,*,#2130,.F.);
#1168=ORIENTED_EDGE('',*,*,#2131,.F.);
#1169=ORIENTED_EDGE('',*,*,#2132,.F.);
#1170=ORIENTED_EDGE('',*,*,#2133,.F.);
#1171=ORIENTED_EDGE('',*,*,#2134,.F.);
#1172=ORIENTED_EDGE('',*,*,#2135,.F.);
#1173=ORIENTED_EDGE('',*,*,#2136,.F.);
#1174=ORIENTED_EDGE('',*,*,#2137,.F.);
#1175=ORIENTED_EDGE('',*,*,#2138,.T.);
#1176=ORIENTED_EDGE('',*,*,#2139,.F.);
#1177=ORIENTED_EDGE('',*,*,#2140,.T.);
#1178=ORIENTED_EDGE('',*,*,#2141,.F.);
#1179=ORIENTED_EDGE('',*,*,#2142,.F.);
#1180=ORIENTED_EDGE('',*,*,#2143,.T.);
#1181=ORIENTED_EDGE('',*,*,#2144,.F.);
#1182=ORIENTED_EDGE('',*,*,#2145,.F.);
#1183=ORIENTED_EDGE('',*,*,#2146,.F.);
#1184=ORIENTED_EDGE('',*,*,#2147,.T.);
#1185=ORIENTED_EDGE('',*,*,#2114,.T.);
#1186=ORIENTED_EDGE('',*,*,#2148,.T.);
#1187=ORIENTED_EDGE('',*,*,#2149,.F.);
#1188=ORIENTED_EDGE('',*,*,#2150,.F.);
#1189=ORIENTED_EDGE('',*,*,#2151,.F.);
#1190=ORIENTED_EDGE('',*,*,#2152,.F.);
#1191=ORIENTED_EDGE('',*,*,#2153,.F.);
#1192=ORIENTED_EDGE('',*,*,#2154,.F.);
#1193=ORIENTED_EDGE('',*,*,#2155,.F.);
#1194=ORIENTED_EDGE('',*,*,#2156,.F.);
#1195=ORIENTED_EDGE('',*,*,#2157,.T.);
#1196=ORIENTED_EDGE('',*,*,#2158,.F.);
#1197=ORIENTED_EDGE('',*,*,#2159,.F.);
#1198=ORIENTED_EDGE('',*,*,#2120,.F.);
#1199=ORIENTED_EDGE('',*,*,#2116,.F.);
#1200=ORIENTED_EDGE('',*,*,#2160,.T.);
#1201=ORIENTED_EDGE('',*,*,#2161,.F.);
#1202=ORIENTED_EDGE('',*,*,#2162,.F.);
#1203=ORIENTED_EDGE('',*,*,#2163,.F.);
#1204=ORIENTED_EDGE('',*,*,#2164,.T.);
#1205=ORIENTED_EDGE('',*,*,#2165,.T.);
#1206=ORIENTED_EDGE('',*,*,#2123,.F.);
#1207=ORIENTED_EDGE('',*,*,#2166,.F.);
#1208=ORIENTED_EDGE('',*,*,#2121,.F.);
#1209=ORIENTED_EDGE('',*,*,#2159,.T.);
#1210=ORIENTED_EDGE('',*,*,#2167,.F.);
#1211=ORIENTED_EDGE('',*,*,#2153,.T.);
#1212=ORIENTED_EDGE('',*,*,#2168,.F.);
#1213=ORIENTED_EDGE('',*,*,#2149,.T.);
#1214=ORIENTED_EDGE('',*,*,#2169,.F.);
#1215=ORIENTED_EDGE('',*,*,#2170,.F.);
#1216=ORIENTED_EDGE('',*,*,#2171,.F.);
#1217=ORIENTED_EDGE('',*,*,#2172,.F.);
#1218=ORIENTED_EDGE('',*,*,#2173,.F.);
#1219=ORIENTED_EDGE('',*,*,#2174,.T.);
#1220=ORIENTED_EDGE('',*,*,#2174,.F.);
#1221=ORIENTED_EDGE('',*,*,#2175,.T.);
#1222=ORIENTED_EDGE('',*,*,#2175,.F.);
#1223=ORIENTED_EDGE('',*,*,#2172,.T.);
#1224=ORIENTED_EDGE('',*,*,#2176,.F.);
#1225=ORIENTED_EDGE('',*,*,#2177,.T.);
#1226=ORIENTED_EDGE('',*,*,#2177,.F.);
#1227=ORIENTED_EDGE('',*,*,#2178,.T.);
#1228=ORIENTED_EDGE('',*,*,#2178,.F.);
#1229=ORIENTED_EDGE('',*,*,#2166,.T.);
#1230=ORIENTED_EDGE('',*,*,#2122,.F.);
#1231=ORIENTED_EDGE('',*,*,#2164,.F.);
#1232=ORIENTED_EDGE('',*,*,#2179,.T.);
#1233=ORIENTED_EDGE('',*,*,#2180,.F.);
#1234=ORIENTED_EDGE('',*,*,#2179,.F.);
#1235=ORIENTED_EDGE('',*,*,#2157,.F.);
#1236=ORIENTED_EDGE('',*,*,#2181,.T.);
#1237=ORIENTED_EDGE('',*,*,#2182,.F.);
#1238=ORIENTED_EDGE('',*,*,#2181,.F.);
#1239=ORIENTED_EDGE('',*,*,#2170,.T.);
#1240=ORIENTED_EDGE('',*,*,#2163,.T.);
#1241=ORIENTED_EDGE('',*,*,#2171,.T.);
#1242=ORIENTED_EDGE('',*,*,#2156,.T.);
#1243=ORIENTED_EDGE('',*,*,#2150,.T.);
#1244=ORIENTED_EDGE('',*,*,#2168,.T.);
#1245=ORIENTED_EDGE('',*,*,#2152,.T.);
#1246=ORIENTED_EDGE('',*,*,#2183,.F.);
#1247=ORIENTED_EDGE('',*,*,#2154,.T.);
#1248=ORIENTED_EDGE('',*,*,#2167,.T.);
#1249=ORIENTED_EDGE('',*,*,#2158,.T.);
#1250=ORIENTED_EDGE('',*,*,#2184,.F.);
#1251=ORIENTED_EDGE('',*,*,#2185,.T.);
#1252=ORIENTED_EDGE('',*,*,#2186,.F.);
#1253=ORIENTED_EDGE('',*,*,#2186,.T.);
#1254=ORIENTED_EDGE('',*,*,#2143,.F.);
#1255=ORIENTED_EDGE('',*,*,#2187,.F.);
#1256=ORIENTED_EDGE('',*,*,#2160,.F.);
#1257=ORIENTED_EDGE('',*,*,#2115,.F.);
#1258=ORIENTED_EDGE('',*,*,#2147,.F.);
#1259=ORIENTED_EDGE('',*,*,#2188,.F.);
#1260=ORIENTED_EDGE('',*,*,#2140,.F.);
#1261=ORIENTED_EDGE('',*,*,#2189,.F.);
#1262=ORIENTED_EDGE('',*,*,#2138,.F.);
#1263=ORIENTED_EDGE('',*,*,#2190,.F.);
#1264=ORIENTED_EDGE('',*,*,#2189,.T.);
#1265=ORIENTED_EDGE('',*,*,#2139,.T.);
#1266=ORIENTED_EDGE('',*,*,#2185,.F.);
#1267=ORIENTED_EDGE('',*,*,#2144,.T.);
#1268=ORIENTED_EDGE('',*,*,#2188,.T.);
#1269=ORIENTED_EDGE('',*,*,#2146,.T.);
#1270=ORIENTED_EDGE('',*,*,#2191,.F.);
#1271=ORIENTED_EDGE('',*,*,#2161,.T.);
#1272=ORIENTED_EDGE('',*,*,#2187,.T.);
#1273=ORIENTED_EDGE('',*,*,#2142,.T.);
#1274=ORIENTED_EDGE('',*,*,#2192,.F.);
#1275=ORIENTED_EDGE('',*,*,#2193,.T.);
#1276=ORIENTED_EDGE('',*,*,#2184,.T.);
#1277=ORIENTED_EDGE('',*,*,#2194,.T.);
#1278=ORIENTED_EDGE('',*,*,#2128,.T.);
#1279=ORIENTED_EDGE('',*,*,#2194,.F.);
#1280=ORIENTED_EDGE('',*,*,#2162,.T.);
#1281=ORIENTED_EDGE('',*,*,#2195,.T.);
#1282=ORIENTED_EDGE('',*,*,#2129,.T.);
#1283=ORIENTED_EDGE('',*,*,#2193,.F.);
#1284=ORIENTED_EDGE('',*,*,#2127,.T.);
#1285=ORIENTED_EDGE('',*,*,#2196,.T.);
#1286=ORIENTED_EDGE('',*,*,#2155,.T.);
#1287=ORIENTED_EDGE('',*,*,#2195,.F.);
#1288=ORIENTED_EDGE('',*,*,#2192,.T.);
#1289=ORIENTED_EDGE('',*,*,#2197,.T.);
#1290=ORIENTED_EDGE('',*,*,#2130,.T.);
#1291=ORIENTED_EDGE('',*,*,#2196,.F.);
#1292=ORIENTED_EDGE('',*,*,#2126,.T.);
#1293=ORIENTED_EDGE('',*,*,#2198,.T.);
#1294=ORIENTED_EDGE('',*,*,#2183,.T.);
#1295=ORIENTED_EDGE('',*,*,#2197,.F.);
#1296=ORIENTED_EDGE('',*,*,#2141,.T.);
#1297=ORIENTED_EDGE('',*,*,#2199,.T.);
#1298=ORIENTED_EDGE('',*,*,#2131,.T.);
#1299=ORIENTED_EDGE('',*,*,#2198,.F.);
#1300=ORIENTED_EDGE('',*,*,#2125,.T.);
#1301=ORIENTED_EDGE('',*,*,#2200,.T.);
#1302=ORIENTED_EDGE('',*,*,#2151,.T.);
#1303=ORIENTED_EDGE('',*,*,#2199,.F.);
#1304=ORIENTED_EDGE('',*,*,#2190,.T.);
#1305=ORIENTED_EDGE('',*,*,#2201,.T.);
#1306=ORIENTED_EDGE('',*,*,#2132,.T.);
#1307=ORIENTED_EDGE('',*,*,#2200,.F.);
#1308=ORIENTED_EDGE('',*,*,#2124,.T.);
#1309=ORIENTED_EDGE('',*,*,#2202,.T.);
#1310=ORIENTED_EDGE('',*,*,#2191,.T.);
#1311=ORIENTED_EDGE('',*,*,#2201,.F.);
#1312=ORIENTED_EDGE('',*,*,#2145,.T.);
#1313=ORIENTED_EDGE('',*,*,#2202,.F.);
#1314=ORIENTED_EDGE('',*,*,#2133,.T.);
#1315=ORIENTED_EDGE('',*,*,#2182,.T.);
#1316=ORIENTED_EDGE('',*,*,#2134,.T.);
#1317=ORIENTED_EDGE('',*,*,#2180,.T.);
#1318=ORIENTED_EDGE('',*,*,#2135,.T.);
#1319=ORIENTED_EDGE('',*,*,#2136,.T.);
#1320=ORIENTED_EDGE('',*,*,#2173,.T.);
#1321=ORIENTED_EDGE('',*,*,#2137,.T.);
#1322=ORIENTED_EDGE('',*,*,#2176,.T.);
#1323=ORIENTED_EDGE('',*,*,#2148,.F.);
#1324=ORIENTED_EDGE('',*,*,#2113,.F.);
#1325=ORIENTED_EDGE('',*,*,#2203,.T.);
#1326=ORIENTED_EDGE('',*,*,#2169,.T.);
#1327=ORIENTED_EDGE('',*,*,#2203,.F.);
#1328=ORIENTED_EDGE('',*,*,#2118,.T.);
#1329=ORIENTED_EDGE('',*,*,#2119,.F.);
#1330=ORIENTED_EDGE('',*,*,#2165,.F.);
#1331=ORIENTED_EDGE('',*,*,#2204,.F.);
#1332=ORIENTED_EDGE('',*,*,#2205,.T.);
#1333=ORIENTED_EDGE('',*,*,#2206,.T.);
#1334=ORIENTED_EDGE('',*,*,#2207,.T.);
#1335=ORIENTED_EDGE('',*,*,#2208,.T.);
#1336=ORIENTED_EDGE('',*,*,#2209,.T.);
#1337=ORIENTED_EDGE('',*,*,#2210,.T.);
#1338=ORIENTED_EDGE('',*,*,#2211,.T.);
#1339=ORIENTED_EDGE('',*,*,#2212,.F.);
#1340=ORIENTED_EDGE('',*,*,#2213,.T.);
#1341=ORIENTED_EDGE('',*,*,#2214,.F.);
#1342=ORIENTED_EDGE('',*,*,#2215,.F.);
#1343=ORIENTED_EDGE('',*,*,#2216,.T.);
#1344=ORIENTED_EDGE('',*,*,#2217,.T.);
#1345=ORIENTED_EDGE('',*,*,#2218,.F.);
#1346=ORIENTED_EDGE('',*,*,#2219,.T.);
#1347=ORIENTED_EDGE('',*,*,#2220,.T.);
#1348=ORIENTED_EDGE('',*,*,#2221,.T.);
#1349=ORIENTED_EDGE('',*,*,#2222,.F.);
#1350=ORIENTED_EDGE('',*,*,#2223,.F.);
#1351=ORIENTED_EDGE('',*,*,#2224,.T.);
#1352=ORIENTED_EDGE('',*,*,#2225,.T.);
#1353=ORIENTED_EDGE('',*,*,#2226,.F.);
#1354=ORIENTED_EDGE('',*,*,#2227,.T.);
#1355=ORIENTED_EDGE('',*,*,#2228,.F.);
#1356=ORIENTED_EDGE('',*,*,#2229,.T.);
#1357=ORIENTED_EDGE('',*,*,#2230,.F.);
#1358=ORIENTED_EDGE('',*,*,#2231,.F.);
#1359=ORIENTED_EDGE('',*,*,#2232,.F.);
#1360=ORIENTED_EDGE('',*,*,#2233,.T.);
#1361=ORIENTED_EDGE('',*,*,#2234,.F.);
#1362=ORIENTED_EDGE('',*,*,#2235,.F.);
#1363=ORIENTED_EDGE('',*,*,#2236,.F.);
#1364=ORIENTED_EDGE('',*,*,#2237,.F.);
#1365=ORIENTED_EDGE('',*,*,#2238,.T.);
#1366=ORIENTED_EDGE('',*,*,#2239,.T.);
#1367=ORIENTED_EDGE('',*,*,#2240,.F.);
#1368=ORIENTED_EDGE('',*,*,#2241,.T.);
#1369=ORIENTED_EDGE('',*,*,#2242,.F.);
#1370=ORIENTED_EDGE('',*,*,#2243,.T.);
#1371=ORIENTED_EDGE('',*,*,#2209,.F.);
#1372=ORIENTED_EDGE('',*,*,#2244,.T.);
#1373=ORIENTED_EDGE('',*,*,#2234,.T.);
#1374=ORIENTED_EDGE('',*,*,#2245,.T.);
#1375=ORIENTED_EDGE('',*,*,#2246,.T.);
#1376=ORIENTED_EDGE('',*,*,#2247,.T.);
#1377=ORIENTED_EDGE('',*,*,#2248,.T.);
#1378=ORIENTED_EDGE('',*,*,#2249,.T.);
#1379=ORIENTED_EDGE('',*,*,#2240,.T.);
#1380=ORIENTED_EDGE('',*,*,#2250,.F.);
#1381=ORIENTED_EDGE('',*,*,#2213,.F.);
#1382=ORIENTED_EDGE('',*,*,#2251,.T.);
#1383=ORIENTED_EDGE('',*,*,#2252,.T.);
#1384=ORIENTED_EDGE('',*,*,#2253,.T.);
#1385=ORIENTED_EDGE('',*,*,#2254,.F.);
#1386=ORIENTED_EDGE('',*,*,#2255,.T.);
#1387=ORIENTED_EDGE('',*,*,#2256,.T.);
#1388=ORIENTED_EDGE('',*,*,#2257,.F.);
#1389=ORIENTED_EDGE('',*,*,#2246,.F.);
#1390=ORIENTED_EDGE('',*,*,#2258,.F.);
#1391=ORIENTED_EDGE('',*,*,#2259,.T.);
#1392=ORIENTED_EDGE('',*,*,#2211,.F.);
#1393=ORIENTED_EDGE('',*,*,#2260,.T.);
#1394=ORIENTED_EDGE('',*,*,#2261,.T.);
#1395=ORIENTED_EDGE('',*,*,#2262,.T.);
#1396=ORIENTED_EDGE('',*,*,#2256,.F.);
#1397=ORIENTED_EDGE('',*,*,#2263,.T.);
#1398=ORIENTED_EDGE('',*,*,#2242,.T.);
#1399=ORIENTED_EDGE('',*,*,#2264,.T.);
#1400=ORIENTED_EDGE('',*,*,#2265,.T.);
#1401=ORIENTED_EDGE('',*,*,#2266,.T.);
#1402=ORIENTED_EDGE('',*,*,#2267,.T.);
#1403=ORIENTED_EDGE('',*,*,#2268,.T.);
#1404=ORIENTED_EDGE('',*,*,#2260,.F.);
#1405=ORIENTED_EDGE('',*,*,#2210,.F.);
#1406=ORIENTED_EDGE('',*,*,#2249,.F.);
#1407=ORIENTED_EDGE('',*,*,#2269,.T.);
#1408=ORIENTED_EDGE('',*,*,#2261,.F.);
#1409=ORIENTED_EDGE('',*,*,#2268,.F.);
#1410=ORIENTED_EDGE('',*,*,#2248,.F.);
#1411=ORIENTED_EDGE('',*,*,#2257,.T.);
#1412=ORIENTED_EDGE('',*,*,#2262,.F.);
#1413=ORIENTED_EDGE('',*,*,#2269,.F.);
#1414=ORIENTED_EDGE('',*,*,#2247,.F.);
#1415=ORIENTED_EDGE('',*,*,#2254,.T.);
#1416=ORIENTED_EDGE('',*,*,#2270,.F.);
#1417=ORIENTED_EDGE('',*,*,#2265,.F.);
#1418=ORIENTED_EDGE('',*,*,#2271,.F.);
#1419=ORIENTED_EDGE('',*,*,#2272,.T.);
#1420=ORIENTED_EDGE('',*,*,#2267,.F.);
#1421=ORIENTED_EDGE('',*,*,#2273,.F.);
#1422=ORIENTED_EDGE('',*,*,#2252,.F.);
#1423=ORIENTED_EDGE('',*,*,#2273,.T.);
#1424=ORIENTED_EDGE('',*,*,#2266,.F.);
#1425=ORIENTED_EDGE('',*,*,#2270,.T.);
#1426=ORIENTED_EDGE('',*,*,#2253,.F.);
#1427=ORIENTED_EDGE('',*,*,#2212,.T.);
#1428=ORIENTED_EDGE('',*,*,#2259,.F.);
#1429=ORIENTED_EDGE('',*,*,#2272,.F.);
#1430=ORIENTED_EDGE('',*,*,#2251,.F.);
#1431=ORIENTED_EDGE('',*,*,#2263,.F.);
#1432=ORIENTED_EDGE('',*,*,#2258,.T.);
#1433=ORIENTED_EDGE('',*,*,#2245,.F.);
#1434=ORIENTED_EDGE('',*,*,#2243,.F.);
#1435=ORIENTED_EDGE('',*,*,#2255,.F.);
#1436=ORIENTED_EDGE('',*,*,#2271,.T.);
#1437=ORIENTED_EDGE('',*,*,#2264,.F.);
#1438=ORIENTED_EDGE('',*,*,#2241,.F.);
#1439=ORIENTED_EDGE('',*,*,#2274,.F.);
#1440=ORIENTED_EDGE('',*,*,#2220,.F.);
#1441=ORIENTED_EDGE('',*,*,#2219,.F.);
#1442=ORIENTED_EDGE('',*,*,#2275,.T.);
#1443=ORIENTED_EDGE('',*,*,#2231,.T.);
#1444=ORIENTED_EDGE('',*,*,#2230,.T.);
#1445=ORIENTED_EDGE('',*,*,#2276,.F.);
#1446=ORIENTED_EDGE('',*,*,#2228,.T.);
#1447=ORIENTED_EDGE('',*,*,#2227,.F.);
#1448=ORIENTED_EDGE('',*,*,#2277,.T.);
#1449=ORIENTED_EDGE('',*,*,#2223,.T.);
#1450=ORIENTED_EDGE('',*,*,#2222,.T.);
#1451=ORIENTED_EDGE('',*,*,#2244,.F.);
#1452=ORIENTED_EDGE('',*,*,#2208,.F.);
#1453=ORIENTED_EDGE('',*,*,#2207,.F.);
#1454=ORIENTED_EDGE('',*,*,#2278,.T.);
#1455=ORIENTED_EDGE('',*,*,#2236,.T.);
#1456=ORIENTED_EDGE('',*,*,#2235,.T.);
#1457=ORIENTED_EDGE('',*,*,#2250,.T.);
#1458=ORIENTED_EDGE('',*,*,#2239,.F.);
#1459=ORIENTED_EDGE('',*,*,#2238,.F.);
#1460=ORIENTED_EDGE('',*,*,#2279,.F.);
#1461=ORIENTED_EDGE('',*,*,#2215,.T.);
#1462=ORIENTED_EDGE('',*,*,#2214,.T.);
#1463=ORIENTED_EDGE('',*,*,#2221,.F.);
#1464=ORIENTED_EDGE('',*,*,#2274,.T.);
#1465=ORIENTED_EDGE('',*,*,#2229,.F.);
#1466=ORIENTED_EDGE('',*,*,#2276,.T.);
#1467=ORIENTED_EDGE('',*,*,#2280,.F.);
#1468=ORIENTED_EDGE('',*,*,#2281,.T.);
#1469=ORIENTED_EDGE('',*,*,#2282,.T.);
#1470=ORIENTED_EDGE('',*,*,#2204,.T.);
#1471=ORIENTED_EDGE('',*,*,#2277,.F.);
#1472=ORIENTED_EDGE('',*,*,#2226,.T.);
#1473=ORIENTED_EDGE('',*,*,#2283,.T.);
#1474=ORIENTED_EDGE('',*,*,#2284,.T.);
#1475=ORIENTED_EDGE('',*,*,#2285,.T.);
#1476=ORIENTED_EDGE('',*,*,#2206,.F.);
#1477=ORIENTED_EDGE('',*,*,#2286,.T.);
#1478=ORIENTED_EDGE('',*,*,#2287,.F.);
#1479=ORIENTED_EDGE('',*,*,#2288,.T.);
#1480=ORIENTED_EDGE('',*,*,#2224,.F.);
#1481=ORIENTED_EDGE('',*,*,#2289,.T.);
#1482=ORIENTED_EDGE('',*,*,#2290,.T.);
#1483=ORIENTED_EDGE('',*,*,#2291,.T.);
#1484=ORIENTED_EDGE('',*,*,#2216,.F.);
#1485=ORIENTED_EDGE('',*,*,#2279,.T.);
#1486=ORIENTED_EDGE('',*,*,#2237,.T.);
#1487=ORIENTED_EDGE('',*,*,#2278,.F.);
#1488=ORIENTED_EDGE('',*,*,#2292,.F.);
#1489=ORIENTED_EDGE('',*,*,#2218,.T.);
#1490=ORIENTED_EDGE('',*,*,#2293,.T.);
#1491=ORIENTED_EDGE('',*,*,#2294,.F.);
#1492=ORIENTED_EDGE('',*,*,#2295,.T.);
#1493=ORIENTED_EDGE('',*,*,#2232,.T.);
#1494=ORIENTED_EDGE('',*,*,#2275,.F.);
#1495=ORIENTED_EDGE('',*,*,#2294,.T.);
#1496=ORIENTED_EDGE('',*,*,#2296,.T.);
#1497=ORIENTED_EDGE('',*,*,#2290,.F.);
#1498=ORIENTED_EDGE('',*,*,#2297,.T.);
#1499=ORIENTED_EDGE('',*,*,#2287,.T.);
#1500=ORIENTED_EDGE('',*,*,#2298,.T.);
#1501=ORIENTED_EDGE('',*,*,#2281,.F.);
#1502=ORIENTED_EDGE('',*,*,#2299,.T.);
#1503=ORIENTED_EDGE('',*,*,#2292,.T.);
#1504=ORIENTED_EDGE('',*,*,#2284,.F.);
#1505=ORIENTED_EDGE('',*,*,#2280,.T.);
#1506=ORIENTED_EDGE('',*,*,#2285,.F.);
#1507=ORIENTED_EDGE('',*,*,#2286,.F.);
#1508=ORIENTED_EDGE('',*,*,#2205,.F.);
#1509=ORIENTED_EDGE('',*,*,#2282,.F.);
#1510=ORIENTED_EDGE('',*,*,#2298,.F.);
#1511=ORIENTED_EDGE('',*,*,#2288,.F.);
#1512=ORIENTED_EDGE('',*,*,#2299,.F.);
#1513=ORIENTED_EDGE('',*,*,#2283,.F.);
#1514=ORIENTED_EDGE('',*,*,#2225,.F.);
#1515=ORIENTED_EDGE('',*,*,#2291,.F.);
#1516=ORIENTED_EDGE('',*,*,#2296,.F.);
#1517=ORIENTED_EDGE('',*,*,#2293,.F.);
#1518=ORIENTED_EDGE('',*,*,#2217,.F.);
#1519=ORIENTED_EDGE('',*,*,#2289,.F.);
#1520=ORIENTED_EDGE('',*,*,#2233,.F.);
#1521=ORIENTED_EDGE('',*,*,#2295,.F.);
#1522=ORIENTED_EDGE('',*,*,#2297,.F.);
#1523=ORIENTED_EDGE('',*,*,#2300,.F.);
#1524=ORIENTED_EDGE('',*,*,#2301,.T.);
#1525=ORIENTED_EDGE('',*,*,#2302,.T.);
#1526=ORIENTED_EDGE('',*,*,#2303,.F.);
#1527=ORIENTED_EDGE('',*,*,#2304,.F.);
#1528=ORIENTED_EDGE('',*,*,#2305,.T.);
#1529=ORIENTED_EDGE('',*,*,#2306,.F.);
#1530=ORIENTED_EDGE('',*,*,#2307,.F.);
#1531=ORIENTED_EDGE('',*,*,#2308,.F.);
#1532=ORIENTED_EDGE('',*,*,#2309,.F.);
#1533=ORIENTED_EDGE('',*,*,#2310,.F.);
#1534=ORIENTED_EDGE('',*,*,#2302,.F.);
#1535=ORIENTED_EDGE('',*,*,#2311,.T.);
#1536=ORIENTED_EDGE('',*,*,#2312,.T.);
#1537=ORIENTED_EDGE('',*,*,#2313,.T.);
#1538=ORIENTED_EDGE('',*,*,#2314,.T.);
#1539=ORIENTED_EDGE('',*,*,#2315,.T.);
#1540=ORIENTED_EDGE('',*,*,#2316,.T.);
#1541=ORIENTED_EDGE('',*,*,#2317,.T.);
#1542=ORIENTED_EDGE('',*,*,#2318,.T.);
#1543=ORIENTED_EDGE('',*,*,#2319,.T.);
#1544=ORIENTED_EDGE('',*,*,#2320,.T.);
#1545=ORIENTED_EDGE('',*,*,#2321,.T.);
#1546=ORIENTED_EDGE('',*,*,#2322,.T.);
#1547=ORIENTED_EDGE('',*,*,#2323,.T.);
#1548=ORIENTED_EDGE('',*,*,#2324,.T.);
#1549=ORIENTED_EDGE('',*,*,#2325,.F.);
#1550=ORIENTED_EDGE('',*,*,#2326,.T.);
#1551=ORIENTED_EDGE('',*,*,#2327,.T.);
#1552=ORIENTED_EDGE('',*,*,#2328,.F.);
#1553=ORIENTED_EDGE('',*,*,#2329,.T.);
#1554=ORIENTED_EDGE('',*,*,#2330,.T.);
#1555=ORIENTED_EDGE('',*,*,#2331,.F.);
#1556=ORIENTED_EDGE('',*,*,#2332,.T.);
#1557=ORIENTED_EDGE('',*,*,#2333,.T.);
#1558=ORIENTED_EDGE('',*,*,#2334,.T.);
#1559=ORIENTED_EDGE('',*,*,#2335,.T.);
#1560=ORIENTED_EDGE('',*,*,#2336,.T.);
#1561=ORIENTED_EDGE('',*,*,#2337,.F.);
#1562=ORIENTED_EDGE('',*,*,#2305,.F.);
#1563=ORIENTED_EDGE('',*,*,#2338,.F.);
#1564=ORIENTED_EDGE('',*,*,#2339,.T.);
#1565=ORIENTED_EDGE('',*,*,#2340,.T.);
#1566=ORIENTED_EDGE('',*,*,#2341,.T.);
#1567=ORIENTED_EDGE('',*,*,#2342,.T.);
#1568=ORIENTED_EDGE('',*,*,#2343,.T.);
#1569=ORIENTED_EDGE('',*,*,#2344,.F.);
#1570=ORIENTED_EDGE('',*,*,#2345,.T.);
#1571=ORIENTED_EDGE('',*,*,#2346,.T.);
#1572=ORIENTED_EDGE('',*,*,#2347,.T.);
#1573=ORIENTED_EDGE('',*,*,#2348,.F.);
#1574=ORIENTED_EDGE('',*,*,#2303,.T.);
#1575=ORIENTED_EDGE('',*,*,#2310,.T.);
#1576=ORIENTED_EDGE('',*,*,#2349,.T.);
#1577=ORIENTED_EDGE('',*,*,#2350,.T.);
#1578=ORIENTED_EDGE('',*,*,#2351,.F.);
#1579=ORIENTED_EDGE('',*,*,#2352,.F.);
#1580=ORIENTED_EDGE('',*,*,#2353,.T.);
#1581=ORIENTED_EDGE('',*,*,#2336,.F.);
#1582=ORIENTED_EDGE('',*,*,#2354,.T.);
#1583=ORIENTED_EDGE('',*,*,#2342,.F.);
#1584=ORIENTED_EDGE('',*,*,#2355,.T.);
#1585=ORIENTED_EDGE('',*,*,#2349,.F.);
#1586=ORIENTED_EDGE('',*,*,#2309,.T.);
#1587=ORIENTED_EDGE('',*,*,#2356,.T.);
#1588=ORIENTED_EDGE('',*,*,#2307,.T.);
#1589=ORIENTED_EDGE('',*,*,#2357,.T.);
#1590=ORIENTED_EDGE('',*,*,#2358,.T.);
#1591=ORIENTED_EDGE('',*,*,#2359,.T.);
#1592=ORIENTED_EDGE('',*,*,#2360,.T.);
#1593=ORIENTED_EDGE('',*,*,#2361,.F.);
#1594=ORIENTED_EDGE('',*,*,#2361,.T.);
#1595=ORIENTED_EDGE('',*,*,#2362,.F.);
#1596=ORIENTED_EDGE('',*,*,#2362,.T.);
#1597=ORIENTED_EDGE('',*,*,#2359,.F.);
#1598=ORIENTED_EDGE('',*,*,#2363,.T.);
#1599=ORIENTED_EDGE('',*,*,#2364,.F.);
#1600=ORIENTED_EDGE('',*,*,#2364,.T.);
#1601=ORIENTED_EDGE('',*,*,#2365,.F.);
#1602=ORIENTED_EDGE('',*,*,#2365,.T.);
#1603=ORIENTED_EDGE('',*,*,#2356,.F.);
#1604=ORIENTED_EDGE('',*,*,#2308,.T.);
#1605=ORIENTED_EDGE('',*,*,#2366,.T.);
#1606=ORIENTED_EDGE('',*,*,#2367,.T.);
#1607=ORIENTED_EDGE('',*,*,#2351,.T.);
#1608=ORIENTED_EDGE('',*,*,#2367,.F.);
#1609=ORIENTED_EDGE('',*,*,#2368,.T.);
#1610=ORIENTED_EDGE('',*,*,#2369,.T.);
#1611=ORIENTED_EDGE('',*,*,#2344,.T.);
#1612=ORIENTED_EDGE('',*,*,#2369,.F.);
#1613=ORIENTED_EDGE('',*,*,#2357,.F.);
#1614=ORIENTED_EDGE('',*,*,#2350,.F.);
#1615=ORIENTED_EDGE('',*,*,#2358,.F.);
#1616=ORIENTED_EDGE('',*,*,#2343,.F.);
#1617=ORIENTED_EDGE('',*,*,#2335,.F.);
#1618=ORIENTED_EDGE('',*,*,#2370,.T.);
#1619=ORIENTED_EDGE('',*,*,#2339,.F.);
#1620=ORIENTED_EDGE('',*,*,#2354,.F.);
#1621=ORIENTED_EDGE('',*,*,#2341,.F.);
#1622=ORIENTED_EDGE('',*,*,#2371,.T.);
#1623=ORIENTED_EDGE('',*,*,#2345,.F.);
#1624=ORIENTED_EDGE('',*,*,#2355,.F.);
#1625=ORIENTED_EDGE('',*,*,#2372,.F.);
#1626=ORIENTED_EDGE('',*,*,#2373,.T.);
#1627=ORIENTED_EDGE('',*,*,#2373,.F.);
#1628=ORIENTED_EDGE('',*,*,#2328,.T.);
#1629=ORIENTED_EDGE('',*,*,#2374,.T.);
#1630=ORIENTED_EDGE('',*,*,#2338,.T.);
#1631=ORIENTED_EDGE('',*,*,#2304,.T.);
#1632=ORIENTED_EDGE('',*,*,#2348,.T.);
#1633=ORIENTED_EDGE('',*,*,#2375,.T.);
#1634=ORIENTED_EDGE('',*,*,#2331,.T.);
#1635=ORIENTED_EDGE('',*,*,#2376,.T.);
#1636=ORIENTED_EDGE('',*,*,#2325,.T.);
#1637=ORIENTED_EDGE('',*,*,#2377,.T.);
#1638=ORIENTED_EDGE('',*,*,#2377,.F.);
#1639=ORIENTED_EDGE('',*,*,#2332,.F.);
#1640=ORIENTED_EDGE('',*,*,#2372,.T.);
#1641=ORIENTED_EDGE('',*,*,#2327,.F.);
#1642=ORIENTED_EDGE('',*,*,#2378,.T.);
#1643=ORIENTED_EDGE('',*,*,#2333,.F.);
#1644=ORIENTED_EDGE('',*,*,#2374,.F.);
#1645=ORIENTED_EDGE('',*,*,#2347,.F.);
#1646=ORIENTED_EDGE('',*,*,#2379,.T.);
#1647=ORIENTED_EDGE('',*,*,#2329,.F.);
#1648=ORIENTED_EDGE('',*,*,#2375,.F.);
#1649=ORIENTED_EDGE('',*,*,#2380,.F.);
#1650=ORIENTED_EDGE('',*,*,#2317,.F.);
#1651=ORIENTED_EDGE('',*,*,#2381,.F.);
#1652=ORIENTED_EDGE('',*,*,#2371,.F.);
#1653=ORIENTED_EDGE('',*,*,#2381,.T.);
#1654=ORIENTED_EDGE('',*,*,#2316,.F.);
#1655=ORIENTED_EDGE('',*,*,#2382,.F.);
#1656=ORIENTED_EDGE('',*,*,#2346,.F.);
#1657=ORIENTED_EDGE('',*,*,#2380,.T.);
#1658=ORIENTED_EDGE('',*,*,#2340,.F.);
#1659=ORIENTED_EDGE('',*,*,#2383,.F.);
#1660=ORIENTED_EDGE('',*,*,#2318,.F.);
#1661=ORIENTED_EDGE('',*,*,#2382,.T.);
#1662=ORIENTED_EDGE('',*,*,#2315,.F.);
#1663=ORIENTED_EDGE('',*,*,#2384,.F.);
#1664=ORIENTED_EDGE('',*,*,#2379,.F.);
#1665=ORIENTED_EDGE('',*,*,#2383,.T.);
#1666=ORIENTED_EDGE('',*,*,#2370,.F.);
#1667=ORIENTED_EDGE('',*,*,#2385,.F.);
#1668=ORIENTED_EDGE('',*,*,#2319,.F.);
#1669=ORIENTED_EDGE('',*,*,#2384,.T.);
#1670=ORIENTED_EDGE('',*,*,#2314,.F.);
#1671=ORIENTED_EDGE('',*,*,#2386,.F.);
#1672=ORIENTED_EDGE('',*,*,#2330,.F.);
#1673=ORIENTED_EDGE('',*,*,#2385,.T.);
#1674=ORIENTED_EDGE('',*,*,#2334,.F.);
#1675=ORIENTED_EDGE('',*,*,#2387,.F.);
#1676=ORIENTED_EDGE('',*,*,#2320,.F.);
#1677=ORIENTED_EDGE('',*,*,#2386,.T.);
#1678=ORIENTED_EDGE('',*,*,#2313,.F.);
#1679=ORIENTED_EDGE('',*,*,#2388,.F.);
#1680=ORIENTED_EDGE('',*,*,#2376,.F.);
#1681=ORIENTED_EDGE('',*,*,#2387,.T.);
#1682=ORIENTED_EDGE('',*,*,#2378,.F.);
#1683=ORIENTED_EDGE('',*,*,#2389,.F.);
#1684=ORIENTED_EDGE('',*,*,#2311,.F.);
#1685=ORIENTED_EDGE('',*,*,#2388,.T.);
#1686=ORIENTED_EDGE('',*,*,#2312,.F.);
#1687=ORIENTED_EDGE('',*,*,#2389,.T.);
#1688=ORIENTED_EDGE('',*,*,#2326,.F.);
#1689=ORIENTED_EDGE('',*,*,#2368,.F.);
#1690=ORIENTED_EDGE('',*,*,#2321,.F.);
#1691=ORIENTED_EDGE('',*,*,#2366,.F.);
#1692=ORIENTED_EDGE('',*,*,#2322,.F.);
#1693=ORIENTED_EDGE('',*,*,#2323,.F.);
#1694=ORIENTED_EDGE('',*,*,#2360,.F.);
#1695=ORIENTED_EDGE('',*,*,#2324,.F.);
#1696=ORIENTED_EDGE('',*,*,#2363,.F.);
#1697=ORIENTED_EDGE('',*,*,#2337,.T.);
#1698=ORIENTED_EDGE('',*,*,#2353,.F.);
#1699=ORIENTED_EDGE('',*,*,#2390,.F.);
#1700=ORIENTED_EDGE('',*,*,#2300,.T.);
#1701=ORIENTED_EDGE('',*,*,#2390,.T.);
#1702=ORIENTED_EDGE('',*,*,#2352,.T.);
#1703=ORIENTED_EDGE('',*,*,#2306,.T.);
#1704=ORIENTED_EDGE('',*,*,#2301,.F.);
#1705=EDGE_CURVE('',#2391,#2392,#2845,.T.);
#1706=EDGE_CURVE('',#2391,#2393,#2846,.F.);
#1707=EDGE_CURVE('',#2394,#2393,#2847,.T.);
#1708=EDGE_CURVE('',#2395,#2394,#2848,.T.);
#1709=EDGE_CURVE('',#2395,#2396,#190,.T.);
#1710=EDGE_CURVE('',#2397,#2396,#2849,.T.);
#1711=EDGE_CURVE('',#2397,#2398,#2850,.T.);
#1712=EDGE_CURVE('',#2398,#2399,#2851,.T.);
#1713=EDGE_CURVE('',#2399,#2400,#191,.F.);
#1714=EDGE_CURVE('',#2400,#2401,#2852,.T.);
#1715=EDGE_CURVE('',#2401,#2402,#192,.T.);
#1716=EDGE_CURVE('',#2402,#2403,#2853,.T.);
#1717=EDGE_CURVE('',#2403,#2404,#2854,.T.);
#1718=EDGE_CURVE('',#2404,#2392,#2855,.T.);
#1719=EDGE_CURVE('',#2398,#2405,#2856,.F.);
#1720=EDGE_CURVE('',#2406,#2405,#2857,.T.);
#1721=EDGE_CURVE('',#2406,#2407,#2858,.T.);
#1722=EDGE_CURVE('',#2407,#2408,#2859,.T.);
#1723=EDGE_CURVE('',#2408,#2409,#2860,.T.);
#1724=EDGE_CURVE('',#2409,#2399,#2861,.T.);
#1725=EDGE_CURVE('',#2410,#2411,#2862,.T.);
#1726=EDGE_CURVE('',#2411,#2412,#2863,.T.);
#1727=EDGE_CURVE('',#2412,#2413,#2864,.F.);
#1728=EDGE_CURVE('',#2413,#2414,#2865,.T.);
#1729=EDGE_CURVE('',#2414,#2415,#2866,.T.);
#1730=EDGE_CURVE('',#2416,#2415,#2867,.T.);
#1731=EDGE_CURVE('',#2416,#2417,#2868,.F.);
#1732=EDGE_CURVE('',#2417,#2418,#2869,.T.);
#1733=EDGE_CURVE('',#2418,#2419,#2870,.F.);
#1734=EDGE_CURVE('',#2419,#2420,#2871,.T.);
#1735=EDGE_CURVE('',#2420,#2421,#2872,.F.);
#1736=EDGE_CURVE('',#2422,#2421,#2873,.T.);
#1737=EDGE_CURVE('',#2423,#2422,#2874,.T.);
#1738=EDGE_CURVE('',#2424,#2423,#2875,.T.);
#1739=EDGE_CURVE('',#2424,#2410,#2876,.T.);
#1740=EDGE_CURVE('',#2425,#2425,#193,.F.);
#1741=EDGE_CURVE('',#2426,#2426,#194,.F.);
#1742=EDGE_CURVE('',#2406,#2427,#2877,.T.);
#1743=EDGE_CURVE('',#2428,#2427,#2878,.T.);
#1744=EDGE_CURVE('',#2428,#2429,#2879,.F.);
#1745=EDGE_CURVE('',#2429,#2430,#2880,.T.);
#1746=EDGE_CURVE('',#2430,#2414,#2881,.T.);
#1747=EDGE_CURVE('',#2431,#2413,#2882,.T.);
#1748=EDGE_CURVE('',#2432,#2431,#2883,.T.);
#1749=EDGE_CURVE('',#2432,#2433,#195,.F.);
#1750=EDGE_CURVE('',#2434,#2433,#2884,.T.);
#1751=EDGE_CURVE('',#2434,#2435,#196,.T.);
#1752=EDGE_CURVE('',#2436,#2435,#2885,.T.);
#1753=EDGE_CURVE('',#2436,#2437,#197,.T.);
#1754=EDGE_CURVE('',#2437,#2438,#2886,.T.);
#1755=EDGE_CURVE('',#2438,#2407,#198,.F.);
#1756=EDGE_CURVE('',#2439,#2440,#2887,.T.);
#1757=EDGE_CURVE('',#2439,#2441,#2888,.T.);
#1758=EDGE_CURVE('',#2442,#2441,#2889,.T.);
#1759=EDGE_CURVE('',#2443,#2442,#2890,.T.);
#1760=EDGE_CURVE('',#2443,#2444,#2891,.T.);
#1761=EDGE_CURVE('',#2444,#2445,#2892,.T.);
#1762=EDGE_CURVE('',#2440,#2445,#2893,.T.);
#1763=EDGE_CURVE('',#2446,#2447,#2894,.T.);
#1764=EDGE_CURVE('',#2448,#2446,#2895,.T.);
#1765=EDGE_CURVE('',#2449,#2448,#2896,.T.);
#1766=EDGE_CURVE('',#2450,#2449,#2897,.T.);
#1767=EDGE_CURVE('',#2450,#2451,#2898,.T.);
#1768=EDGE_CURVE('',#2451,#2452,#2899,.T.);
#1769=EDGE_CURVE('',#2447,#2452,#2900,.T.);
#1770=EDGE_CURVE('',#2453,#2454,#2901,.T.);
#1771=EDGE_CURVE('',#2453,#2455,#2902,.T.);
#1772=EDGE_CURVE('',#2455,#2456,#2903,.T.);
#1773=EDGE_CURVE('',#2456,#2457,#2904,.T.);
#1774=EDGE_CURVE('',#2458,#2457,#2905,.T.);
#1775=EDGE_CURVE('',#2459,#2458,#2906,.T.);
#1776=EDGE_CURVE('',#2459,#2454,#2907,.T.);
#1777=EDGE_CURVE('',#2460,#2461,#2908,.T.);
#1778=EDGE_CURVE('',#2462,#2460,#2909,.T.);
#1779=EDGE_CURVE('',#2463,#2462,#2910,.T.);
#1780=EDGE_CURVE('',#2464,#2463,#2911,.T.);
#1781=EDGE_CURVE('',#2464,#2465,#2912,.T.);
#1782=EDGE_CURVE('',#2465,#2466,#2913,.T.);
#1783=EDGE_CURVE('',#2461,#2466,#2914,.T.);
#1784=EDGE_CURVE('',#2467,#2468,#2915,.T.);
#1785=EDGE_CURVE('',#2467,#2469,#2916,.T.);
#1786=EDGE_CURVE('',#2469,#2470,#2917,.T.);
#1787=EDGE_CURVE('',#2470,#2471,#2918,.T.);
#1788=EDGE_CURVE('',#2472,#2471,#2919,.T.);
#1789=EDGE_CURVE('',#2473,#2472,#2920,.T.);
#1790=EDGE_CURVE('',#2473,#2468,#2921,.T.);
#1791=EDGE_CURVE('',#2474,#2475,#2922,.T.);
#1792=EDGE_CURVE('',#2476,#2474,#2923,.T.);
#1793=EDGE_CURVE('',#2477,#2476,#2924,.T.);
#1794=EDGE_CURVE('',#2478,#2477,#2925,.T.);
#1795=EDGE_CURVE('',#2478,#2479,#2926,.T.);
#1796=EDGE_CURVE('',#2479,#2480,#2927,.T.);
#1797=EDGE_CURVE('',#2475,#2480,#2928,.T.);
#1798=EDGE_CURVE('',#2481,#2482,#2929,.T.);
#1799=EDGE_CURVE('',#2481,#2483,#2930,.T.);
#1800=EDGE_CURVE('',#2483,#2484,#2931,.T.);
#1801=EDGE_CURVE('',#2484,#2485,#2932,.T.);
#1802=EDGE_CURVE('',#2486,#2485,#2933,.T.);
#1803=EDGE_CURVE('',#2487,#2486,#2934,.T.);
#1804=EDGE_CURVE('',#2487,#2482,#2935,.T.);
#1805=EDGE_CURVE('',#2448,#2454,#199,.T.);
#1806=EDGE_CURVE('',#2459,#2449,#200,.T.);
#1807=EDGE_CURVE('',#2462,#2468,#201,.T.);
#1808=EDGE_CURVE('',#2473,#2463,#202,.T.);
#1809=EDGE_CURVE('',#2476,#2482,#203,.T.);
#1810=EDGE_CURVE('',#2487,#2477,#204,.T.);
#1811=EDGE_CURVE('',#2488,#2489,#2936,.T.);
#1812=EDGE_CURVE('',#2488,#2423,#2937,.T.);
#1813=EDGE_CURVE('',#2489,#2422,#2938,.T.);
#1814=EDGE_CURVE('',#2490,#2424,#2939,.T.);
#1815=EDGE_CURVE('',#2490,#2491,#2940,.T.);
#1816=EDGE_CURVE('',#2491,#2410,#2941,.T.);
#1817=EDGE_CURVE('',#2488,#2490,#205,.T.);
#1818=EDGE_CURVE('',#2489,#2491,#206,.T.);
#1819=EDGE_CURVE('',#2393,#2492,#2942,.T.);
#1820=EDGE_CURVE('',#2493,#2492,#2943,.T.);
#1821=EDGE_CURVE('',#2493,#2494,#2944,.T.);
#1822=EDGE_CURVE('',#2494,#2495,#2945,.T.);
#1823=EDGE_CURVE('',#2394,#2495,#2946,.T.);
#1824=EDGE_CURVE('',#2494,#2496,#2947,.T.);
#1825=EDGE_CURVE('',#2497,#2496,#2948,.T.);
#1826=EDGE_CURVE('',#2495,#2497,#2949,.T.);
#1827=EDGE_CURVE('',#2498,#2499,#207,.T.);
#1828=EDGE_CURVE('',#2499,#2500,#2950,.T.);
#1829=EDGE_CURVE('',#2500,#2501,#208,.T.);
#1830=EDGE_CURVE('',#2501,#2498,#2951,.T.);
#1831=EDGE_CURVE('',#2502,#2503,#209,.T.);
#1832=EDGE_CURVE('',#2503,#2504,#2952,.T.);
#1833=EDGE_CURVE('',#2504,#2505,#210,.T.);
#1834=EDGE_CURVE('',#2505,#2502,#2953,.T.);
#1835=EDGE_CURVE('',#2506,#2507,#211,.T.);
#1836=EDGE_CURVE('',#2507,#2508,#2954,.T.);
#1837=EDGE_CURVE('',#2508,#2509,#212,.T.);
#1838=EDGE_CURVE('',#2509,#2506,#2955,.T.);
#1839=EDGE_CURVE('',#2510,#2511,#213,.T.);
#1840=EDGE_CURVE('',#2511,#2512,#2956,.T.);
#1841=EDGE_CURVE('',#2512,#2513,#214,.T.);
#1842=EDGE_CURVE('',#2513,#2510,#2957,.T.);
#1843=EDGE_CURVE('',#2514,#2514,#215,.F.);
#1844=EDGE_CURVE('',#2515,#2515,#216,.F.);
#1845=EDGE_CURVE('',#2496,#2516,#2958,.T.);
#1846=EDGE_CURVE('',#2516,#2517,#2959,.T.);
#1847=EDGE_CURVE('',#2517,#2518,#2960,.T.);
#1848=EDGE_CURVE('',#2518,#2519,#2961,.T.);
#1849=EDGE_CURVE('',#2519,#2520,#2962,.T.);
#1850=EDGE_CURVE('',#2520,#2521,#2963,.T.);
#1851=EDGE_CURVE('',#2521,#2522,#2964,.T.);
#1852=EDGE_CURVE('',#2522,#2523,#2965,.T.);
#1853=EDGE_CURVE('',#2524,#2523,#2966,.T.);
#1854=EDGE_CURVE('',#2525,#2524,#2967,.T.);
#1855=EDGE_CURVE('',#2525,#2526,#2968,.T.);
#1856=EDGE_CURVE('',#2526,#2527,#2969,.T.);
#1857=EDGE_CURVE('',#2527,#2528,#2970,.T.);
#1858=EDGE_CURVE('',#2528,#2420,#217,.F.);
#1859=EDGE_CURVE('',#2419,#2529,#218,.F.);
#1860=EDGE_CURVE('',#2529,#2530,#219,.T.);
#1861=EDGE_CURVE('',#2530,#2416,#220,.F.);
#1862=EDGE_CURVE('',#2415,#2531,#2971,.F.);
#1863=EDGE_CURVE('',#2531,#2532,#2972,.F.);
#1864=EDGE_CURVE('',#2532,#2533,#2973,.T.);
#1865=EDGE_CURVE('',#2533,#2534,#2974,.T.);
#1866=EDGE_CURVE('',#2534,#2535,#221,.F.);
#1867=EDGE_CURVE('',#2535,#2497,#2975,.T.);
#1868=EDGE_CURVE('',#2536,#2537,#2976,.T.);
#1869=EDGE_CURVE('',#2536,#2538,#2977,.T.);
#1870=EDGE_CURVE('',#2538,#2539,#2978,.T.);
#1871=EDGE_CURVE('',#2539,#2540,#2979,.T.);
#1872=EDGE_CURVE('',#2541,#2540,#2980,.T.);
#1873=EDGE_CURVE('',#2541,#2542,#2981,.T.);
#1874=EDGE_CURVE('',#2542,#2537,#2982,.T.);
#1875=EDGE_CURVE('',#2543,#2544,#2983,.T.);
#1876=EDGE_CURVE('',#2544,#2545,#2984,.T.);
#1877=EDGE_CURVE('',#2545,#2546,#107,.T.);
#1878=EDGE_CURVE('',#2547,#2546,#2985,.T.);
#1879=EDGE_CURVE('',#2543,#2547,#2986,.F.);
#1880=EDGE_CURVE('',#2548,#2549,#108,.T.);
#1881=EDGE_CURVE('',#2549,#2550,#2987,.T.);
#1882=EDGE_CURVE('',#2551,#2550,#2988,.T.);
#1883=EDGE_CURVE('',#2552,#2551,#2989,.T.);
#1884=EDGE_CURVE('',#2548,#2552,#2990,.T.);
#1885=EDGE_CURVE('',#2431,#2553,#2991,.T.);
#1886=EDGE_CURVE('',#2553,#2554,#2992,.T.);
#1887=EDGE_CURVE('',#2555,#2554,#2993,.T.);
#1888=EDGE_CURVE('',#2555,#2556,#75,.T.);
#1889=EDGE_CURVE('',#2556,#2557,#2994,.F.);
#1890=EDGE_CURVE('',#2557,#2558,#2995,.T.);
#1891=EDGE_CURVE('',#2558,#2432,#2996,.F.);
#1892=EDGE_CURVE('',#2546,#2548,#2997,.T.);
#1893=EDGE_CURVE('',#2547,#2552,#2998,.T.);
#1894=EDGE_CURVE('',#2559,#2543,#2999,.F.);
#1895=EDGE_CURVE('',#2547,#2560,#3000,.F.);
#1896=EDGE_CURVE('',#2560,#2559,#3001,.F.);
#1897=EDGE_CURVE('',#2561,#2562,#3002,.T.);
#1898=EDGE_CURVE('',#2562,#2563,#222,.T.);
#1899=EDGE_CURVE('',#2563,#2564,#3003,.F.);
#1900=EDGE_CURVE('',#2564,#2561,#223,.F.);
#1901=EDGE_CURVE('',#2551,#2565,#3004,.T.);
#1902=EDGE_CURVE('',#2551,#2566,#3005,.T.);
#1903=EDGE_CURVE('',#2566,#2567,#3006,.F.);
#1904=EDGE_CURVE('',#2567,#2565,#3007,.T.);
#1905=EDGE_CURVE('',#2543,#2404,#3008,.T.);
#1906=EDGE_CURVE('',#2568,#2559,#3009,.T.);
#1907=EDGE_CURVE('',#2568,#2404,#3010,.F.);
#1908=EDGE_CURVE('',#2569,#2570,#3011,.F.);
#1909=EDGE_CURVE('',#2570,#2571,#3012,.F.);
#1910=EDGE_CURVE('',#2571,#2572,#3013,.F.);
#1911=EDGE_CURVE('',#2572,#2573,#3014,.T.);
#1912=EDGE_CURVE('',#2573,#2574,#3015,.T.);
#1913=EDGE_CURVE('',#2575,#2574,#224,.T.);
#1914=EDGE_CURVE('',#2575,#2576,#3016,.F.);
#1915=EDGE_CURVE('',#2576,#2577,#3017,.F.);
#1916=EDGE_CURVE('',#2577,#2578,#3018,.F.);
#1917=EDGE_CURVE('',#2579,#2578,#225,.T.);
#1918=EDGE_CURVE('',#2579,#2580,#3019,.T.);
#1919=EDGE_CURVE('',#2581,#2580,#226,.T.);
#1920=EDGE_CURVE('',#2581,#2582,#3020,.T.);
#1921=EDGE_CURVE('',#2582,#2583,#3021,.F.);
#1922=EDGE_CURVE('',#2583,#2584,#227,.T.);
#1923=EDGE_CURVE('',#2584,#2585,#228,.F.);
#1924=EDGE_CURVE('',#2585,#2569,#3022,.F.);
#1925=EDGE_CURVE('',#2586,#2587,#109,.F.);
#1926=EDGE_CURVE('',#2586,#2562,#76,.T.);
#1927=EDGE_CURVE('',#2588,#2561,#110,.T.);
#1928=EDGE_CURVE('',#2587,#2588,#3023,.F.);
#1929=EDGE_CURVE('',#2589,#2590,#229,.T.);
#1930=EDGE_CURVE('',#2590,#2530,#3024,.T.);
#1931=EDGE_CURVE('',#2529,#2589,#3025,.F.);
#1932=EDGE_CURVE('',#2591,#2427,#3026,.F.);
#1933=EDGE_CURVE('',#2591,#2397,#3027,.F.);
#1934=EDGE_CURVE('',#2396,#2534,#3028,.T.);
#1935=EDGE_CURVE('',#2428,#2533,#3029,.T.);
#1936=EDGE_CURVE('',#2592,#2593,#3030,.T.);
#1937=EDGE_CURVE('',#2593,#2594,#3031,.F.);
#1938=EDGE_CURVE('',#2594,#2595,#3032,.T.);
#1939=EDGE_CURVE('',#2595,#2566,#3033,.T.);
#1940=EDGE_CURVE('',#2596,#2566,#3034,.T.);
#1941=EDGE_CURVE('',#2597,#2596,#3035,.T.);
#1942=EDGE_CURVE('',#2597,#2598,#111,.F.);
#1943=EDGE_CURVE('',#2598,#2599,#230,.T.);
#1944=EDGE_CURVE('',#2599,#2555,#77,.T.);
#1945=EDGE_CURVE('',#2554,#2411,#3036,.T.);
#1946=EDGE_CURVE('',#2421,#2600,#231,.T.);
#1947=EDGE_CURVE('',#2592,#2600,#3037,.T.);
#1948=EDGE_CURVE('',#2568,#2601,#3038,.T.);
#1949=EDGE_CURVE('',#2560,#2602,#3039,.T.);
#1950=EDGE_CURVE('',#2565,#2602,#3040,.T.);
#1951=EDGE_CURVE('',#2603,#2567,#3041,.T.);
#1952=EDGE_CURVE('',#2603,#2604,#3042,.T.);
#1953=EDGE_CURVE('',#2604,#2605,#3043,.T.);
#1954=EDGE_CURVE('',#2606,#2605,#3044,.T.);
#1955=EDGE_CURVE('',#2606,#2607,#3045,.F.);
#1956=EDGE_CURVE('',#2601,#2607,#3046,.T.);
#1957=EDGE_CURVE('',#2600,#2528,#3047,.T.);
#1958=EDGE_CURVE('',#2527,#2608,#3048,.F.);
#1959=EDGE_CURVE('',#2592,#2608,#3049,.T.);
#1960=EDGE_CURVE('',#2609,#2610,#3050,.T.);
#1961=EDGE_CURVE('',#2610,#2593,#3051,.T.);
#1962=EDGE_CURVE('',#2608,#2611,#3052,.T.);
#1963=EDGE_CURVE('',#2611,#2609,#3053,.T.);
#1964=EDGE_CURVE('',#2594,#2612,#3054,.T.);
#1965=EDGE_CURVE('',#2612,#2613,#3055,.T.);
#1966=EDGE_CURVE('',#2613,#2614,#3056,.T.);
#1967=EDGE_CURVE('',#2614,#2604,#3057,.T.);
#1968=EDGE_CURVE('',#2603,#2595,#3058,.F.);
#1969=EDGE_CURVE('',#2615,#2616,#3059,.T.);
#1970=EDGE_CURVE('',#2616,#2617,#3060,.T.);
#1971=EDGE_CURVE('',#2617,#2618,#3061,.T.);
#1972=EDGE_CURVE('',#2618,#2619,#3062,.F.);
#1973=EDGE_CURVE('',#2619,#2620,#3063,.T.);
#1974=EDGE_CURVE('',#2620,#2615,#3064,.T.);
#1975=EDGE_CURVE('',#2621,#2622,#3065,.T.);
#1976=EDGE_CURVE('',#2622,#2623,#3066,.T.);
#1977=EDGE_CURVE('',#2623,#2391,#3067,.T.);
#1978=EDGE_CURVE('',#2392,#2601,#3068,.F.);
#1979=EDGE_CURVE('',#2607,#2621,#3069,.T.);
#1980=EDGE_CURVE('',#2535,#2395,#3070,.F.);
#1981=EDGE_CURVE('',#2620,#2606,#3071,.F.);
#1982=EDGE_CURVE('',#2605,#2615,#3072,.T.);
#1983=EDGE_CURVE('',#2619,#2624,#3073,.F.);
#1984=EDGE_CURVE('',#2624,#2621,#3074,.F.);
#1985=EDGE_CURVE('',#2614,#2625,#3075,.F.);
#1986=EDGE_CURVE('',#2625,#2616,#3076,.T.);
#1987=EDGE_CURVE('',#2587,#2596,#3077,.T.);
#1988=EDGE_CURVE('',#2588,#2597,#3078,.T.);
#1989=EDGE_CURVE('',#2402,#2626,#3079,.T.);
#1990=EDGE_CURVE('',#2626,#2627,#3080,.F.);
#1991=EDGE_CURVE('',#2627,#2403,#3081,.T.);
#1992=EDGE_CURVE('',#2400,#2628,#3082,.F.);
#1993=EDGE_CURVE('',#2628,#2629,#3083,.T.);
#1994=EDGE_CURVE('',#2629,#2401,#3084,.F.);
#1995=EDGE_CURVE('',#2602,#2552,#3085,.T.);
#1996=EDGE_CURVE('',#2526,#2611,#3086,.F.);
#1997=EDGE_CURVE('',#2630,#2631,#3087,.T.);
#1998=EDGE_CURVE('',#2631,#2438,#3088,.F.);
#1999=EDGE_CURVE('',#2437,#2630,#3089,.F.);
#2000=EDGE_CURVE('',#2632,#2633,#3090,.F.);
#2001=EDGE_CURVE('',#2633,#2434,#3091,.T.);
#2002=EDGE_CURVE('',#2433,#2632,#3092,.T.);
#2003=EDGE_CURVE('',#2634,#2635,#3093,.F.);
#2004=EDGE_CURVE('',#2635,#2436,#3094,.T.);
#2005=EDGE_CURVE('',#2435,#2634,#3095,.F.);
#2006=EDGE_CURVE('',#2417,#2590,#232,.T.);
#2007=EDGE_CURVE('',#2589,#2418,#233,.T.);
#2008=EDGE_CURVE('',#2598,#2561,#3096,.F.);
#2009=EDGE_CURVE('',#2564,#2636,#78,.T.);
#2010=EDGE_CURVE('',#2636,#2599,#79,.T.);
#2011=EDGE_CURVE('',#2563,#2557,#234,.F.);
#2012=EDGE_CURVE('',#2636,#2556,#80,.T.);
#2013=EDGE_CURVE('',#2550,#2637,#112,.F.);
#2014=EDGE_CURVE('',#2637,#2638,#3097,.T.);
#2015=EDGE_CURVE('',#2638,#2586,#81,.T.);
#2016=EDGE_CURVE('',#2639,#2640,#3098,.F.);
#2017=EDGE_CURVE('',#2640,#2544,#113,.T.);
#2018=EDGE_CURVE('',#2627,#2639,#114,.T.);
#2019=EDGE_CURVE('',#2408,#2631,#235,.T.);
#2020=EDGE_CURVE('',#2577,#2631,#236,.F.);
#2021=EDGE_CURVE('',#2408,#2577,#237,.F.);
#2022=EDGE_CURVE('',#2409,#2576,#238,.T.);
#2023=EDGE_CURVE('',#2628,#2409,#239,.T.);
#2024=EDGE_CURVE('',#2630,#2635,#240,.F.);
#2025=EDGE_CURVE('',#2578,#2630,#241,.T.);
#2026=EDGE_CURVE('',#2628,#2576,#242,.F.);
#2027=EDGE_CURVE('',#2626,#2629,#243,.T.);
#2028=EDGE_CURVE('',#2579,#2635,#244,.F.);
#2029=EDGE_CURVE('',#2629,#2575,#245,.T.);
#2030=EDGE_CURVE('',#2634,#2633,#246,.F.);
#2031=EDGE_CURVE('',#2580,#2634,#247,.T.);
#2032=EDGE_CURVE('',#2626,#2574,#248,.F.);
#2033=EDGE_CURVE('',#2581,#2633,#249,.F.);
#2034=EDGE_CURVE('',#2639,#2573,#115,.F.);
#2035=EDGE_CURVE('',#2632,#2558,#250,.T.);
#2036=EDGE_CURVE('',#2582,#2632,#251,.T.);
#2037=EDGE_CURVE('',#2640,#2572,#116,.F.);
#2038=EDGE_CURVE('',#2582,#2558,#252,.F.);
#2039=EDGE_CURVE('',#2545,#2571,#117,.T.);
#2040=EDGE_CURVE('',#2583,#2557,#253,.T.);
#2041=EDGE_CURVE('',#2549,#2570,#118,.T.);
#2042=EDGE_CURVE('',#2584,#2563,#254,.T.);
#2043=EDGE_CURVE('',#2637,#2569,#119,.F.);
#2044=EDGE_CURVE('',#2585,#2638,#82,.F.);
#2045=EDGE_CURVE('',#2540,#2444,#255,.F.);
#2046=EDGE_CURVE('',#2443,#2541,#256,.T.);
#2047=EDGE_CURVE('',#2537,#2441,#257,.T.);
#2048=EDGE_CURVE('',#2542,#2442,#258,.T.);
#2049=EDGE_CURVE('',#2457,#2451,#259,.F.);
#2050=EDGE_CURVE('',#2450,#2458,#260,.T.);
#2051=EDGE_CURVE('',#2471,#2465,#261,.F.);
#2052=EDGE_CURVE('',#2464,#2472,#262,.T.);
#2053=EDGE_CURVE('',#2485,#2479,#263,.F.);
#2054=EDGE_CURVE('',#2478,#2486,#264,.T.);
#2055=EDGE_CURVE('',#2480,#2484,#265,.F.);
#2056=EDGE_CURVE('',#2483,#2475,#266,.T.);
#2057=EDGE_CURVE('',#2483,#2475,#3099,.T.);
#2058=EDGE_CURVE('',#2466,#2470,#267,.F.);
#2059=EDGE_CURVE('',#2469,#2461,#268,.T.);
#2060=EDGE_CURVE('',#2461,#2469,#3100,.T.);
#2061=EDGE_CURVE('',#2452,#2456,#269,.F.);
#2062=EDGE_CURVE('',#2455,#2447,#270,.T.);
#2063=EDGE_CURVE('',#2455,#2447,#3101,.T.);
#2064=EDGE_CURVE('',#2445,#2539,#271,.F.);
#2065=EDGE_CURVE('',#2538,#2440,#272,.T.);
#2066=EDGE_CURVE('',#2440,#2538,#3102,.T.);
#2067=EDGE_CURVE('',#2641,#2641,#273,.T.);
#2068=EDGE_CURVE('',#2642,#2642,#274,.T.);
#2069=EDGE_CURVE('',#2523,#2610,#3103,.T.);
#2070=EDGE_CURVE('',#2609,#2643,#3104,.T.);
#2071=EDGE_CURVE('',#2643,#2524,#3105,.T.);
#2072=EDGE_CURVE('',#2643,#2644,#3106,.T.);
#2073=EDGE_CURVE('',#2644,#2525,#3107,.T.);
#2074=EDGE_CURVE('',#2492,#2518,#3108,.T.);
#2075=EDGE_CURVE('',#2645,#2517,#3109,.T.);
#2076=EDGE_CURVE('',#2645,#2493,#3110,.T.);
#2077=EDGE_CURVE('',#2516,#2646,#3111,.T.);
#2078=EDGE_CURVE('',#2646,#2645,#3112,.T.);
#2079=EDGE_CURVE('',#2498,#2451,#3113,.T.);
#2080=EDGE_CURVE('',#2452,#2501,#83,.T.);
#2081=EDGE_CURVE('',#2456,#2500,#84,.F.);
#2082=EDGE_CURVE('',#2499,#2457,#3114,.T.);
#2083=EDGE_CURVE('',#2502,#2470,#85,.F.);
#2084=EDGE_CURVE('',#2471,#2505,#3115,.T.);
#2085=EDGE_CURVE('',#2465,#2504,#3116,.T.);
#2086=EDGE_CURVE('',#2503,#2466,#86,.F.);
#2087=EDGE_CURVE('',#2506,#2479,#3117,.T.);
#2088=EDGE_CURVE('',#2480,#2509,#87,.T.);
#2089=EDGE_CURVE('',#2484,#2508,#88,.F.);
#2090=EDGE_CURVE('',#2507,#2485,#3118,.T.);
#2091=EDGE_CURVE('',#2510,#2539,#89,.F.);
#2092=EDGE_CURVE('',#2540,#2513,#3119,.T.);
#2093=EDGE_CURVE('',#2444,#2512,#3120,.T.);
#2094=EDGE_CURVE('',#2511,#2445,#90,.F.);
#2095=EDGE_CURVE('',#2518,#2622,#3121,.T.);
#2096=EDGE_CURVE('',#2519,#2624,#3122,.T.);
#2097=EDGE_CURVE('',#2520,#2618,#3123,.T.);
#2098=EDGE_CURVE('',#2521,#2617,#3124,.F.);
#2099=EDGE_CURVE('',#2522,#2625,#3125,.T.);
#2100=EDGE_CURVE('',#2613,#2523,#3126,.F.);
#2101=EDGE_CURVE('',#2481,#2474,#3127,.T.);
#2102=EDGE_CURVE('',#2460,#2467,#3128,.T.);
#2103=EDGE_CURVE('',#2453,#2446,#3129,.T.);
#2104=EDGE_CURVE('',#2439,#2536,#3130,.T.);
#2105=EDGE_CURVE('',#2532,#2429,#3131,.T.);
#2106=EDGE_CURVE('',#2531,#2430,#3132,.T.);
#2107=EDGE_CURVE('',#2412,#2553,#3133,.T.);
#2108=EDGE_CURVE('',#2405,#2591,#3134,.T.);
#2109=EDGE_CURVE('',#2494,#2646,#3135,.F.);
#2110=EDGE_CURVE('',#2644,#2611,#3136,.F.);
#2111=EDGE_CURVE('',#2492,#2623,#3137,.T.);
#2112=EDGE_CURVE('',#2612,#2610,#3138,.T.);
#2113=EDGE_CURVE('',#2647,#2648,#3139,.T.);
#2114=EDGE_CURVE('',#2649,#2648,#3140,.T.);
#2115=EDGE_CURVE('',#2649,#2650,#3141,.T.);
#2116=EDGE_CURVE('',#2650,#2651,#3142,.T.);
#2117=EDGE_CURVE('',#2652,#2651,#3143,.T.);
#2118=EDGE_CURVE('',#2647,#2652,#3144,.T.);
#2119=EDGE_CURVE('',#2653,#2652,#3145,.T.);
#2120=EDGE_CURVE('',#2651,#2654,#3146,.T.);
#2121=EDGE_CURVE('',#2654,#2655,#3147,.T.);
#2122=EDGE_CURVE('',#2655,#2656,#120,.F.);
#2123=EDGE_CURVE('',#2656,#2653,#3148,.T.);
#2124=EDGE_CURVE('',#2657,#2658,#3149,.T.);
#2125=EDGE_CURVE('',#2659,#2657,#3150,.T.);
#2126=EDGE_CURVE('',#2660,#2659,#3151,.T.);
#2127=EDGE_CURVE('',#2661,#2660,#3152,.T.);
#2128=EDGE_CURVE('',#2662,#2661,#3153,.T.);
#2129=EDGE_CURVE('',#2663,#2662,#3154,.T.);
#2130=EDGE_CURVE('',#2664,#2663,#3155,.T.);
#2131=EDGE_CURVE('',#2665,#2664,#3156,.T.);
#2132=EDGE_CURVE('',#2666,#2665,#275,.T.);
#2133=EDGE_CURVE('',#2658,#2666,#3157,.T.);
#2134=EDGE_CURVE('',#2667,#2667,#276,.T.);
#2135=EDGE_CURVE('',#2668,#2668,#277,.T.);
#2136=EDGE_CURVE('',#2669,#2669,#278,.T.);
#2137=EDGE_CURVE('',#2670,#2670,#279,.T.);
#2138=EDGE_CURVE('',#2671,#2672,#3158,.F.);
#2139=EDGE_CURVE('',#2673,#2672,#91,.T.);
#2140=EDGE_CURVE('',#2673,#2674,#3159,.T.);
#2141=EDGE_CURVE('',#2675,#2674,#3160,.T.);
#2142=EDGE_CURVE('',#2676,#2675,#3161,.T.);
#2143=EDGE_CURVE('',#2676,#2677,#3162,.T.);
#2144=EDGE_CURVE('',#2678,#2677,#3163,.T.);
#2145=EDGE_CURVE('',#2671,#2678,#3164,.T.);
#2146=EDGE_CURVE('',#2679,#2680,#3165,.T.);
#2147=EDGE_CURVE('',#2679,#2649,#3166,.T.);
#2148=EDGE_CURVE('',#2648,#2681,#3167,.T.);
#2149=EDGE_CURVE('',#2682,#2681,#3168,.T.);
#2150=EDGE_CURVE('',#2683,#2682,#3169,.T.);
#2151=EDGE_CURVE('',#2680,#2683,#3170,.T.);
#2152=EDGE_CURVE('',#2684,#2685,#3171,.T.);
#2153=EDGE_CURVE('',#2686,#2684,#3172,.T.);
#2154=EDGE_CURVE('',#2687,#2686,#3173,.T.);
#2155=EDGE_CURVE('',#2685,#2687,#3174,.T.);
#2156=EDGE_CURVE('',#2688,#2688,#280,.T.);
#2157=EDGE_CURVE('',#2689,#2689,#281,.T.);
#2158=EDGE_CURVE('',#2690,#2691,#3175,.T.);
#2159=EDGE_CURVE('',#2654,#2690,#3176,.T.);
#2160=EDGE_CURVE('',#2650,#2692,#3177,.T.);
#2161=EDGE_CURVE('',#2693,#2692,#3178,.T.);
#2162=EDGE_CURVE('',#2691,#2693,#3179,.T.);
#2163=EDGE_CURVE('',#2694,#2694,#282,.T.);
#2164=EDGE_CURVE('',#2695,#2695,#283,.T.);
#2165=EDGE_CURVE('',#2696,#2653,#3180,.T.);
#2166=EDGE_CURVE('',#2655,#2656,#284,.T.);
#2167=EDGE_CURVE('',#2686,#2690,#3181,.F.);
#2168=EDGE_CURVE('',#2682,#2684,#3182,.F.);
#2169=EDGE_CURVE('',#2696,#2681,#3183,.T.);
#2170=EDGE_CURVE('',#2697,#2697,#285,.F.);
#2171=EDGE_CURVE('',#2698,#2698,#286,.F.);
#2172=EDGE_CURVE('',#2699,#2699,#287,.T.);
#2173=EDGE_CURVE('',#2700,#2700,#288,.F.);
#2174=EDGE_CURVE('',#2701,#2701,#289,.T.);
#2175=EDGE_CURVE('',#2702,#2702,#290,.T.);
#2176=EDGE_CURVE('',#2703,#2703,#291,.F.);
#2177=EDGE_CURVE('',#2704,#2704,#292,.T.);
#2178=EDGE_CURVE('',#2705,#2705,#293,.T.);
#2179=EDGE_CURVE('',#2706,#2706,#294,.T.);
#2180=EDGE_CURVE('',#2707,#2707,#295,.F.);
#2181=EDGE_CURVE('',#2708,#2708,#296,.T.);
#2182=EDGE_CURVE('',#2709,#2709,#297,.F.);
#2183=EDGE_CURVE('',#2683,#2685,#3184,.F.);
#2184=EDGE_CURVE('',#2687,#2691,#3185,.F.);
#2185=EDGE_CURVE('',#2710,#2710,#92,.T.);
#2186=EDGE_CURVE('',#2711,#2711,#298,.T.);
#2187=EDGE_CURVE('',#2692,#2676,#3186,.T.);
#2188=EDGE_CURVE('',#2677,#2679,#3187,.T.);
#2189=EDGE_CURVE('',#2672,#2673,#299,.T.);
#2190=EDGE_CURVE('',#2674,#2671,#300,.F.);
#2191=EDGE_CURVE('',#2678,#2680,#3188,.T.);
#2192=EDGE_CURVE('',#2693,#2675,#3189,.T.);
#2193=EDGE_CURVE('',#2661,#2687,#3190,.T.);
#2194=EDGE_CURVE('',#2691,#2662,#3191,.F.);
#2195=EDGE_CURVE('',#2693,#2663,#3192,.T.);
#2196=EDGE_CURVE('',#2660,#2685,#3193,.T.);
#2197=EDGE_CURVE('',#2675,#2664,#3194,.F.);
#2198=EDGE_CURVE('',#2659,#2683,#3195,.T.);
#2199=EDGE_CURVE('',#2674,#2665,#93,.T.);
#2200=EDGE_CURVE('',#2657,#2680,#3196,.F.);
#2201=EDGE_CURVE('',#2671,#2666,#94,.F.);
#2202=EDGE_CURVE('',#2658,#2678,#3197,.T.);
#2203=EDGE_CURVE('',#2647,#2696,#3198,.T.);
#2204=EDGE_CURVE('',#2712,#2713,#3199,.T.);
#2205=EDGE_CURVE('',#2712,#2714,#3200,.T.);
#2206=EDGE_CURVE('',#2714,#2715,#3201,.T.);
#2207=EDGE_CURVE('',#2715,#2716,#3202,.T.);
#2208=EDGE_CURVE('',#2716,#2717,#3203,.T.);
#2209=EDGE_CURVE('',#2717,#2718,#3204,.T.);
#2210=EDGE_CURVE('',#2718,#2719,#3205,.T.);
#2211=EDGE_CURVE('',#2719,#2720,#3206,.T.);
#2212=EDGE_CURVE('',#2721,#2720,#3207,.T.);
#2213=EDGE_CURVE('',#2721,#2722,#3208,.T.);
#2214=EDGE_CURVE('',#2723,#2722,#3209,.T.);
#2215=EDGE_CURVE('',#2724,#2723,#3210,.T.);
#2216=EDGE_CURVE('',#2724,#2725,#3211,.T.);
#2217=EDGE_CURVE('',#2725,#2726,#3212,.T.);
#2218=EDGE_CURVE('',#2727,#2726,#3213,.T.);
#2219=EDGE_CURVE('',#2727,#2728,#3214,.T.);
#2220=EDGE_CURVE('',#2728,#2729,#3215,.T.);
#2221=EDGE_CURVE('',#2729,#2730,#3216,.F.);
#2222=EDGE_CURVE('',#2731,#2730,#3217,.T.);
#2223=EDGE_CURVE('',#2713,#2731,#3218,.T.);
#2224=EDGE_CURVE('',#2732,#2733,#3219,.F.);
#2225=EDGE_CURVE('',#2733,#2734,#3220,.T.);
#2226=EDGE_CURVE('',#2735,#2734,#3221,.F.);
#2227=EDGE_CURVE('',#2735,#2736,#3222,.T.);
#2228=EDGE_CURVE('',#2737,#2736,#3223,.F.);
#2229=EDGE_CURVE('',#2737,#2738,#3224,.F.);
#2230=EDGE_CURVE('',#2739,#2738,#3225,.F.);
#2231=EDGE_CURVE('',#2740,#2739,#3226,.T.);
#2232=EDGE_CURVE('',#2741,#2740,#3227,.F.);
#2233=EDGE_CURVE('',#2741,#2732,#3228,.T.);
#2234=EDGE_CURVE('',#2742,#2743,#3229,.T.);
#2235=EDGE_CURVE('',#2744,#2742,#3230,.T.);
#2236=EDGE_CURVE('',#2745,#2744,#3231,.T.);
#2237=EDGE_CURVE('',#2746,#2745,#3232,.F.);
#2238=EDGE_CURVE('',#2746,#2747,#3233,.T.);
#2239=EDGE_CURVE('',#2747,#2748,#3234,.T.);
#2240=EDGE_CURVE('',#2749,#2748,#3235,.T.);
#2241=EDGE_CURVE('',#2749,#2750,#3236,.T.);
#2242=EDGE_CURVE('',#2751,#2750,#3237,.T.);
#2243=EDGE_CURVE('',#2751,#2743,#3238,.T.);
#2244=EDGE_CURVE('',#2717,#2742,#3239,.F.);
#2245=EDGE_CURVE('',#2743,#2752,#121,.T.);
#2246=EDGE_CURVE('',#2752,#2753,#3240,.T.);
#2247=EDGE_CURVE('',#2753,#2754,#95,.T.);
#2248=EDGE_CURVE('',#2754,#2755,#3241,.T.);
#2249=EDGE_CURVE('',#2755,#2718,#96,.T.);
#2250=EDGE_CURVE('',#2722,#2748,#3242,.F.);
#2251=EDGE_CURVE('',#2721,#2756,#97,.T.);
#2252=EDGE_CURVE('',#2756,#2757,#3243,.T.);
#2253=EDGE_CURVE('',#2757,#2758,#98,.T.);
#2254=EDGE_CURVE('',#2759,#2758,#3244,.T.);
#2255=EDGE_CURVE('',#2759,#2749,#122,.T.);
#2256=EDGE_CURVE('',#2760,#2761,#3245,.T.);
#2257=EDGE_CURVE('',#2753,#2761,#3246,.T.);
#2258=EDGE_CURVE('',#2760,#2752,#3247,.T.);
#2259=EDGE_CURVE('',#2762,#2720,#99,.T.);
#2260=EDGE_CURVE('',#2719,#2763,#100,.T.);
#2261=EDGE_CURVE('',#2763,#2764,#3248,.T.);
#2262=EDGE_CURVE('',#2764,#2761,#101,.T.);
#2263=EDGE_CURVE('',#2760,#2751,#301,.T.);
#2264=EDGE_CURVE('',#2750,#2765,#302,.T.);
#2265=EDGE_CURVE('',#2765,#2766,#3249,.T.);
#2266=EDGE_CURVE('',#2766,#2767,#102,.T.);
#2267=EDGE_CURVE('',#2767,#2762,#3250,.T.);
#2268=EDGE_CURVE('',#2755,#2763,#3251,.T.);
#2269=EDGE_CURVE('',#2754,#2764,#3252,.T.);
#2270=EDGE_CURVE('',#2766,#2758,#3253,.T.);
#2271=EDGE_CURVE('',#2759,#2765,#3254,.T.);
#2272=EDGE_CURVE('',#2756,#2762,#3255,.T.);
#2273=EDGE_CURVE('',#2757,#2767,#3256,.T.);
#2274=EDGE_CURVE('',#2729,#2738,#3257,.T.);
#2275=EDGE_CURVE('',#2727,#2740,#3258,.F.);
#2276=EDGE_CURVE('',#2737,#2730,#3259,.T.);
#2277=EDGE_CURVE('',#2735,#2713,#3260,.F.);
#2278=EDGE_CURVE('',#2715,#2745,#3261,.F.);
#2279=EDGE_CURVE('',#2724,#2746,#3262,.F.);
#2280=EDGE_CURVE('',#2768,#2768,#303,.T.);
#2281=EDGE_CURVE('',#2769,#2770,#3263,.T.);
#2282=EDGE_CURVE('',#2770,#2712,#3264,.F.);
#2283=EDGE_CURVE('',#2734,#2769,#3265,.F.);
#2284=EDGE_CURVE('',#2771,#2771,#304,.T.);
#2285=EDGE_CURVE('',#2772,#2772,#305,.T.);
#2286=EDGE_CURVE('',#2714,#2773,#3266,.F.);
#2287=EDGE_CURVE('',#2774,#2773,#3267,.T.);
#2288=EDGE_CURVE('',#2774,#2733,#3268,.F.);
#2289=EDGE_CURVE('',#2732,#2775,#3269,.T.);
#2290=EDGE_CURVE('',#2775,#2776,#3270,.T.);
#2291=EDGE_CURVE('',#2776,#2725,#3271,.T.);
#2292=EDGE_CURVE('',#2777,#2777,#306,.T.);
#2293=EDGE_CURVE('',#2726,#2778,#3272,.T.);
#2294=EDGE_CURVE('',#2779,#2778,#3273,.T.);
#2295=EDGE_CURVE('',#2779,#2741,#3274,.T.);
#2296=EDGE_CURVE('',#2778,#2776,#3275,.T.);
#2297=EDGE_CURVE('',#2775,#2779,#3276,.T.);
#2298=EDGE_CURVE('',#2773,#2770,#3277,.T.);
#2299=EDGE_CURVE('',#2769,#2774,#3278,.T.);
#2300=EDGE_CURVE('',#2780,#2781,#3279,.T.);
#2301=EDGE_CURVE('',#2780,#2782,#3280,.T.);
#2302=EDGE_CURVE('',#2782,#2783,#3281,.T.);
#2303=EDGE_CURVE('',#2784,#2783,#3282,.T.);
#2304=EDGE_CURVE('',#2785,#2784,#3283,.T.);
#2305=EDGE_CURVE('',#2785,#2781,#3284,.T.);
#2306=EDGE_CURVE('',#2786,#2782,#3285,.T.);
#2307=EDGE_CURVE('',#2787,#2786,#3286,.T.);
#2308=EDGE_CURVE('',#2788,#2787,#123,.F.);
#2309=EDGE_CURVE('',#2789,#2788,#3287,.T.);
#2310=EDGE_CURVE('',#2783,#2789,#3288,.T.);
#2311=EDGE_CURVE('',#2790,#2791,#3289,.T.);
#2312=EDGE_CURVE('',#2791,#2792,#3290,.T.);
#2313=EDGE_CURVE('',#2792,#2793,#307,.T.);
#2314=EDGE_CURVE('',#2793,#2794,#3291,.T.);
#2315=EDGE_CURVE('',#2794,#2795,#3292,.T.);
#2316=EDGE_CURVE('',#2795,#2796,#3293,.T.);
#2317=EDGE_CURVE('',#2796,#2797,#3294,.T.);
#2318=EDGE_CURVE('',#2797,#2798,#3295,.T.);
#2319=EDGE_CURVE('',#2798,#2799,#3296,.T.);
#2320=EDGE_CURVE('',#2799,#2790,#3297,.T.);
#2321=EDGE_CURVE('',#2800,#2800,#308,.T.);
#2322=EDGE_CURVE('',#2801,#2801,#309,.T.);
#2323=EDGE_CURVE('',#2802,#2802,#310,.T.);
#2324=EDGE_CURVE('',#2803,#2803,#311,.T.);
#2325=EDGE_CURVE('',#2804,#2805,#3298,.F.);
#2326=EDGE_CURVE('',#2804,#2806,#3299,.T.);
#2327=EDGE_CURVE('',#2806,#2807,#3300,.T.);
#2328=EDGE_CURVE('',#2808,#2807,#3301,.T.);
#2329=EDGE_CURVE('',#2808,#2809,#3302,.T.);
#2330=EDGE_CURVE('',#2809,#2810,#3303,.T.);
#2331=EDGE_CURVE('',#2811,#2810,#3304,.T.);
#2332=EDGE_CURVE('',#2811,#2805,#103,.T.);
#2333=EDGE_CURVE('',#2812,#2813,#3305,.T.);
#2334=EDGE_CURVE('',#2813,#2814,#3306,.T.);
#2335=EDGE_CURVE('',#2814,#2815,#3307,.T.);
#2336=EDGE_CURVE('',#2815,#2816,#3308,.T.);
#2337=EDGE_CURVE('',#2781,#2816,#3309,.T.);
#2338=EDGE_CURVE('',#2812,#2785,#3310,.T.);
#2339=EDGE_CURVE('',#2817,#2818,#3311,.T.);
#2340=EDGE_CURVE('',#2818,#2819,#3312,.T.);
#2341=EDGE_CURVE('',#2819,#2820,#3313,.T.);
#2342=EDGE_CURVE('',#2820,#2817,#3314,.T.);
#2343=EDGE_CURVE('',#2821,#2821,#312,.T.);
#2344=EDGE_CURVE('',#2822,#2822,#313,.T.);
#2345=EDGE_CURVE('',#2823,#2824,#3315,.T.);
#2346=EDGE_CURVE('',#2824,#2825,#3316,.T.);
#2347=EDGE_CURVE('',#2825,#2826,#3317,.T.);
#2348=EDGE_CURVE('',#2784,#2826,#3318,.T.);
#2349=EDGE_CURVE('',#2789,#2823,#3319,.T.);
#2350=EDGE_CURVE('',#2827,#2827,#314,.T.);
#2351=EDGE_CURVE('',#2828,#2828,#315,.T.);
#2352=EDGE_CURVE('',#2829,#2786,#3320,.T.);
#2353=EDGE_CURVE('',#2829,#2816,#3321,.T.);
#2354=EDGE_CURVE('',#2815,#2817,#3322,.F.);
#2355=EDGE_CURVE('',#2820,#2823,#3323,.F.);
#2356=EDGE_CURVE('',#2788,#2787,#316,.T.);
#2357=EDGE_CURVE('',#2830,#2830,#317,.F.);
#2358=EDGE_CURVE('',#2831,#2831,#318,.F.);
#2359=EDGE_CURVE('',#2832,#2832,#319,.T.);
#2360=EDGE_CURVE('',#2833,#2833,#320,.F.);
#2361=EDGE_CURVE('',#2834,#2834,#321,.T.);
#2362=EDGE_CURVE('',#2835,#2835,#322,.T.);
#2363=EDGE_CURVE('',#2836,#2836,#323,.F.);
#2364=EDGE_CURVE('',#2837,#2837,#324,.T.);
#2365=EDGE_CURVE('',#2838,#2838,#325,.T.);
#2366=EDGE_CURVE('',#2839,#2839,#326,.F.);
#2367=EDGE_CURVE('',#2840,#2840,#327,.T.);
#2368=EDGE_CURVE('',#2841,#2841,#328,.F.);
#2369=EDGE_CURVE('',#2842,#2842,#329,.T.);
#2370=EDGE_CURVE('',#2814,#2818,#3324,.F.);
#2371=EDGE_CURVE('',#2819,#2824,#3325,.F.);
#2372=EDGE_CURVE('',#2843,#2843,#104,.T.);
#2373=EDGE_CURVE('',#2844,#2844,#330,.T.);
#2374=EDGE_CURVE('',#2807,#2812,#3326,.T.);
#2375=EDGE_CURVE('',#2826,#2808,#3327,.T.);
#2376=EDGE_CURVE('',#2810,#2804,#331,.F.);
#2377=EDGE_CURVE('',#2805,#2811,#332,.T.);
#2378=EDGE_CURVE('',#2806,#2813,#3328,.T.);
#2379=EDGE_CURVE('',#2825,#2809,#3329,.T.);
#2380=EDGE_CURVE('',#2797,#2819,#3330,.T.);
#2381=EDGE_CURVE('',#2824,#2796,#3331,.F.);
#2382=EDGE_CURVE('',#2825,#2795,#3332,.T.);
#2383=EDGE_CURVE('',#2798,#2818,#3333,.T.);
#2384=EDGE_CURVE('',#2809,#2794,#3334,.F.);
#2385=EDGE_CURVE('',#2799,#2814,#3335,.T.);
#2386=EDGE_CURVE('',#2810,#2793,#105,.T.);
#2387=EDGE_CURVE('',#2790,#2813,#3336,.F.);
#2388=EDGE_CURVE('',#2804,#2792,#106,.F.);
#2389=EDGE_CURVE('',#2791,#2806,#3337,.T.);
#2390=EDGE_CURVE('',#2780,#2829,#3338,.T.);
#2391=VERTEX_POINT('',#6901);
#2392=VERTEX_POINT('',#6902);
#2393=VERTEX_POINT('',#6904);
#2394=VERTEX_POINT('',#6906);
#2395=VERTEX_POINT('',#6908);
#2396=VERTEX_POINT('',#6910);
#2397=VERTEX_POINT('',#6912);
#2398=VERTEX_POINT('',#6914);
#2399=VERTEX_POINT('',#6916);
#2400=VERTEX_POINT('',#6918);
#2401=VERTEX_POINT('',#6920);
#2402=VERTEX_POINT('',#6922);
#2403=VERTEX_POINT('',#6924);
#2404=VERTEX_POINT('',#6926);
#2405=VERTEX_POINT('',#6930);
#2406=VERTEX_POINT('',#6932);
#2407=VERTEX_POINT('',#6934);
#2408=VERTEX_POINT('',#6936);
#2409=VERTEX_POINT('',#6938);
#2410=VERTEX_POINT('',#6942);
#2411=VERTEX_POINT('',#6943);
#2412=VERTEX_POINT('',#6945);
#2413=VERTEX_POINT('',#6947);
#2414=VERTEX_POINT('',#6949);
#2415=VERTEX_POINT('',#6951);
#2416=VERTEX_POINT('',#6953);
#2417=VERTEX_POINT('',#6955);
#2418=VERTEX_POINT('',#6957);
#2419=VERTEX_POINT('',#6959);
#2420=VERTEX_POINT('',#6961);
#2421=VERTEX_POINT('',#6963);
#2422=VERTEX_POINT('',#6965);
#2423=VERTEX_POINT('',#6967);
#2424=VERTEX_POINT('',#6969);
#2425=VERTEX_POINT('',#6973);
#2426=VERTEX_POINT('',#6975);
#2427=VERTEX_POINT('',#6977);
#2428=VERTEX_POINT('',#6979);
#2429=VERTEX_POINT('',#6981);
#2430=VERTEX_POINT('',#6983);
#2431=VERTEX_POINT('',#6986);
#2432=VERTEX_POINT('',#6988);
#2433=VERTEX_POINT('',#6990);
#2434=VERTEX_POINT('',#6992);
#2435=VERTEX_POINT('',#6994);
#2436=VERTEX_POINT('',#6996);
#2437=VERTEX_POINT('',#6998);
#2438=VERTEX_POINT('',#7000);
#2439=VERTEX_POINT('',#7004);
#2440=VERTEX_POINT('',#7005);
#2441=VERTEX_POINT('',#7007);
#2442=VERTEX_POINT('',#7009);
#2443=VERTEX_POINT('',#7011);
#2444=VERTEX_POINT('',#7013);
#2445=VERTEX_POINT('',#7015);
#2446=VERTEX_POINT('',#7019);
#2447=VERTEX_POINT('',#7020);
#2448=VERTEX_POINT('',#7022);
#2449=VERTEX_POINT('',#7024);
#2450=VERTEX_POINT('',#7026);
#2451=VERTEX_POINT('',#7028);
#2452=VERTEX_POINT('',#7030);
#2453=VERTEX_POINT('',#7034);
#2454=VERTEX_POINT('',#7035);
#2455=VERTEX_POINT('',#7037);
#2456=VERTEX_POINT('',#7039);
#2457=VERTEX_POINT('',#7041);
#2458=VERTEX_POINT('',#7043);
#2459=VERTEX_POINT('',#7045);
#2460=VERTEX_POINT('',#7049);
#2461=VERTEX_POINT('',#7050);
#2462=VERTEX_POINT('',#7052);
#2463=VERTEX_POINT('',#7054);
#2464=VERTEX_POINT('',#7056);
#2465=VERTEX_POINT('',#7058);
#2466=VERTEX_POINT('',#7060);
#2467=VERTEX_POINT('',#7064);
#2468=VERTEX_POINT('',#7065);
#2469=VERTEX_POINT('',#7067);
#2470=VERTEX_POINT('',#7069);
#2471=VERTEX_POINT('',#7071);
#2472=VERTEX_POINT('',#7073);
#2473=VERTEX_POINT('',#7075);
#2474=VERTEX_POINT('',#7079);
#2475=VERTEX_POINT('',#7080);
#2476=VERTEX_POINT('',#7082);
#2477=VERTEX_POINT('',#7084);
#2478=VERTEX_POINT('',#7086);
#2479=VERTEX_POINT('',#7088);
#2480=VERTEX_POINT('',#7090);
#2481=VERTEX_POINT('',#7094);
#2482=VERTEX_POINT('',#7095);
#2483=VERTEX_POINT('',#7097);
#2484=VERTEX_POINT('',#7099);
#2485=VERTEX_POINT('',#7101);
#2486=VERTEX_POINT('',#7103);
#2487=VERTEX_POINT('',#7105);
#2488=VERTEX_POINT('',#7118);
#2489=VERTEX_POINT('',#7119);
#2490=VERTEX_POINT('',#7124);
#2491=VERTEX_POINT('',#7126);
#2492=VERTEX_POINT('',#7133);
#2493=VERTEX_POINT('',#7135);
#2494=VERTEX_POINT('',#7137);
#2495=VERTEX_POINT('',#7139);
#2496=VERTEX_POINT('',#7143);
#2497=VERTEX_POINT('',#7145);
#2498=VERTEX_POINT('',#7149);
#2499=VERTEX_POINT('',#7150);
#2500=VERTEX_POINT('',#7152);
#2501=VERTEX_POINT('',#7154);
#2502=VERTEX_POINT('',#7157);
#2503=VERTEX_POINT('',#7158);
#2504=VERTEX_POINT('',#7160);
#2505=VERTEX_POINT('',#7162);
#2506=VERTEX_POINT('',#7165);
#2507=VERTEX_POINT('',#7166);
#2508=VERTEX_POINT('',#7168);
#2509=VERTEX_POINT('',#7170);
#2510=VERTEX_POINT('',#7173);
#2511=VERTEX_POINT('',#7174);
#2512=VERTEX_POINT('',#7176);
#2513=VERTEX_POINT('',#7178);
#2514=VERTEX_POINT('',#7181);
#2515=VERTEX_POINT('',#7183);
#2516=VERTEX_POINT('',#7185);
#2517=VERTEX_POINT('',#7187);
#2518=VERTEX_POINT('',#7189);
#2519=VERTEX_POINT('',#7191);
#2520=VERTEX_POINT('',#7193);
#2521=VERTEX_POINT('',#7195);
#2522=VERTEX_POINT('',#7197);
#2523=VERTEX_POINT('',#7199);
#2524=VERTEX_POINT('',#7201);
#2525=VERTEX_POINT('',#7203);
#2526=VERTEX_POINT('',#7205);
#2527=VERTEX_POINT('',#7207);
#2528=VERTEX_POINT('',#7209);
#2529=VERTEX_POINT('',#7212);
#2530=VERTEX_POINT('',#7214);
#2531=VERTEX_POINT('',#7217);
#2532=VERTEX_POINT('',#7219);
#2533=VERTEX_POINT('',#7221);
#2534=VERTEX_POINT('',#7223);
#2535=VERTEX_POINT('',#7225);
#2536=VERTEX_POINT('',#7229);
#2537=VERTEX_POINT('',#7230);
#2538=VERTEX_POINT('',#7232);
#2539=VERTEX_POINT('',#7234);
#2540=VERTEX_POINT('',#7236);
#2541=VERTEX_POINT('',#7238);
#2542=VERTEX_POINT('',#7240);
#2543=VERTEX_POINT('',#7244);
#2544=VERTEX_POINT('',#7245);
#2545=VERTEX_POINT('',#7247);
#2546=VERTEX_POINT('',#7249);
#2547=VERTEX_POINT('',#7251);
#2548=VERTEX_POINT('',#7255);
#2549=VERTEX_POINT('',#7256);
#2550=VERTEX_POINT('',#7258);
#2551=VERTEX_POINT('',#7260);
#2552=VERTEX_POINT('',#7262);
#2553=VERTEX_POINT('',#7266);
#2554=VERTEX_POINT('',#7268);
#2555=VERTEX_POINT('',#7270);
#2556=VERTEX_POINT('',#7275);
#2557=VERTEX_POINT('',#7277);
#2558=VERTEX_POINT('',#7279);
#2559=VERTEX_POINT('',#7286);
#2560=VERTEX_POINT('',#7288);
#2561=VERTEX_POINT('',#7292);
#2562=VERTEX_POINT('',#7293);
#2563=VERTEX_POINT('',#7295);
#2564=VERTEX_POINT('',#7297);
#2565=VERTEX_POINT('',#7301);
#2566=VERTEX_POINT('',#7303);
#2567=VERTEX_POINT('',#7305);
#2568=VERTEX_POINT('',#7310);
#2569=VERTEX_POINT('',#7314);
#2570=VERTEX_POINT('',#7315);
#2571=VERTEX_POINT('',#7317);
#2572=VERTEX_POINT('',#7319);
#2573=VERTEX_POINT('',#7321);
#2574=VERTEX_POINT('',#7323);
#2575=VERTEX_POINT('',#7325);
#2576=VERTEX_POINT('',#7327);
#2577=VERTEX_POINT('',#7329);
#2578=VERTEX_POINT('',#7331);
#2579=VERTEX_POINT('',#7333);
#2580=VERTEX_POINT('',#7335);
#2581=VERTEX_POINT('',#7337);
#2582=VERTEX_POINT('',#7339);
#2583=VERTEX_POINT('',#7341);
#2584=VERTEX_POINT('',#7343);
#2585=VERTEX_POINT('',#7345);
#2586=VERTEX_POINT('',#7349);
#2587=VERTEX_POINT('',#7350);
#2588=VERTEX_POINT('',#7356);
#2589=VERTEX_POINT('',#7360);
#2590=VERTEX_POINT('',#7361);
#2591=VERTEX_POINT('',#7366);
#2592=VERTEX_POINT('',#7372);
#2593=VERTEX_POINT('',#7373);
#2594=VERTEX_POINT('',#7375);
#2595=VERTEX_POINT('',#7377);
#2596=VERTEX_POINT('',#7380);
#2597=VERTEX_POINT('',#7382);
#2598=VERTEX_POINT('',#7384);
#2599=VERTEX_POINT('',#7386);
#2600=VERTEX_POINT('',#7396);
#2601=VERTEX_POINT('',#7400);
#2602=VERTEX_POINT('',#7402);
#2603=VERTEX_POINT('',#7405);
#2604=VERTEX_POINT('',#7407);
#2605=VERTEX_POINT('',#7409);
#2606=VERTEX_POINT('',#7411);
#2607=VERTEX_POINT('',#7413);
#2608=VERTEX_POINT('',#7418);
#2609=VERTEX_POINT('',#7422);
#2610=VERTEX_POINT('',#7423);
#2611=VERTEX_POINT('',#7426);
#2612=VERTEX_POINT('',#7430);
#2613=VERTEX_POINT('',#7432);
#2614=VERTEX_POINT('',#7434);
#2615=VERTEX_POINT('',#7439);
#2616=VERTEX_POINT('',#7440);
#2617=VERTEX_POINT('',#7442);
#2618=VERTEX_POINT('',#7444);
#2619=VERTEX_POINT('',#7446);
#2620=VERTEX_POINT('',#7448);
#2621=VERTEX_POINT('',#7452);
#2622=VERTEX_POINT('',#7453);
#2623=VERTEX_POINT('',#7455);
#2624=VERTEX_POINT('',#7466);
#2625=VERTEX_POINT('',#7470);
#2626=VERTEX_POINT('',#7479);
#2627=VERTEX_POINT('',#7481);
#2628=VERTEX_POINT('',#7485);
#2629=VERTEX_POINT('',#7487);
#2630=VERTEX_POINT('',#7498);
#2631=VERTEX_POINT('',#7499);
#2632=VERTEX_POINT('',#7504);
#2633=VERTEX_POINT('',#7505);
#2634=VERTEX_POINT('',#7510);
#2635=VERTEX_POINT('',#7511);
#2636=VERTEX_POINT('',#7523);
#2637=VERTEX_POINT('',#7552);
#2638=VERTEX_POINT('',#7554);
#2639=VERTEX_POINT('',#7562);
#2640=VERTEX_POINT('',#7563);
#2641=VERTEX_POINT('',#7662);
#2642=VERTEX_POINT('',#7665);
#2643=VERTEX_POINT('',#7669);
#2644=VERTEX_POINT('',#7673);
#2645=VERTEX_POINT('',#7678);
#2646=VERTEX_POINT('',#7682);
#2647=VERTEX_POINT('',#7792);
#2648=VERTEX_POINT('',#7793);
#2649=VERTEX_POINT('',#7795);
#2650=VERTEX_POINT('',#7797);
#2651=VERTEX_POINT('',#7799);
#2652=VERTEX_POINT('',#7801);
#2653=VERTEX_POINT('',#7805);
#2654=VERTEX_POINT('',#7807);
#2655=VERTEX_POINT('',#7809);
#2656=VERTEX_POINT('',#7811);
#2657=VERTEX_POINT('',#7815);
#2658=VERTEX_POINT('',#7816);
#2659=VERTEX_POINT('',#7818);
#2660=VERTEX_POINT('',#7820);
#2661=VERTEX_POINT('',#7822);
#2662=VERTEX_POINT('',#7824);
#2663=VERTEX_POINT('',#7826);
#2664=VERTEX_POINT('',#7828);
#2665=VERTEX_POINT('',#7830);
#2666=VERTEX_POINT('',#7832);
#2667=VERTEX_POINT('',#7835);
#2668=VERTEX_POINT('',#7837);
#2669=VERTEX_POINT('',#7839);
#2670=VERTEX_POINT('',#7841);
#2671=VERTEX_POINT('',#7844);
#2672=VERTEX_POINT('',#7845);
#2673=VERTEX_POINT('',#7858);
#2674=VERTEX_POINT('',#7860);
#2675=VERTEX_POINT('',#7862);
#2676=VERTEX_POINT('',#7864);
#2677=VERTEX_POINT('',#7866);
#2678=VERTEX_POINT('',#7868);
#2679=VERTEX_POINT('',#7872);
#2680=VERTEX_POINT('',#7873);
#2681=VERTEX_POINT('',#7876);
#2682=VERTEX_POINT('',#7878);
#2683=VERTEX_POINT('',#7880);
#2684=VERTEX_POINT('',#7884);
#2685=VERTEX_POINT('',#7885);
#2686=VERTEX_POINT('',#7887);
#2687=VERTEX_POINT('',#7889);
#2688=VERTEX_POINT('',#7893);
#2689=VERTEX_POINT('',#7895);
#2690=VERTEX_POINT('',#7898);
#2691=VERTEX_POINT('',#7899);
#2692=VERTEX_POINT('',#7902);
#2693=VERTEX_POINT('',#7904);
#2694=VERTEX_POINT('',#7908);
#2695=VERTEX_POINT('',#7910);
#2696=VERTEX_POINT('',#7913);
#2697=VERTEX_POINT('',#7919);
#2698=VERTEX_POINT('',#7921);
#2699=VERTEX_POINT('',#7923);
#2700=VERTEX_POINT('',#7926);
#2701=VERTEX_POINT('',#7928);
#2702=VERTEX_POINT('',#7931);
#2703=VERTEX_POINT('',#7935);
#2704=VERTEX_POINT('',#7937);
#2705=VERTEX_POINT('',#7940);
#2706=VERTEX_POINT('',#7944);
#2707=VERTEX_POINT('',#7947);
#2708=VERTEX_POINT('',#7950);
#2709=VERTEX_POINT('',#7953);
#2710=VERTEX_POINT('',#7976);
#2711=VERTEX_POINT('',#7978);
#2712=VERTEX_POINT('',#8026);
#2713=VERTEX_POINT('',#8027);
#2714=VERTEX_POINT('',#8029);
#2715=VERTEX_POINT('',#8031);
#2716=VERTEX_POINT('',#8033);
#2717=VERTEX_POINT('',#8035);
#2718=VERTEX_POINT('',#8037);
#2719=VERTEX_POINT('',#8039);
#2720=VERTEX_POINT('',#8041);
#2721=VERTEX_POINT('',#8043);
#2722=VERTEX_POINT('',#8045);
#2723=VERTEX_POINT('',#8047);
#2724=VERTEX_POINT('',#8049);
#2725=VERTEX_POINT('',#8051);
#2726=VERTEX_POINT('',#8053);
#2727=VERTEX_POINT('',#8055);
#2728=VERTEX_POINT('',#8057);
#2729=VERTEX_POINT('',#8059);
#2730=VERTEX_POINT('',#8061);
#2731=VERTEX_POINT('',#8063);
#2732=VERTEX_POINT('',#8067);
#2733=VERTEX_POINT('',#8068);
#2734=VERTEX_POINT('',#8070);
#2735=VERTEX_POINT('',#8072);
#2736=VERTEX_POINT('',#8074);
#2737=VERTEX_POINT('',#8076);
#2738=VERTEX_POINT('',#8078);
#2739=VERTEX_POINT('',#8080);
#2740=VERTEX_POINT('',#8082);
#2741=VERTEX_POINT('',#8084);
#2742=VERTEX_POINT('',#8088);
#2743=VERTEX_POINT('',#8089);
#2744=VERTEX_POINT('',#8091);
#2745=VERTEX_POINT('',#8093);
#2746=VERTEX_POINT('',#8095);
#2747=VERTEX_POINT('',#8097);
#2748=VERTEX_POINT('',#8099);
#2749=VERTEX_POINT('',#8101);
#2750=VERTEX_POINT('',#8103);
#2751=VERTEX_POINT('',#8105);
#2752=VERTEX_POINT('',#8110);
#2753=VERTEX_POINT('',#8112);
#2754=VERTEX_POINT('',#8118);
#2755=VERTEX_POINT('',#8120);
#2756=VERTEX_POINT('',#8133);
#2757=VERTEX_POINT('',#8135);
#2758=VERTEX_POINT('',#8141);
#2759=VERTEX_POINT('',#8143);
#2760=VERTEX_POINT('',#8147);
#2761=VERTEX_POINT('',#8148);
#2762=VERTEX_POINT('',#8157);
#2763=VERTEX_POINT('',#8163);
#2764=VERTEX_POINT('',#8165);
#2765=VERTEX_POINT('',#8173);
#2766=VERTEX_POINT('',#8175);
#2767=VERTEX_POINT('',#8181);
#2768=VERTEX_POINT('',#8247);
#2769=VERTEX_POINT('',#8249);
#2770=VERTEX_POINT('',#8250);
#2771=VERTEX_POINT('',#8255);
#2772=VERTEX_POINT('',#8257);
#2773=VERTEX_POINT('',#8259);
#2774=VERTEX_POINT('',#8261);
#2775=VERTEX_POINT('',#8264);
#2776=VERTEX_POINT('',#8266);
#2777=VERTEX_POINT('',#8270);
#2778=VERTEX_POINT('',#8272);
#2779=VERTEX_POINT('',#8274);
#2780=VERTEX_POINT('',#8291);
#2781=VERTEX_POINT('',#8292);
#2782=VERTEX_POINT('',#8294);
#2783=VERTEX_POINT('',#8296);
#2784=VERTEX_POINT('',#8298);
#2785=VERTEX_POINT('',#8300);
#2786=VERTEX_POINT('',#8304);
#2787=VERTEX_POINT('',#8306);
#2788=VERTEX_POINT('',#8308);
#2789=VERTEX_POINT('',#8310);
#2790=VERTEX_POINT('',#8314);
#2791=VERTEX_POINT('',#8315);
#2792=VERTEX_POINT('',#8317);
#2793=VERTEX_POINT('',#8319);
#2794=VERTEX_POINT('',#8321);
#2795=VERTEX_POINT('',#8323);
#2796=VERTEX_POINT('',#8325);
#2797=VERTEX_POINT('',#8327);
#2798=VERTEX_POINT('',#8329);
#2799=VERTEX_POINT('',#8331);
#2800=VERTEX_POINT('',#8334);
#2801=VERTEX_POINT('',#8336);
#2802=VERTEX_POINT('',#8338);
#2803=VERTEX_POINT('',#8340);
#2804=VERTEX_POINT('',#8343);
#2805=VERTEX_POINT('',#8344);
#2806=VERTEX_POINT('',#8346);
#2807=VERTEX_POINT('',#8348);
#2808=VERTEX_POINT('',#8350);
#2809=VERTEX_POINT('',#8352);
#2810=VERTEX_POINT('',#8354);
#2811=VERTEX_POINT('',#8356);
#2812=VERTEX_POINT('',#8371);
#2813=VERTEX_POINT('',#8372);
#2814=VERTEX_POINT('',#8374);
#2815=VERTEX_POINT('',#8376);
#2816=VERTEX_POINT('',#8378);
#2817=VERTEX_POINT('',#8383);
#2818=VERTEX_POINT('',#8384);
#2819=VERTEX_POINT('',#8386);
#2820=VERTEX_POINT('',#8388);
#2821=VERTEX_POINT('',#8392);
#2822=VERTEX_POINT('',#8394);
#2823=VERTEX_POINT('',#8397);
#2824=VERTEX_POINT('',#8398);
#2825=VERTEX_POINT('',#8400);
#2826=VERTEX_POINT('',#8402);
#2827=VERTEX_POINT('',#8407);
#2828=VERTEX_POINT('',#8409);
#2829=VERTEX_POINT('',#8412);
#2830=VERTEX_POINT('',#8418);
#2831=VERTEX_POINT('',#8420);
#2832=VERTEX_POINT('',#8422);
#2833=VERTEX_POINT('',#8425);
#2834=VERTEX_POINT('',#8427);
#2835=VERTEX_POINT('',#8430);
#2836=VERTEX_POINT('',#8434);
#2837=VERTEX_POINT('',#8436);
#2838=VERTEX_POINT('',#8439);
#2839=VERTEX_POINT('',#8443);
#2840=VERTEX_POINT('',#8445);
#2841=VERTEX_POINT('',#8449);
#2842=VERTEX_POINT('',#8451);
#2843=VERTEX_POINT('',#8475);
#2844=VERTEX_POINT('',#8477);
#2845=LINE('',#6900,#3339);
#2846=LINE('',#6903,#3340);
#2847=LINE('',#6905,#3341);
#2848=LINE('',#6907,#3342);
#2849=LINE('',#6911,#3343);
#2850=LINE('',#6913,#3344);
#2851=LINE('',#6915,#3345);
#2852=LINE('',#6919,#3346);
#2853=LINE('',#6923,#3347);
#2854=LINE('',#6925,#3348);
#2855=LINE('',#6927,#3349);
#2856=LINE('',#6929,#3350);
#2857=LINE('',#6931,#3351);
#2858=LINE('',#6933,#3352);
#2859=LINE('',#6935,#3353);
#2860=LINE('',#6937,#3354);
#2861=LINE('',#6939,#3355);
#2862=LINE('',#6941,#3356);
#2863=LINE('',#6944,#3357);
#2864=LINE('',#6946,#3358);
#2865=LINE('',#6948,#3359);
#2866=LINE('',#6950,#3360);
#2867=LINE('',#6952,#3361);
#2868=LINE('',#6954,#3362);
#2869=LINE('',#6956,#3363);
#2870=LINE('',#6958,#3364);
#2871=LINE('',#6960,#3365);
#2872=LINE('',#6962,#3366);
#2873=LINE('',#6964,#3367);
#2874=LINE('',#6966,#3368);
#2875=LINE('',#6968,#3369);
#2876=LINE('',#6970,#3370);
#2877=LINE('',#6976,#3371);
#2878=LINE('',#6978,#3372);
#2879=LINE('',#6980,#3373);
#2880=LINE('',#6982,#3374);
#2881=LINE('',#6984,#3375);
#2882=LINE('',#6985,#3376);
#2883=LINE('',#6987,#3377);
#2884=LINE('',#6991,#3378);
#2885=LINE('',#6995,#3379);
#2886=LINE('',#6999,#3380);
#2887=LINE('',#7003,#3381);
#2888=LINE('',#7006,#3382);
#2889=LINE('',#7008,#3383);
#2890=LINE('',#7010,#3384);
#2891=LINE('',#7012,#3385);
#2892=LINE('',#7014,#3386);
#2893=LINE('',#7016,#3387);
#2894=LINE('',#7018,#3388);
#2895=LINE('',#7021,#3389);
#2896=LINE('',#7023,#3390);
#2897=LINE('',#7025,#3391);
#2898=LINE('',#7027,#3392);
#2899=LINE('',#7029,#3393);
#2900=LINE('',#7031,#3394);
#2901=LINE('',#7033,#3395);
#2902=LINE('',#7036,#3396);
#2903=LINE('',#7038,#3397);
#2904=LINE('',#7040,#3398);
#2905=LINE('',#7042,#3399);
#2906=LINE('',#7044,#3400);
#2907=LINE('',#7046,#3401);
#2908=LINE('',#7048,#3402);
#2909=LINE('',#7051,#3403);
#2910=LINE('',#7053,#3404);
#2911=LINE('',#7055,#3405);
#2912=LINE('',#7057,#3406);
#2913=LINE('',#7059,#3407);
#2914=LINE('',#7061,#3408);
#2915=LINE('',#7063,#3409);
#2916=LINE('',#7066,#3410);
#2917=LINE('',#7068,#3411);
#2918=LINE('',#7070,#3412);
#2919=LINE('',#7072,#3413);
#2920=LINE('',#7074,#3414);
#2921=LINE('',#7076,#3415);
#2922=LINE('',#7078,#3416);
#2923=LINE('',#7081,#3417);
#2924=LINE('',#7083,#3418);
#2925=LINE('',#7085,#3419);
#2926=LINE('',#7087,#3420);
#2927=LINE('',#7089,#3421);
#2928=LINE('',#7091,#3422);
#2929=LINE('',#7093,#3423);
#2930=LINE('',#7096,#3424);
#2931=LINE('',#7098,#3425);
#2932=LINE('',#7100,#3426);
#2933=LINE('',#7102,#3427);
#2934=LINE('',#7104,#3428);
#2935=LINE('',#7106,#3429);
#2936=LINE('',#7117,#3430);
#2937=LINE('',#7120,#3431);
#2938=LINE('',#7121,#3432);
#2939=LINE('',#7123,#3433);
#2940=LINE('',#7125,#3434);
#2941=LINE('',#7127,#3435);
#2942=LINE('',#7132,#3436);
#2943=LINE('',#7134,#3437);
#2944=LINE('',#7136,#3438);
#2945=LINE('',#7138,#3439);
#2946=LINE('',#7140,#3440);
#2947=LINE('',#7142,#3441);
#2948=LINE('',#7144,#3442);
#2949=LINE('',#7146,#3443);
#2950=LINE('',#7151,#3444);
#2951=LINE('',#7155,#3445);
#2952=LINE('',#7159,#3446);
#2953=LINE('',#7163,#3447);
#2954=LINE('',#7167,#3448);
#2955=LINE('',#7171,#3449);
#2956=LINE('',#7175,#3450);
#2957=LINE('',#7179,#3451);
#2958=LINE('',#7184,#3452);
#2959=LINE('',#7186,#3453);
#2960=LINE('',#7188,#3454);
#2961=LINE('',#7190,#3455);
#2962=LINE('',#7192,#3456);
#2963=LINE('',#7194,#3457);
#2964=LINE('',#7196,#3458);
#2965=LINE('',#7198,#3459);
#2966=LINE('',#7200,#3460);
#2967=LINE('',#7202,#3461);
#2968=LINE('',#7204,#3462);
#2969=LINE('',#7206,#3463);
#2970=LINE('',#7208,#3464);
#2971=LINE('',#7216,#3465);
#2972=LINE('',#7218,#3466);
#2973=LINE('',#7220,#3467);
#2974=LINE('',#7222,#3468);
#2975=LINE('',#7226,#3469);
#2976=LINE('',#7228,#3470);
#2977=LINE('',#7231,#3471);
#2978=LINE('',#7233,#3472);
#2979=LINE('',#7235,#3473);
#2980=LINE('',#7237,#3474);
#2981=LINE('',#7239,#3475);
#2982=LINE('',#7241,#3476);
#2983=LINE('',#7243,#3477);
#2984=LINE('',#7246,#3478);
#2985=LINE('',#7250,#3479);
#2986=LINE('',#7252,#3480);
#2987=LINE('',#7257,#3481);
#2988=LINE('',#7259,#3482);
#2989=LINE('',#7261,#3483);
#2990=LINE('',#7263,#3484);
#2991=LINE('',#7265,#3485);
#2992=LINE('',#7267,#3486);
#2993=LINE('',#7269,#3487);
#2994=LINE('',#7276,#3488);
#2995=LINE('',#7278,#3489);
#2996=LINE('',#7280,#3490);
#2997=LINE('',#7282,#3491);
#2998=LINE('',#7283,#3492);
#2999=LINE('',#7285,#3493);
#3000=LINE('',#7287,#3494);
#3001=LINE('',#7289,#3495);
#3002=LINE('',#7291,#3496);
#3003=LINE('',#7296,#3497);
#3004=LINE('',#7300,#3498);
#3005=LINE('',#7302,#3499);
#3006=LINE('',#7304,#3500);
#3007=LINE('',#7306,#3501);
#3008=LINE('',#7308,#3502);
#3009=LINE('',#7309,#3503);
#3010=LINE('',#7311,#3504);
#3011=LINE('',#7313,#3505);
#3012=LINE('',#7316,#3506);
#3013=LINE('',#7318,#3507);
#3014=LINE('',#7320,#3508);
#3015=LINE('',#7322,#3509);
#3016=LINE('',#7326,#3510);
#3017=LINE('',#7328,#3511);
#3018=LINE('',#7330,#3512);
#3019=LINE('',#7334,#3513);
#3020=LINE('',#7338,#3514);
#3021=LINE('',#7340,#3515);
#3022=LINE('',#7346,#3516);
#3023=LINE('',#7357,#3517);
#3024=LINE('',#7362,#3518);
#3025=LINE('',#7363,#3519);
#3026=LINE('',#7365,#3520);
#3027=LINE('',#7367,#3521);
#3028=LINE('',#7368,#3522);
#3029=LINE('',#7369,#3523);
#3030=LINE('',#7371,#3524);
#3031=LINE('',#7374,#3525);
#3032=LINE('',#7376,#3526);
#3033=LINE('',#7378,#3527);
#3034=LINE('',#7379,#3528);
#3035=LINE('',#7381,#3529);
#3036=LINE('',#7394,#3530);
#3037=LINE('',#7397,#3531);
#3038=LINE('',#7399,#3532);
#3039=LINE('',#7401,#3533);
#3040=LINE('',#7403,#3534);
#3041=LINE('',#7404,#3535);
#3042=LINE('',#7406,#3536);
#3043=LINE('',#7408,#3537);
#3044=LINE('',#7410,#3538);
#3045=LINE('',#7412,#3539);
#3046=LINE('',#7414,#3540);
#3047=LINE('',#7416,#3541);
#3048=LINE('',#7417,#3542);
#3049=LINE('',#7419,#3543);
#3050=LINE('',#7421,#3544);
#3051=LINE('',#7424,#3545);
#3052=LINE('',#7425,#3546);
#3053=LINE('',#7427,#3547);
#3054=LINE('',#7429,#3548);
#3055=LINE('',#7431,#3549);
#3056=LINE('',#7433,#3550);
#3057=LINE('',#7435,#3551);
#3058=LINE('',#7436,#3552);
#3059=LINE('',#7438,#3553);
#3060=LINE('',#7441,#3554);
#3061=LINE('',#7443,#3555);
#3062=LINE('',#7445,#3556);
#3063=LINE('',#7447,#3557);
#3064=LINE('',#7449,#3558);
#3065=LINE('',#7451,#3559);
#3066=LINE('',#7454,#3560);
#3067=LINE('',#7456,#3561);
#3068=LINE('',#7457,#3562);
#3069=LINE('',#7458,#3563);
#3070=LINE('',#7460,#3564);
#3071=LINE('',#7462,#3565);
#3072=LINE('',#7463,#3566);
#3073=LINE('',#7465,#3567);
#3074=LINE('',#7467,#3568);
#3075=LINE('',#7469,#3569);
#3076=LINE('',#7471,#3570);
#3077=LINE('',#7475,#3571);
#3078=LINE('',#7476,#3572);
#3079=LINE('',#7478,#3573);
#3080=LINE('',#7480,#3574);
#3081=LINE('',#7482,#3575);
#3082=LINE('',#7484,#3576);
#3083=LINE('',#7486,#3577);
#3084=LINE('',#7488,#3578);
#3085=LINE('',#7490,#3579);
#3086=LINE('',#7493,#3580);
#3087=LINE('',#7497,#3581);
#3088=LINE('',#7500,#3582);
#3089=LINE('',#7501,#3583);
#3090=LINE('',#7503,#3584);
#3091=LINE('',#7506,#3585);
#3092=LINE('',#7507,#3586);
#3093=LINE('',#7509,#3587);
#3094=LINE('',#7512,#3588);
#3095=LINE('',#7513,#3589);
#3096=LINE('',#7518,#3590);
#3097=LINE('',#7553,#3591);
#3098=LINE('',#7561,#3592);
#3099=LINE('',#7644,#3593);
#3100=LINE('',#7649,#3594);
#3101=LINE('',#7654,#3595);
#3102=LINE('',#7659,#3596);
#3103=LINE('',#7667,#3597);
#3104=LINE('',#7668,#3598);
#3105=LINE('',#7670,#3599);
#3106=LINE('',#7672,#3600);
#3107=LINE('',#7674,#3601);
#3108=LINE('',#7676,#3602);
#3109=LINE('',#7677,#3603);
#3110=LINE('',#7679,#3604);
#3111=LINE('',#7681,#3605);
#3112=LINE('',#7683,#3606);
#3113=LINE('',#7685,#3607);
#3114=LINE('',#7696,#3608);
#3115=LINE('',#7703,#3609);
#3116=LINE('',#7705,#3610);
#3117=LINE('',#7713,#3611);
#3118=LINE('',#7724,#3612);
#3119=LINE('',#7731,#3613);
#3120=LINE('',#7733,#3614);
#3121=LINE('',#7741,#3615);
#3122=LINE('',#7742,#3616);
#3123=LINE('',#7744,#3617);
#3124=LINE('',#7746,#3618);
#3125=LINE('',#7748,#3619);
#3126=LINE('',#7750,#3620);
#3127=LINE('',#7753,#3621);
#3128=LINE('',#7756,#3622);
#3129=LINE('',#7759,#3623);
#3130=LINE('',#7762,#3624);
#3131=LINE('',#7765,#3625);
#3132=LINE('',#7767,#3626);
#3133=LINE('',#7770,#3627);
#3134=LINE('',#7772,#3628);
#3135=LINE('',#7776,#3629);
#3136=LINE('',#7779,#3630);
#3137=LINE('',#7782,#3631);
#3138=LINE('',#7785,#3632);
#3139=LINE('',#7791,#3633);
#3140=LINE('',#7794,#3634);
#3141=LINE('',#7796,#3635);
#3142=LINE('',#7798,#3636);
#3143=LINE('',#7800,#3637);
#3144=LINE('',#7802,#3638);
#3145=LINE('',#7804,#3639);
#3146=LINE('',#7806,#3640);
#3147=LINE('',#7808,#3641);
#3148=LINE('',#7812,#3642);
#3149=LINE('',#7814,#3643);
#3150=LINE('',#7817,#3644);
#3151=LINE('',#7819,#3645);
#3152=LINE('',#7821,#3646);
#3153=LINE('',#7823,#3647);
#3154=LINE('',#7825,#3648);
#3155=LINE('',#7827,#3649);
#3156=LINE('',#7829,#3650);
#3157=LINE('',#7833,#3651);
#3158=LINE('',#7843,#3652);
#3159=LINE('',#7859,#3653);
#3160=LINE('',#7861,#3654);
#3161=LINE('',#7863,#3655);
#3162=LINE('',#7865,#3656);
#3163=LINE('',#7867,#3657);
#3164=LINE('',#7869,#3658);
#3165=LINE('',#7871,#3659);
#3166=LINE('',#7874,#3660);
#3167=LINE('',#7875,#3661);
#3168=LINE('',#7877,#3662);
#3169=LINE('',#7879,#3663);
#3170=LINE('',#7881,#3664);
#3171=LINE('',#7883,#3665);
#3172=LINE('',#7886,#3666);
#3173=LINE('',#7888,#3667);
#3174=LINE('',#7890,#3668);
#3175=LINE('',#7897,#3669);
#3176=LINE('',#7900,#3670);
#3177=LINE('',#7901,#3671);
#3178=LINE('',#7903,#3672);
#3179=LINE('',#7905,#3673);
#3180=LINE('',#7912,#3674);
#3181=LINE('',#7915,#3675);
#3182=LINE('',#7916,#3676);
#3183=LINE('',#7917,#3677);
#3184=LINE('',#7957,#3678);
#3185=LINE('',#7959,#3679);
#3186=LINE('',#7980,#3680);
#3187=LINE('',#7981,#3681);
#3188=LINE('',#7987,#3682);
#3189=LINE('',#7989,#3683);
#3190=LINE('',#7991,#3684);
#3191=LINE('',#7992,#3685);
#3192=LINE('',#7994,#3686);
#3193=LINE('',#7996,#3687);
#3194=LINE('',#7998,#3688);
#3195=LINE('',#8000,#3689);
#3196=LINE('',#8007,#3690);
#3197=LINE('',#8014,#3691);
#3198=LINE('',#8021,#3692);
#3199=LINE('',#8025,#3693);
#3200=LINE('',#8028,#3694);
#3201=LINE('',#8030,#3695);
#3202=LINE('',#8032,#3696);
#3203=LINE('',#8034,#3697);
#3204=LINE('',#8036,#3698);
#3205=LINE('',#8038,#3699);
#3206=LINE('',#8040,#3700);
#3207=LINE('',#8042,#3701);
#3208=LINE('',#8044,#3702);
#3209=LINE('',#8046,#3703);
#3210=LINE('',#8048,#3704);
#3211=LINE('',#8050,#3705);
#3212=LINE('',#8052,#3706);
#3213=LINE('',#8054,#3707);
#3214=LINE('',#8056,#3708);
#3215=LINE('',#8058,#3709);
#3216=LINE('',#8060,#3710);
#3217=LINE('',#8062,#3711);
#3218=LINE('',#8064,#3712);
#3219=LINE('',#8066,#3713);
#3220=LINE('',#8069,#3714);
#3221=LINE('',#8071,#3715);
#3222=LINE('',#8073,#3716);
#3223=LINE('',#8075,#3717);
#3224=LINE('',#8077,#3718);
#3225=LINE('',#8079,#3719);
#3226=LINE('',#8081,#3720);
#3227=LINE('',#8083,#3721);
#3228=LINE('',#8085,#3722);
#3229=LINE('',#8087,#3723);
#3230=LINE('',#8090,#3724);
#3231=LINE('',#8092,#3725);
#3232=LINE('',#8094,#3726);
#3233=LINE('',#8096,#3727);
#3234=LINE('',#8098,#3728);
#3235=LINE('',#8100,#3729);
#3236=LINE('',#8102,#3730);
#3237=LINE('',#8104,#3731);
#3238=LINE('',#8106,#3732);
#3239=LINE('',#8108,#3733);
#3240=LINE('',#8111,#3734);
#3241=LINE('',#8119,#3735);
#3242=LINE('',#8127,#3736);
#3243=LINE('',#8134,#3737);
#3244=LINE('',#8142,#3738);
#3245=LINE('',#8146,#3739);
#3246=LINE('',#8149,#3740);
#3247=LINE('',#8150,#3741);
#3248=LINE('',#8164,#3742);
#3249=LINE('',#8174,#3743);
#3250=LINE('',#8182,#3744);
#3251=LINE('',#8193,#3745);
#3252=LINE('',#8195,#3746);
#3253=LINE('',#8207,#3747);
#3254=LINE('',#8208,#3748);
#3255=LINE('',#8210,#3749);
#3256=LINE('',#8211,#3750);
#3257=LINE('',#8235,#3751);
#3258=LINE('',#8236,#3752);
#3259=LINE('',#8238,#3753);
#3260=LINE('',#8239,#3754);
#3261=LINE('',#8241,#3755);
#3262=LINE('',#8243,#3756);
#3263=LINE('',#8248,#3757);
#3264=LINE('',#8251,#3758);
#3265=LINE('',#8252,#3759);
#3266=LINE('',#8258,#3760);
#3267=LINE('',#8260,#3761);
#3268=LINE('',#8262,#3762);
#3269=LINE('',#8263,#3763);
#3270=LINE('',#8265,#3764);
#3271=LINE('',#8267,#3765);
#3272=LINE('',#8271,#3766);
#3273=LINE('',#8273,#3767);
#3274=LINE('',#8275,#3768);
#3275=LINE('',#8277,#3769);
#3276=LINE('',#8278,#3770);
#3277=LINE('',#8280,#3771);
#3278=LINE('',#8281,#3772);
#3279=LINE('',#8290,#3773);
#3280=LINE('',#8293,#3774);
#3281=LINE('',#8295,#3775);
#3282=LINE('',#8297,#3776);
#3283=LINE('',#8299,#3777);
#3284=LINE('',#8301,#3778);
#3285=LINE('',#8303,#3779);
#3286=LINE('',#8305,#3780);
#3287=LINE('',#8309,#3781);
#3288=LINE('',#8311,#3782);
#3289=LINE('',#8313,#3783);
#3290=LINE('',#8316,#3784);
#3291=LINE('',#8320,#3785);
#3292=LINE('',#8322,#3786);
#3293=LINE('',#8324,#3787);
#3294=LINE('',#8326,#3788);
#3295=LINE('',#8328,#3789);
#3296=LINE('',#8330,#3790);
#3297=LINE('',#8332,#3791);
#3298=LINE('',#8342,#3792);
#3299=LINE('',#8345,#3793);
#3300=LINE('',#8347,#3794);
#3301=LINE('',#8349,#3795);
#3302=LINE('',#8351,#3796);
#3303=LINE('',#8353,#3797);
#3304=LINE('',#8355,#3798);
#3305=LINE('',#8370,#3799);
#3306=LINE('',#8373,#3800);
#3307=LINE('',#8375,#3801);
#3308=LINE('',#8377,#3802);
#3309=LINE('',#8379,#3803);
#3310=LINE('',#8380,#3804);
#3311=LINE('',#8382,#3805);
#3312=LINE('',#8385,#3806);
#3313=LINE('',#8387,#3807);
#3314=LINE('',#8389,#3808);
#3315=LINE('',#8396,#3809);
#3316=LINE('',#8399,#3810);
#3317=LINE('',#8401,#3811);
#3318=LINE('',#8403,#3812);
#3319=LINE('',#8404,#3813);
#3320=LINE('',#8411,#3814);
#3321=LINE('',#8413,#3815);
#3322=LINE('',#8414,#3816);
#3323=LINE('',#8415,#3817);
#3324=LINE('',#8456,#3818);
#3325=LINE('',#8458,#3819);
#3326=LINE('',#8479,#3820);
#3327=LINE('',#8480,#3821);
#3328=LINE('',#8486,#3822);
#3329=LINE('',#8488,#3823);
#3330=LINE('',#8490,#3824);
#3331=LINE('',#8491,#3825);
#3332=LINE('',#8493,#3826);
#3333=LINE('',#8495,#3827);
#3334=LINE('',#8497,#3828);
#3335=LINE('',#8499,#3829);
#3336=LINE('',#8506,#3830);
#3337=LINE('',#8513,#3831);
#3338=LINE('',#8520,#3832);
#3339=VECTOR('',#5516,1.);
#3340=VECTOR('',#5517,1.);
#3341=VECTOR('',#5518,1.);
#3342=VECTOR('',#5519,1.);
#3343=VECTOR('',#5522,1.);
#3344=VECTOR('',#5523,1.);
#3345=VECTOR('',#5524,1.);
#3346=VECTOR('',#5527,1.);
#3347=VECTOR('',#5530,1.);
#3348=VECTOR('',#5531,1.);
#3349=VECTOR('',#5532,1.);
#3350=VECTOR('',#5535,1.);
#3351=VECTOR('',#5536,1.);
#3352=VECTOR('',#5537,1.);
#3353=VECTOR('',#5538,1.);
#3354=VECTOR('',#5539,1.);
#3355=VECTOR('',#5540,1.);
#3356=VECTOR('',#5543,1.);
#3357=VECTOR('',#5544,1.);
#3358=VECTOR('',#5545,1.);
#3359=VECTOR('',#5546,1.);
#3360=VECTOR('',#5547,1.);
#3361=VECTOR('',#5548,1.);
#3362=VECTOR('',#5549,1.);
#3363=VECTOR('',#5550,1.);
#3364=VECTOR('',#5551,1.);
#3365=VECTOR('',#5552,1.);
#3366=VECTOR('',#5553,1.);
#3367=VECTOR('',#5554,1.);
#3368=VECTOR('',#5555,1.);
#3369=VECTOR('',#5556,1.);
#3370=VECTOR('',#5557,1.);
#3371=VECTOR('',#5564,1.);
#3372=VECTOR('',#5565,1.);
#3373=VECTOR('',#5566,1.);
#3374=VECTOR('',#5567,1.);
#3375=VECTOR('',#5568,1.);
#3376=VECTOR('',#5569,1.);
#3377=VECTOR('',#5570,1.);
#3378=VECTOR('',#5573,1.);
#3379=VECTOR('',#5576,1.);
#3380=VECTOR('',#5579,1.);
#3381=VECTOR('',#5584,1.);
#3382=VECTOR('',#5585,1.);
#3383=VECTOR('',#5586,1.);
#3384=VECTOR('',#5587,1.);
#3385=VECTOR('',#5588,1.);
#3386=VECTOR('',#5589,1.);
#3387=VECTOR('',#5590,1.);
#3388=VECTOR('',#5593,1.);
#3389=VECTOR('',#5594,1.);
#3390=VECTOR('',#5595,1.);
#3391=VECTOR('',#5596,1.);
#3392=VECTOR('',#5597,1.);
#3393=VECTOR('',#5598,1.);
#3394=VECTOR('',#5599,1.);
#3395=VECTOR('',#5602,1.);
#3396=VECTOR('',#5603,1.);
#3397=VECTOR('',#5604,1.);
#3398=VECTOR('',#5605,1.);
#3399=VECTOR('',#5606,1.);
#3400=VECTOR('',#5607,1.);
#3401=VECTOR('',#5608,1.);
#3402=VECTOR('',#5611,1.);
#3403=VECTOR('',#5612,1.);
#3404=VECTOR('',#5613,1.);
#3405=VECTOR('',#5614,1.);
#3406=VECTOR('',#5615,1.);
#3407=VECTOR('',#5616,1.);
#3408=VECTOR('',#5617,1.);
#3409=VECTOR('',#5620,1.);
#3410=VECTOR('',#5621,1.);
#3411=VECTOR('',#5622,1.);
#3412=VECTOR('',#5623,1.);
#3413=VECTOR('',#5624,1.);
#3414=VECTOR('',#5625,1.);
#3415=VECTOR('',#5626,1.);
#3416=VECTOR('',#5629,1.);
#3417=VECTOR('',#5630,1.);
#3418=VECTOR('',#5631,1.);
#3419=VECTOR('',#5632,1.);
#3420=VECTOR('',#5633,1.);
#3421=VECTOR('',#5634,1.);
#3422=VECTOR('',#5635,1.);
#3423=VECTOR('',#5638,1.);
#3424=VECTOR('',#5639,1.);
#3425=VECTOR('',#5640,1.);
#3426=VECTOR('',#5641,1.);
#3427=VECTOR('',#5642,1.);
#3428=VECTOR('',#5643,1.);
#3429=VECTOR('',#5644,1.);
#3430=VECTOR('',#5665,1.);
#3431=VECTOR('',#5666,1.);
#3432=VECTOR('',#5667,1.);
#3433=VECTOR('',#5670,1.);
#3434=VECTOR('',#5671,1.);
#3435=VECTOR('',#5672,1.);
#3436=VECTOR('',#5681,1.);
#3437=VECTOR('',#5682,1.);
#3438=VECTOR('',#5683,1.);
#3439=VECTOR('',#5684,1.);
#3440=VECTOR('',#5685,1.);
#3441=VECTOR('',#5688,1.);
#3442=VECTOR('',#5689,1.);
#3443=VECTOR('',#5690,1.);
#3444=VECTOR('',#5695,1.);
#3445=VECTOR('',#5698,1.);
#3446=VECTOR('',#5701,1.);
#3447=VECTOR('',#5704,1.);
#3448=VECTOR('',#5707,1.);
#3449=VECTOR('',#5710,1.);
#3450=VECTOR('',#5713,1.);
#3451=VECTOR('',#5716,1.);
#3452=VECTOR('',#5721,1.);
#3453=VECTOR('',#5722,1.);
#3454=VECTOR('',#5723,1.);
#3455=VECTOR('',#5724,1.);
#3456=VECTOR('',#5725,1.);
#3457=VECTOR('',#5726,1.);
#3458=VECTOR('',#5727,1.);
#3459=VECTOR('',#5728,1.);
#3460=VECTOR('',#5729,1.);
#3461=VECTOR('',#5730,1.);
#3462=VECTOR('',#5731,1.);
#3463=VECTOR('',#5732,1.);
#3464=VECTOR('',#5733,1.);
#3465=VECTOR('',#5742,1.);
#3466=VECTOR('',#5743,1.);
#3467=VECTOR('',#5744,1.);
#3468=VECTOR('',#5745,1.);
#3469=VECTOR('',#5748,1.);
#3470=VECTOR('',#5751,1.);
#3471=VECTOR('',#5752,1.);
#3472=VECTOR('',#5753,1.);
#3473=VECTOR('',#5754,1.);
#3474=VECTOR('',#5755,1.);
#3475=VECTOR('',#5756,1.);
#3476=VECTOR('',#5757,1.);
#3477=VECTOR('',#5760,1.);
#3478=VECTOR('',#5761,1.);
#3479=VECTOR('',#5764,1.);
#3480=VECTOR('',#5765,1.);
#3481=VECTOR('',#5770,1.);
#3482=VECTOR('',#5771,1.);
#3483=VECTOR('',#5772,1.);
#3484=VECTOR('',#5773,1.);
#3485=VECTOR('',#5776,1.);
#3486=VECTOR('',#5777,1.);
#3487=VECTOR('',#5778,1.);
#3488=VECTOR('',#5779,1.);
#3489=VECTOR('',#5780,1.);
#3490=VECTOR('',#5781,1.);
#3491=VECTOR('',#5784,1.);
#3492=VECTOR('',#5785,1.);
#3493=VECTOR('',#5788,1.);
#3494=VECTOR('',#5789,1.);
#3495=VECTOR('',#5790,1.);
#3496=VECTOR('',#5793,1.);
#3497=VECTOR('',#5796,1.);
#3498=VECTOR('',#5801,1.);
#3499=VECTOR('',#5802,1.);
#3500=VECTOR('',#5803,1.);
#3501=VECTOR('',#5804,1.);
#3502=VECTOR('',#5807,1.);
#3503=VECTOR('',#5808,1.);
#3504=VECTOR('',#5809,1.);
#3505=VECTOR('',#5812,1.);
#3506=VECTOR('',#5813,1.);
#3507=VECTOR('',#5814,1.);
#3508=VECTOR('',#5815,1.);
#3509=VECTOR('',#5816,1.);
#3510=VECTOR('',#5819,1.);
#3511=VECTOR('',#5820,1.);
#3512=VECTOR('',#5821,1.);
#3513=VECTOR('',#5824,1.);
#3514=VECTOR('',#5827,1.);
#3515=VECTOR('',#5828,1.);
#3516=VECTOR('',#5833,1.);
#3517=VECTOR('',#5840,1.);
#3518=VECTOR('',#5845,1.);
#3519=VECTOR('',#5846,1.);
#3520=VECTOR('',#5849,1.);
#3521=VECTOR('',#5850,1.);
#3522=VECTOR('',#5851,1.);
#3523=VECTOR('',#5852,1.);
#3524=VECTOR('',#5855,1.);
#3525=VECTOR('',#5856,1.);
#3526=VECTOR('',#5857,1.);
#3527=VECTOR('',#5858,1.);
#3528=VECTOR('',#5859,1.);
#3529=VECTOR('',#5860,1.);
#3530=VECTOR('',#5865,1.);
#3531=VECTOR('',#5868,1.);
#3532=VECTOR('',#5871,1.);
#3533=VECTOR('',#5872,1.);
#3534=VECTOR('',#5873,1.);
#3535=VECTOR('',#5874,1.);
#3536=VECTOR('',#5875,1.);
#3537=VECTOR('',#5876,1.);
#3538=VECTOR('',#5877,1.);
#3539=VECTOR('',#5878,1.);
#3540=VECTOR('',#5879,1.);
#3541=VECTOR('',#5882,1.);
#3542=VECTOR('',#5883,1.);
#3543=VECTOR('',#5884,1.);
#3544=VECTOR('',#5887,1.);
#3545=VECTOR('',#5888,1.);
#3546=VECTOR('',#5889,1.);
#3547=VECTOR('',#5890,1.);
#3548=VECTOR('',#5893,1.);
#3549=VECTOR('',#5894,1.);
#3550=VECTOR('',#5895,1.);
#3551=VECTOR('',#5896,1.);
#3552=VECTOR('',#5897,1.);
#3553=VECTOR('',#5900,1.);
#3554=VECTOR('',#5901,1.);
#3555=VECTOR('',#5902,1.);
#3556=VECTOR('',#5903,1.);
#3557=VECTOR('',#5904,1.);
#3558=VECTOR('',#5905,1.);
#3559=VECTOR('',#5908,1.);
#3560=VECTOR('',#5909,1.);
#3561=VECTOR('',#5910,1.);
#3562=VECTOR('',#5911,1.);
#3563=VECTOR('',#5912,1.);
#3564=VECTOR('',#5915,1.);
#3565=VECTOR('',#5918,1.);
#3566=VECTOR('',#5919,1.);
#3567=VECTOR('',#5922,1.);
#3568=VECTOR('',#5923,1.);
#3569=VECTOR('',#5926,1.);
#3570=VECTOR('',#5927,1.);
#3571=VECTOR('',#5934,1.);
#3572=VECTOR('',#5935,1.);
#3573=VECTOR('',#5938,1.);
#3574=VECTOR('',#5939,1.);
#3575=VECTOR('',#5940,1.);
#3576=VECTOR('',#5943,1.);
#3577=VECTOR('',#5944,1.);
#3578=VECTOR('',#5945,1.);
#3579=VECTOR('',#5948,1.);
#3580=VECTOR('',#5953,1.);
#3581=VECTOR('',#5960,1.);
#3582=VECTOR('',#5961,1.);
#3583=VECTOR('',#5962,1.);
#3584=VECTOR('',#5965,1.);
#3585=VECTOR('',#5966,1.);
#3586=VECTOR('',#5967,1.);
#3587=VECTOR('',#5970,1.);
#3588=VECTOR('',#5971,1.);
#3589=VECTOR('',#5972,1.);
#3590=VECTOR('',#5981,1.);
#3591=VECTOR('',#5996,1.);
#3592=VECTOR('',#5999,1.);
#3593=VECTOR('',#6152,1.);
#3594=VECTOR('',#6161,1.);
#3595=VECTOR('',#6170,1.);
#3596=VECTOR('',#6179,1.);
#3597=VECTOR('',#6190,1.);
#3598=VECTOR('',#6191,1.);
#3599=VECTOR('',#6192,1.);
#3600=VECTOR('',#6195,1.);
#3601=VECTOR('',#6196,1.);
#3602=VECTOR('',#6199,1.);
#3603=VECTOR('',#6200,1.);
#3604=VECTOR('',#6201,1.);
#3605=VECTOR('',#6204,1.);
#3606=VECTOR('',#6205,1.);
#3607=VECTOR('',#6208,1.);
#3608=VECTOR('',#6213,1.);
#3609=VECTOR('',#6218,1.);
#3610=VECTOR('',#6221,1.);
#3611=VECTOR('',#6228,1.);
#3612=VECTOR('',#6233,1.);
#3613=VECTOR('',#6238,1.);
#3614=VECTOR('',#6241,1.);
#3615=VECTOR('',#6248,1.);
#3616=VECTOR('',#6249,1.);
#3617=VECTOR('',#6252,1.);
#3618=VECTOR('',#6255,1.);
#3619=VECTOR('',#6258,1.);
#3620=VECTOR('',#6261,1.);
#3621=VECTOR('',#6266,1.);
#3622=VECTOR('',#6271,1.);
#3623=VECTOR('',#6276,1.);
#3624=VECTOR('',#6281,1.);
#3625=VECTOR('',#6286,1.);
#3626=VECTOR('',#6289,1.);
#3627=VECTOR('',#6294,1.);
#3628=VECTOR('',#6297,1.);
#3629=VECTOR('',#6304,1.);
#3630=VECTOR('',#6309,1.);
#3631=VECTOR('',#6314,1.);
#3632=VECTOR('',#6319,1.);
#3633=VECTOR('',#6330,1.);
#3634=VECTOR('',#6331,1.);
#3635=VECTOR('',#6332,1.);
#3636=VECTOR('',#6333,1.);
#3637=VECTOR('',#6334,1.);
#3638=VECTOR('',#6335,1.);
#3639=VECTOR('',#6338,1.);
#3640=VECTOR('',#6339,1.);
#3641=VECTOR('',#6340,1.);
#3642=VECTOR('',#6343,1.);
#3643=VECTOR('',#6346,1.);
#3644=VECTOR('',#6347,1.);
#3645=VECTOR('',#6348,1.);
#3646=VECTOR('',#6349,1.);
#3647=VECTOR('',#6350,1.);
#3648=VECTOR('',#6351,1.);
#3649=VECTOR('',#6352,1.);
#3650=VECTOR('',#6353,1.);
#3651=VECTOR('',#6356,1.);
#3652=VECTOR('',#6367,1.);
#3653=VECTOR('',#6368,1.);
#3654=VECTOR('',#6369,1.);
#3655=VECTOR('',#6370,1.);
#3656=VECTOR('',#6371,1.);
#3657=VECTOR('',#6372,1.);
#3658=VECTOR('',#6373,1.);
#3659=VECTOR('',#6376,1.);
#3660=VECTOR('',#6377,1.);
#3661=VECTOR('',#6378,1.);
#3662=VECTOR('',#6379,1.);
#3663=VECTOR('',#6380,1.);
#3664=VECTOR('',#6381,1.);
#3665=VECTOR('',#6384,1.);
#3666=VECTOR('',#6385,1.);
#3667=VECTOR('',#6386,1.);
#3668=VECTOR('',#6387,1.);
#3669=VECTOR('',#6396,1.);
#3670=VECTOR('',#6397,1.);
#3671=VECTOR('',#6398,1.);
#3672=VECTOR('',#6399,1.);
#3673=VECTOR('',#6400,1.);
#3674=VECTOR('',#6409,1.);
#3675=VECTOR('',#6412,1.);
#3676=VECTOR('',#6413,1.);
#3677=VECTOR('',#6414,1.);
#3678=VECTOR('',#6467,1.);
#3679=VECTOR('',#6470,1.);
#3680=VECTOR('',#6477,1.);
#3681=VECTOR('',#6478,1.);
#3682=VECTOR('',#6489,1.);
#3683=VECTOR('',#6492,1.);
#3684=VECTOR('',#6495,1.);
#3685=VECTOR('',#6496,1.);
#3686=VECTOR('',#6499,1.);
#3687=VECTOR('',#6502,1.);
#3688=VECTOR('',#6505,1.);
#3689=VECTOR('',#6508,1.);
#3690=VECTOR('',#6513,1.);
#3691=VECTOR('',#6518,1.);
#3692=VECTOR('',#6531,1.);
#3693=VECTOR('',#6538,1.);
#3694=VECTOR('',#6539,1.);
#3695=VECTOR('',#6540,1.);
#3696=VECTOR('',#6541,1.);
#3697=VECTOR('',#6542,1.);
#3698=VECTOR('',#6543,1.);
#3699=VECTOR('',#6544,1.);
#3700=VECTOR('',#6545,1.);
#3701=VECTOR('',#6546,1.);
#3702=VECTOR('',#6547,1.);
#3703=VECTOR('',#6548,1.);
#3704=VECTOR('',#6549,1.);
#3705=VECTOR('',#6550,1.);
#3706=VECTOR('',#6551,1.);
#3707=VECTOR('',#6552,1.);
#3708=VECTOR('',#6553,1.);
#3709=VECTOR('',#6554,1.);
#3710=VECTOR('',#6555,1.);
#3711=VECTOR('',#6556,1.);
#3712=VECTOR('',#6557,1.);
#3713=VECTOR('',#6560,1.);
#3714=VECTOR('',#6561,1.);
#3715=VECTOR('',#6562,1.);
#3716=VECTOR('',#6563,1.);
#3717=VECTOR('',#6564,1.);
#3718=VECTOR('',#6565,1.);
#3719=VECTOR('',#6566,1.);
#3720=VECTOR('',#6567,1.);
#3721=VECTOR('',#6568,1.);
#3722=VECTOR('',#6569,1.);
#3723=VECTOR('',#6572,1.);
#3724=VECTOR('',#6573,1.);
#3725=VECTOR('',#6574,1.);
#3726=VECTOR('',#6575,1.);
#3727=VECTOR('',#6576,1.);
#3728=VECTOR('',#6577,1.);
#3729=VECTOR('',#6578,1.);
#3730=VECTOR('',#6579,1.);
#3731=VECTOR('',#6580,1.);
#3732=VECTOR('',#6581,1.);
#3733=VECTOR('',#6584,1.);
#3734=VECTOR('',#6587,1.);
#3735=VECTOR('',#6588,1.);
#3736=VECTOR('',#6591,1.);
#3737=VECTOR('',#6592,1.);
#3738=VECTOR('',#6593,1.);
#3739=VECTOR('',#6598,1.);
#3740=VECTOR('',#6599,1.);
#3741=VECTOR('',#6600,1.);
#3742=VECTOR('',#6603,1.);
#3743=VECTOR('',#6608,1.);
#3744=VECTOR('',#6609,1.);
#3745=VECTOR('',#6610,1.);
#3746=VECTOR('',#6613,1.);
#3747=VECTOR('',#6616,1.);
#3748=VECTOR('',#6617,1.);
#3749=VECTOR('',#6620,1.);
#3750=VECTOR('',#6621,1.);
#3751=VECTOR('',#6628,1.);
#3752=VECTOR('',#6629,1.);
#3753=VECTOR('',#6632,1.);
#3754=VECTOR('',#6633,1.);
#3755=VECTOR('',#6636,1.);
#3756=VECTOR('',#6639,1.);
#3757=VECTOR('',#6646,1.);
#3758=VECTOR('',#6647,1.);
#3759=VECTOR('',#6648,1.);
#3760=VECTOR('',#6655,1.);
#3761=VECTOR('',#6656,1.);
#3762=VECTOR('',#6657,1.);
#3763=VECTOR('',#6658,1.);
#3764=VECTOR('',#6659,1.);
#3765=VECTOR('',#6660,1.);
#3766=VECTOR('',#6665,1.);
#3767=VECTOR('',#6666,1.);
#3768=VECTOR('',#6667,1.);
#3769=VECTOR('',#6670,1.);
#3770=VECTOR('',#6671,1.);
#3771=VECTOR('',#6674,1.);
#3772=VECTOR('',#6675,1.);
#3773=VECTOR('',#6692,1.);
#3774=VECTOR('',#6693,1.);
#3775=VECTOR('',#6694,1.);
#3776=VECTOR('',#6695,1.);
#3777=VECTOR('',#6696,1.);
#3778=VECTOR('',#6697,1.);
#3779=VECTOR('',#6700,1.);
#3780=VECTOR('',#6701,1.);
#3781=VECTOR('',#6704,1.);
#3782=VECTOR('',#6705,1.);
#3783=VECTOR('',#6708,1.);
#3784=VECTOR('',#6709,1.);
#3785=VECTOR('',#6712,1.);
#3786=VECTOR('',#6713,1.);
#3787=VECTOR('',#6714,1.);
#3788=VECTOR('',#6715,1.);
#3789=VECTOR('',#6716,1.);
#3790=VECTOR('',#6717,1.);
#3791=VECTOR('',#6718,1.);
#3792=VECTOR('',#6729,1.);
#3793=VECTOR('',#6730,1.);
#3794=VECTOR('',#6731,1.);
#3795=VECTOR('',#6732,1.);
#3796=VECTOR('',#6733,1.);
#3797=VECTOR('',#6734,1.);
#3798=VECTOR('',#6735,1.);
#3799=VECTOR('',#6738,1.);
#3800=VECTOR('',#6739,1.);
#3801=VECTOR('',#6740,1.);
#3802=VECTOR('',#6741,1.);
#3803=VECTOR('',#6742,1.);
#3804=VECTOR('',#6743,1.);
#3805=VECTOR('',#6746,1.);
#3806=VECTOR('',#6747,1.);
#3807=VECTOR('',#6748,1.);
#3808=VECTOR('',#6749,1.);
#3809=VECTOR('',#6758,1.);
#3810=VECTOR('',#6759,1.);
#3811=VECTOR('',#6760,1.);
#3812=VECTOR('',#6761,1.);
#3813=VECTOR('',#6762,1.);
#3814=VECTOR('',#6771,1.);
#3815=VECTOR('',#6772,1.);
#3816=VECTOR('',#6773,1.);
#3817=VECTOR('',#6774,1.);
#3818=VECTOR('',#6829,1.);
#3819=VECTOR('',#6832,1.);
#3820=VECTOR('',#6839,1.);
#3821=VECTOR('',#6840,1.);
#3822=VECTOR('',#6851,1.);
#3823=VECTOR('',#6854,1.);
#3824=VECTOR('',#6857,1.);
#3825=VECTOR('',#6858,1.);
#3826=VECTOR('',#6861,1.);
#3827=VECTOR('',#6864,1.);
#3828=VECTOR('',#6867,1.);
#3829=VECTOR('',#6870,1.);
#3830=VECTOR('',#6875,1.);
#3831=VECTOR('',#6880,1.);
#3832=VECTOR('',#6893,1.);
#3833=EDGE_LOOP('',(#333,#334,#335,#336,#337,#338,#339,#340,#341,#342,#343,
#344,#345,#346));
#3834=EDGE_LOOP('',(#347,#348,#349,#350,#351,#352,#353));
#3835=EDGE_LOOP('',(#354,#355,#356,#357,#358,#359,#360,#361,#362,#363,#364,
#365,#366,#367,#368));
#3836=EDGE_LOOP('',(#369));
#3837=EDGE_LOOP('',(#370));
#3838=EDGE_LOOP('',(#371,#372,#373,#374,#375,#376,#377,#378,#379,#380,#381,
#382,#383,#384,#385,#386));
#3839=EDGE_LOOP('',(#387,#388,#389,#390,#391,#392,#393));
#3840=EDGE_LOOP('',(#394,#395,#396,#397,#398,#399,#400));
#3841=EDGE_LOOP('',(#401,#402,#403,#404,#405,#406,#407));
#3842=EDGE_LOOP('',(#408,#409,#410,#411,#412,#413,#414));
#3843=EDGE_LOOP('',(#415,#416,#417,#418,#419,#420,#421));
#3844=EDGE_LOOP('',(#422,#423,#424,#425,#426,#427,#428));
#3845=EDGE_LOOP('',(#429,#430,#431,#432,#433,#434,#435));
#3846=EDGE_LOOP('',(#436,#437,#438,#439));
#3847=EDGE_LOOP('',(#440,#441,#442,#443));
#3848=EDGE_LOOP('',(#444,#445,#446,#447));
#3849=EDGE_LOOP('',(#448,#449,#450,#451));
#3850=EDGE_LOOP('',(#452,#453,#454,#455));
#3851=EDGE_LOOP('',(#456,#457,#458,#459));
#3852=EDGE_LOOP('',(#460,#461,#462,#463,#464,#465));
#3853=EDGE_LOOP('',(#466,#467,#468,#469));
#3854=EDGE_LOOP('',(#470,#471,#472,#473));
#3855=EDGE_LOOP('',(#474,#475,#476,#477));
#3856=EDGE_LOOP('',(#478,#479,#480,#481));
#3857=EDGE_LOOP('',(#482,#483,#484,#485));
#3858=EDGE_LOOP('',(#486));
#3859=EDGE_LOOP('',(#487));
#3860=EDGE_LOOP('',(#488,#489,#490,#491,#492,#493,#494,#495,#496,#497,#498,
#499,#500,#501,#502,#503,#504,#505,#506,#507,#508,#509,#510,#511,#512,#513));
#3861=EDGE_LOOP('',(#514,#515,#516,#517,#518,#519,#520));
#3862=EDGE_LOOP('',(#521,#522,#523,#524,#525));
#3863=EDGE_LOOP('',(#526,#527,#528,#529,#530));
#3864=EDGE_LOOP('',(#531,#532,#533,#534,#535,#536,#537,#538));
#3865=EDGE_LOOP('',(#539,#540,#541,#542));
#3866=EDGE_LOOP('',(#543,#544,#545,#546));
#3867=EDGE_LOOP('',(#547,#548,#549,#550));
#3868=EDGE_LOOP('',(#551,#552,#553,#554));
#3869=EDGE_LOOP('',(#555,#556,#557,#558));
#3870=EDGE_LOOP('',(#559,#560,#561,#562,#563,#564,#565,#566,#567,#568,#569,
#570,#571,#572,#573,#574,#575));
#3871=EDGE_LOOP('',(#576,#577,#578,#579,#580));
#3872=EDGE_LOOP('',(#581,#582,#583,#584));
#3873=EDGE_LOOP('',(#585,#586,#587,#588,#589,#590,#591));
#3874=EDGE_LOOP('',(#592,#593,#594,#595,#596,#597,#598,#599,#600,#601,#602,
#603,#604,#605,#606,#607,#608,#609));
#3875=EDGE_LOOP('',(#610,#611,#612,#613,#614,#615,#616,#617,#618,#619,#620,
#621));
#3876=EDGE_LOOP('',(#622,#623,#624,#625,#626));
#3877=EDGE_LOOP('',(#627,#628,#629,#630,#631,#632));
#3878=EDGE_LOOP('',(#633,#634,#635,#636,#637,#638,#639));
#3879=EDGE_LOOP('',(#640,#641,#642,#643,#644,#645));
#3880=EDGE_LOOP('',(#646,#647,#648,#649,#650,#651,#652));
#3881=EDGE_LOOP('',(#653,#654,#655,#656,#657));
#3882=EDGE_LOOP('',(#658,#659,#660,#661));
#3883=EDGE_LOOP('',(#662,#663,#664,#665,#666,#667));
#3884=EDGE_LOOP('',(#668,#669,#670,#671,#672,#673));
#3885=EDGE_LOOP('',(#674,#675,#676,#677));
#3886=EDGE_LOOP('',(#678,#679,#680,#681));
#3887=EDGE_LOOP('',(#682,#683,#684,#685));
#3888=EDGE_LOOP('',(#686,#687,#688,#689));
#3889=EDGE_LOOP('',(#690,#691,#692,#693));
#3890=EDGE_LOOP('',(#694,#695,#696,#697));
#3891=EDGE_LOOP('',(#698,#699,#700,#701));
#3892=EDGE_LOOP('',(#702,#703,#704,#705));
#3893=EDGE_LOOP('',(#706,#707,#708,#709));
#3894=EDGE_LOOP('',(#710,#711,#712,#713));
#3895=EDGE_LOOP('',(#714,#715,#716,#717));
#3896=EDGE_LOOP('',(#718,#719,#720,#721));
#3897=EDGE_LOOP('',(#722,#723,#724,#725));
#3898=EDGE_LOOP('',(#726,#727,#728,#729));
#3899=EDGE_LOOP('',(#730,#731,#732,#733,#734));
#3900=EDGE_LOOP('',(#735,#736,#737,#738));
#3901=EDGE_LOOP('',(#739,#740,#741,#742,#743));
#3902=EDGE_LOOP('',(#744,#745,#746,#747));
#3903=EDGE_LOOP('',(#748,#749,#750,#751));
#3904=EDGE_LOOP('',(#752,#753,#754,#755));
#3905=EDGE_LOOP('',(#756,#757,#758,#759,#760,#761,#762,#763));
#3906=EDGE_LOOP('',(#764,#765,#766,#767,#768,#769,#770));
#3907=EDGE_LOOP('',(#771,#772,#773,#774));
#3908=EDGE_LOOP('',(#775,#776,#777));
#3909=EDGE_LOOP('',(#778,#779,#780,#781));
#3910=EDGE_LOOP('',(#782,#783,#784,#785));
#3911=EDGE_LOOP('',(#786,#787,#788,#789));
#3912=EDGE_LOOP('',(#790,#791,#792,#793));
#3913=EDGE_LOOP('',(#794,#795,#796));
#3914=EDGE_LOOP('',(#797,#798,#799,#800));
#3915=EDGE_LOOP('',(#801,#802,#803,#804));
#3916=EDGE_LOOP('',(#805,#806,#807,#808));
#3917=EDGE_LOOP('',(#809,#810,#811,#812));
#3918=EDGE_LOOP('',(#813,#814,#815,#816));
#3919=EDGE_LOOP('',(#817,#818,#819,#820));
#3920=EDGE_LOOP('',(#821,#822,#823,#824));
#3921=EDGE_LOOP('',(#825,#826,#827,#828,#829));
#3922=EDGE_LOOP('',(#830,#831,#832,#833));
#3923=EDGE_LOOP('',(#834,#835,#836,#837));
#3924=EDGE_LOOP('',(#838,#839,#840,#841));
#3925=EDGE_LOOP('',(#842,#843,#844));
#3926=EDGE_LOOP('',(#845,#846,#847,#848,#849));
#3927=EDGE_LOOP('',(#850,#851,#852,#853));
#3928=EDGE_LOOP('',(#854,#855,#856,#857,#858,#859));
#3929=EDGE_LOOP('',(#860,#861,#862,#863));
#3930=EDGE_LOOP('',(#864,#865,#866,#867,#868));
#3931=EDGE_LOOP('',(#869,#870,#871,#872,#873,#874));
#3932=EDGE_LOOP('',(#875,#876,#877,#878));
#3933=EDGE_LOOP('',(#879,#880,#881,#882));
#3934=EDGE_LOOP('',(#883,#884,#885,#886));
#3935=EDGE_LOOP('',(#887,#888,#889,#890));
#3936=EDGE_LOOP('',(#891,#892,#893,#894));
#3937=EDGE_LOOP('',(#895,#896,#897,#898));
#3938=EDGE_LOOP('',(#899,#900,#901,#902));
#3939=EDGE_LOOP('',(#903,#904,#905,#906));
#3940=EDGE_LOOP('',(#907,#908,#909,#910));
#3941=EDGE_LOOP('',(#911,#912,#913,#914));
#3942=EDGE_LOOP('',(#915,#916,#917,#918));
#3943=EDGE_LOOP('',(#919,#920));
#3944=EDGE_LOOP('',(#921,#922,#923,#924));
#3945=EDGE_LOOP('',(#925,#926));
#3946=EDGE_LOOP('',(#927,#928,#929,#930));
#3947=EDGE_LOOP('',(#931,#932));
#3948=EDGE_LOOP('',(#933,#934,#935,#936));
#3949=EDGE_LOOP('',(#937,#938));
#3950=EDGE_LOOP('',(#939));
#3951=EDGE_LOOP('',(#940));
#3952=EDGE_LOOP('',(#941));
#3953=EDGE_LOOP('',(#942));
#3954=EDGE_LOOP('',(#943,#944,#945,#946,#947));
#3955=EDGE_LOOP('',(#948,#949,#950,#951));
#3956=EDGE_LOOP('',(#952,#953,#954,#955,#956));
#3957=EDGE_LOOP('',(#957,#958,#959,#960));
#3958=EDGE_LOOP('',(#961,#962,#963,#964));
#3959=EDGE_LOOP('',(#965,#966,#967,#968));
#3960=EDGE_LOOP('',(#969,#970,#971,#972));
#3961=EDGE_LOOP('',(#973,#974,#975,#976));
#3962=EDGE_LOOP('',(#977,#978,#979,#980));
#3963=EDGE_LOOP('',(#981,#982,#983,#984));
#3964=EDGE_LOOP('',(#985,#986,#987,#988));
#3965=EDGE_LOOP('',(#989,#990,#991,#992));
#3966=EDGE_LOOP('',(#993,#994,#995,#996));
#3967=EDGE_LOOP('',(#997,#998,#999,#1000));
#3968=EDGE_LOOP('',(#1001,#1002,#1003,#1004));
#3969=EDGE_LOOP('',(#1005,#1006,#1007,#1008));
#3970=EDGE_LOOP('',(#1009,#1010,#1011,#1012));
#3971=EDGE_LOOP('',(#1013,#1014,#1015,#1016));
#3972=EDGE_LOOP('',(#1017,#1018,#1019,#1020));
#3973=EDGE_LOOP('',(#1021,#1022,#1023,#1024));
#3974=EDGE_LOOP('',(#1025,#1026,#1027,#1028,#1029));
#3975=EDGE_LOOP('',(#1030,#1031,#1032,#1033,#1034));
#3976=EDGE_LOOP('',(#1035,#1036,#1037,#1038));
#3977=EDGE_LOOP('',(#1039,#1040,#1041,#1042,#1043));
#3978=EDGE_LOOP('',(#1044,#1045,#1046,#1047,#1048));
#3979=EDGE_LOOP('',(#1049,#1050,#1051,#1052));
#3980=EDGE_LOOP('',(#1053,#1054,#1055,#1056));
#3981=EDGE_LOOP('',(#1057,#1058,#1059,#1060));
#3982=EDGE_LOOP('',(#1061,#1062,#1063,#1064));
#3983=EDGE_LOOP('',(#1065,#1066,#1067,#1068));
#3984=EDGE_LOOP('',(#1069,#1070,#1071,#1072));
#3985=EDGE_LOOP('',(#1073,#1074,#1075,#1076));
#3986=EDGE_LOOP('',(#1077,#1078,#1079,#1080));
#3987=EDGE_LOOP('',(#1081,#1082,#1083,#1084));
#3988=EDGE_LOOP('',(#1085,#1086,#1087,#1088));
#3989=EDGE_LOOP('',(#1089,#1090,#1091,#1092));
#3990=EDGE_LOOP('',(#1093,#1094,#1095,#1096));
#3991=EDGE_LOOP('',(#1097,#1098,#1099,#1100));
#3992=EDGE_LOOP('',(#1101,#1102,#1103,#1104));
#3993=EDGE_LOOP('',(#1105,#1106,#1107,#1108));
#3994=EDGE_LOOP('',(#1109,#1110,#1111,#1112));
#3995=EDGE_LOOP('',(#1113,#1114,#1115,#1116));
#3996=EDGE_LOOP('',(#1117,#1118,#1119,#1120));
#3997=EDGE_LOOP('',(#1121,#1122,#1123,#1124));
#3998=EDGE_LOOP('',(#1125,#1126,#1127,#1128));
#3999=EDGE_LOOP('',(#1129,#1130,#1131,#1132));
#4000=EDGE_LOOP('',(#1133,#1134,#1135,#1136));
#4001=EDGE_LOOP('',(#1137,#1138,#1139,#1140));
#4002=EDGE_LOOP('',(#1141,#1142,#1143,#1144));
#4003=EDGE_LOOP('',(#1145));
#4004=EDGE_LOOP('',(#1146));
#4005=EDGE_LOOP('',(#1147));
#4006=EDGE_LOOP('',(#1148));
#4007=EDGE_LOOP('',(#1149,#1150,#1151,#1152,#1153,#1154));
#4008=EDGE_LOOP('',(#1155,#1156,#1157,#1158,#1159,#1160));
#4009=EDGE_LOOP('',(#1161,#1162,#1163,#1164,#1165,#1166,#1167,#1168,#1169,
#1170));
#4010=EDGE_LOOP('',(#1171));
#4011=EDGE_LOOP('',(#1172));
#4012=EDGE_LOOP('',(#1173));
#4013=EDGE_LOOP('',(#1174));
#4014=EDGE_LOOP('',(#1175,#1176,#1177,#1178,#1179,#1180,#1181,#1182));
#4015=EDGE_LOOP('',(#1183,#1184,#1185,#1186,#1187,#1188,#1189));
#4016=EDGE_LOOP('',(#1190,#1191,#1192,#1193));
#4017=EDGE_LOOP('',(#1194));
#4018=EDGE_LOOP('',(#1195));
#4019=EDGE_LOOP('',(#1196,#1197,#1198,#1199,#1200,#1201,#1202));
#4020=EDGE_LOOP('',(#1203));
#4021=EDGE_LOOP('',(#1204));
#4022=EDGE_LOOP('',(#1205,#1206,#1207,#1208,#1209,#1210,#1211,#1212,#1213,
#1214));
#4023=EDGE_LOOP('',(#1215));
#4024=EDGE_LOOP('',(#1216));
#4025=EDGE_LOOP('',(#1217));
#4026=EDGE_LOOP('',(#1218));
#4027=EDGE_LOOP('',(#1219));
#4028=EDGE_LOOP('',(#1220));
#4029=EDGE_LOOP('',(#1221));
#4030=EDGE_LOOP('',(#1222));
#4031=EDGE_LOOP('',(#1223));
#4032=EDGE_LOOP('',(#1224));
#4033=EDGE_LOOP('',(#1225));
#4034=EDGE_LOOP('',(#1226));
#4035=EDGE_LOOP('',(#1227));
#4036=EDGE_LOOP('',(#1228));
#4037=EDGE_LOOP('',(#1229,#1230));
#4038=EDGE_LOOP('',(#1231));
#4039=EDGE_LOOP('',(#1232));
#4040=EDGE_LOOP('',(#1233));
#4041=EDGE_LOOP('',(#1234));
#4042=EDGE_LOOP('',(#1235));
#4043=EDGE_LOOP('',(#1236));
#4044=EDGE_LOOP('',(#1237));
#4045=EDGE_LOOP('',(#1238));
#4046=EDGE_LOOP('',(#1239));
#4047=EDGE_LOOP('',(#1240));
#4048=EDGE_LOOP('',(#1241));
#4049=EDGE_LOOP('',(#1242));
#4050=EDGE_LOOP('',(#1243,#1244,#1245,#1246));
#4051=EDGE_LOOP('',(#1247,#1248,#1249,#1250));
#4052=EDGE_LOOP('',(#1251));
#4053=EDGE_LOOP('',(#1252));
#4054=EDGE_LOOP('',(#1253));
#4055=EDGE_LOOP('',(#1254,#1255,#1256,#1257,#1258,#1259));
#4056=EDGE_LOOP('',(#1260,#1261,#1262,#1263));
#4057=EDGE_LOOP('',(#1264,#1265));
#4058=EDGE_LOOP('',(#1266));
#4059=EDGE_LOOP('',(#1267,#1268,#1269,#1270));
#4060=EDGE_LOOP('',(#1271,#1272,#1273,#1274));
#4061=EDGE_LOOP('',(#1275,#1276,#1277,#1278));
#4062=EDGE_LOOP('',(#1279,#1280,#1281,#1282));
#4063=EDGE_LOOP('',(#1283,#1284,#1285,#1286));
#4064=EDGE_LOOP('',(#1287,#1288,#1289,#1290));
#4065=EDGE_LOOP('',(#1291,#1292,#1293,#1294));
#4066=EDGE_LOOP('',(#1295,#1296,#1297,#1298));
#4067=EDGE_LOOP('',(#1299,#1300,#1301,#1302));
#4068=EDGE_LOOP('',(#1303,#1304,#1305,#1306));
#4069=EDGE_LOOP('',(#1307,#1308,#1309,#1310));
#4070=EDGE_LOOP('',(#1311,#1312,#1313,#1314));
#4071=EDGE_LOOP('',(#1315));
#4072=EDGE_LOOP('',(#1316));
#4073=EDGE_LOOP('',(#1317));
#4074=EDGE_LOOP('',(#1318));
#4075=EDGE_LOOP('',(#1319));
#4076=EDGE_LOOP('',(#1320));
#4077=EDGE_LOOP('',(#1321));
#4078=EDGE_LOOP('',(#1322));
#4079=EDGE_LOOP('',(#1323,#1324,#1325,#1326));
#4080=EDGE_LOOP('',(#1327,#1328,#1329,#1330));
#4081=EDGE_LOOP('',(#1331,#1332,#1333,#1334,#1335,#1336,#1337,#1338,#1339,
#1340,#1341,#1342,#1343,#1344,#1345,#1346,#1347,#1348,#1349,#1350));
#4082=EDGE_LOOP('',(#1351,#1352,#1353,#1354,#1355,#1356,#1357,#1358,#1359,
#1360));
#4083=EDGE_LOOP('',(#1361,#1362,#1363,#1364,#1365,#1366,#1367,#1368,#1369,
#1370));
#4084=EDGE_LOOP('',(#1371,#1372,#1373,#1374,#1375,#1376,#1377,#1378));
#4085=EDGE_LOOP('',(#1379,#1380,#1381,#1382,#1383,#1384,#1385,#1386));
#4086=EDGE_LOOP('',(#1387,#1388,#1389,#1390));
#4087=EDGE_LOOP('',(#1391,#1392,#1393,#1394,#1395,#1396,#1397,#1398,#1399,
#1400,#1401,#1402));
#4088=EDGE_LOOP('',(#1403,#1404,#1405,#1406));
#4089=EDGE_LOOP('',(#1407,#1408,#1409,#1410));
#4090=EDGE_LOOP('',(#1411,#1412,#1413,#1414));
#4091=EDGE_LOOP('',(#1415,#1416,#1417,#1418));
#4092=EDGE_LOOP('',(#1419,#1420,#1421,#1422));
#4093=EDGE_LOOP('',(#1423,#1424,#1425,#1426));
#4094=EDGE_LOOP('',(#1427,#1428,#1429,#1430));
#4095=EDGE_LOOP('',(#1431,#1432,#1433,#1434));
#4096=EDGE_LOOP('',(#1435,#1436,#1437,#1438));
#4097=EDGE_LOOP('',(#1439,#1440,#1441,#1442,#1443,#1444));
#4098=EDGE_LOOP('',(#1445,#1446,#1447,#1448,#1449,#1450));
#4099=EDGE_LOOP('',(#1451,#1452,#1453,#1454,#1455,#1456));
#4100=EDGE_LOOP('',(#1457,#1458,#1459,#1460,#1461,#1462));
#4101=EDGE_LOOP('',(#1463,#1464,#1465,#1466));
#4102=EDGE_LOOP('',(#1467));
#4103=EDGE_LOOP('',(#1468,#1469,#1470,#1471,#1472,#1473));
#4104=EDGE_LOOP('',(#1474));
#4105=EDGE_LOOP('',(#1475));
#4106=EDGE_LOOP('',(#1476,#1477,#1478,#1479,#1480,#1481,#1482,#1483,#1484,
#1485,#1486,#1487));
#4107=EDGE_LOOP('',(#1488));
#4108=EDGE_LOOP('',(#1489,#1490,#1491,#1492,#1493,#1494));
#4109=EDGE_LOOP('',(#1495,#1496,#1497,#1498));
#4110=EDGE_LOOP('',(#1499,#1500,#1501,#1502));
#4111=EDGE_LOOP('',(#1503));
#4112=EDGE_LOOP('',(#1504));
#4113=EDGE_LOOP('',(#1505));
#4114=EDGE_LOOP('',(#1506));
#4115=EDGE_LOOP('',(#1507,#1508,#1509,#1510));
#4116=EDGE_LOOP('',(#1511,#1512,#1513,#1514));
#4117=EDGE_LOOP('',(#1515,#1516,#1517,#1518));
#4118=EDGE_LOOP('',(#1519,#1520,#1521,#1522));
#4119=EDGE_LOOP('',(#1523,#1524,#1525,#1526,#1527,#1528));
#4120=EDGE_LOOP('',(#1529,#1530,#1531,#1532,#1533,#1534));
#4121=EDGE_LOOP('',(#1535,#1536,#1537,#1538,#1539,#1540,#1541,#1542,#1543,
#1544));
#4122=EDGE_LOOP('',(#1545));
#4123=EDGE_LOOP('',(#1546));
#4124=EDGE_LOOP('',(#1547));
#4125=EDGE_LOOP('',(#1548));
#4126=EDGE_LOOP('',(#1549,#1550,#1551,#1552,#1553,#1554,#1555,#1556));
#4127=EDGE_LOOP('',(#1557,#1558,#1559,#1560,#1561,#1562,#1563));
#4128=EDGE_LOOP('',(#1564,#1565,#1566,#1567));
#4129=EDGE_LOOP('',(#1568));
#4130=EDGE_LOOP('',(#1569));
#4131=EDGE_LOOP('',(#1570,#1571,#1572,#1573,#1574,#1575,#1576));
#4132=EDGE_LOOP('',(#1577));
#4133=EDGE_LOOP('',(#1578));
#4134=EDGE_LOOP('',(#1579,#1580,#1581,#1582,#1583,#1584,#1585,#1586,#1587,
#1588));
#4135=EDGE_LOOP('',(#1589));
#4136=EDGE_LOOP('',(#1590));
#4137=EDGE_LOOP('',(#1591));
#4138=EDGE_LOOP('',(#1592));
#4139=EDGE_LOOP('',(#1593));
#4140=EDGE_LOOP('',(#1594));
#4141=EDGE_LOOP('',(#1595));
#4142=EDGE_LOOP('',(#1596));
#4143=EDGE_LOOP('',(#1597));
#4144=EDGE_LOOP('',(#1598));
#4145=EDGE_LOOP('',(#1599));
#4146=EDGE_LOOP('',(#1600));
#4147=EDGE_LOOP('',(#1601));
#4148=EDGE_LOOP('',(#1602));
#4149=EDGE_LOOP('',(#1603,#1604));
#4150=EDGE_LOOP('',(#1605));
#4151=EDGE_LOOP('',(#1606));
#4152=EDGE_LOOP('',(#1607));
#4153=EDGE_LOOP('',(#1608));
#4154=EDGE_LOOP('',(#1609));
#4155=EDGE_LOOP('',(#1610));
#4156=EDGE_LOOP('',(#1611));
#4157=EDGE_LOOP('',(#1612));
#4158=EDGE_LOOP('',(#1613));
#4159=EDGE_LOOP('',(#1614));
#4160=EDGE_LOOP('',(#1615));
#4161=EDGE_LOOP('',(#1616));
#4162=EDGE_LOOP('',(#1617,#1618,#1619,#1620));
#4163=EDGE_LOOP('',(#1621,#1622,#1623,#1624));
#4164=EDGE_LOOP('',(#1625));
#4165=EDGE_LOOP('',(#1626));
#4166=EDGE_LOOP('',(#1627));
#4167=EDGE_LOOP('',(#1628,#1629,#1630,#1631,#1632,#1633));
#4168=EDGE_LOOP('',(#1634,#1635,#1636,#1637));
#4169=EDGE_LOOP('',(#1638,#1639));
#4170=EDGE_LOOP('',(#1640));
#4171=EDGE_LOOP('',(#1641,#1642,#1643,#1644));
#4172=EDGE_LOOP('',(#1645,#1646,#1647,#1648));
#4173=EDGE_LOOP('',(#1649,#1650,#1651,#1652));
#4174=EDGE_LOOP('',(#1653,#1654,#1655,#1656));
#4175=EDGE_LOOP('',(#1657,#1658,#1659,#1660));
#4176=EDGE_LOOP('',(#1661,#1662,#1663,#1664));
#4177=EDGE_LOOP('',(#1665,#1666,#1667,#1668));
#4178=EDGE_LOOP('',(#1669,#1670,#1671,#1672));
#4179=EDGE_LOOP('',(#1673,#1674,#1675,#1676));
#4180=EDGE_LOOP('',(#1677,#1678,#1679,#1680));
#4181=EDGE_LOOP('',(#1681,#1682,#1683,#1684));
#4182=EDGE_LOOP('',(#1685,#1686,#1687,#1688));
#4183=EDGE_LOOP('',(#1689));
#4184=EDGE_LOOP('',(#1690));
#4185=EDGE_LOOP('',(#1691));
#4186=EDGE_LOOP('',(#1692));
#4187=EDGE_LOOP('',(#1693));
#4188=EDGE_LOOP('',(#1694));
#4189=EDGE_LOOP('',(#1695));
#4190=EDGE_LOOP('',(#1696));
#4191=EDGE_LOOP('',(#1697,#1698,#1699,#1700));
#4192=EDGE_LOOP('',(#1701,#1702,#1703,#1704));
#4193=FACE_BOUND('',#3833,.T.);
#4194=FACE_BOUND('',#3834,.T.);
#4195=FACE_BOUND('',#3835,.T.);
#4196=FACE_BOUND('',#3836,.T.);
#4197=FACE_BOUND('',#3837,.T.);
#4198=FACE_BOUND('',#3838,.T.);
#4199=FACE_BOUND('',#3839,.T.);
#4200=FACE_BOUND('',#3840,.T.);
#4201=FACE_BOUND('',#3841,.T.);
#4202=FACE_BOUND('',#3842,.T.);
#4203=FACE_BOUND('',#3843,.T.);
#4204=FACE_BOUND('',#3844,.T.);
#4205=FACE_BOUND('',#3845,.T.);
#4206=FACE_BOUND('',#3846,.T.);
#4207=FACE_BOUND('',#3847,.T.);
#4208=FACE_BOUND('',#3848,.T.);
#4209=FACE_BOUND('',#3849,.T.);
#4210=FACE_BOUND('',#3850,.T.);
#4211=FACE_BOUND('',#3851,.T.);
#4212=FACE_BOUND('',#3852,.T.);
#4213=FACE_BOUND('',#3853,.T.);
#4214=FACE_BOUND('',#3854,.T.);
#4215=FACE_BOUND('',#3855,.T.);
#4216=FACE_BOUND('',#3856,.T.);
#4217=FACE_BOUND('',#3857,.T.);
#4218=FACE_BOUND('',#3858,.T.);
#4219=FACE_BOUND('',#3859,.T.);
#4220=FACE_BOUND('',#3860,.T.);
#4221=FACE_BOUND('',#3861,.T.);
#4222=FACE_BOUND('',#3862,.T.);
#4223=FACE_BOUND('',#3863,.T.);
#4224=FACE_BOUND('',#3864,.T.);
#4225=FACE_BOUND('',#3865,.T.);
#4226=FACE_BOUND('',#3866,.T.);
#4227=FACE_BOUND('',#3867,.T.);
#4228=FACE_BOUND('',#3868,.T.);
#4229=FACE_BOUND('',#3869,.T.);
#4230=FACE_BOUND('',#3870,.T.);
#4231=FACE_BOUND('',#3871,.T.);
#4232=FACE_BOUND('',#3872,.T.);
#4233=FACE_BOUND('',#3873,.T.);
#4234=FACE_BOUND('',#3874,.T.);
#4235=FACE_BOUND('',#3875,.T.);
#4236=FACE_BOUND('',#3876,.T.);
#4237=FACE_BOUND('',#3877,.T.);
#4238=FACE_BOUND('',#3878,.T.);
#4239=FACE_BOUND('',#3879,.T.);
#4240=FACE_BOUND('',#3880,.T.);
#4241=FACE_BOUND('',#3881,.T.);
#4242=FACE_BOUND('',#3882,.T.);
#4243=FACE_BOUND('',#3883,.T.);
#4244=FACE_BOUND('',#3884,.T.);
#4245=FACE_BOUND('',#3885,.T.);
#4246=FACE_BOUND('',#3886,.T.);
#4247=FACE_BOUND('',#3887,.T.);
#4248=FACE_BOUND('',#3888,.T.);
#4249=FACE_BOUND('',#3889,.T.);
#4250=FACE_BOUND('',#3890,.T.);
#4251=FACE_BOUND('',#3891,.T.);
#4252=FACE_BOUND('',#3892,.T.);
#4253=FACE_BOUND('',#3893,.T.);
#4254=FACE_BOUND('',#3894,.T.);
#4255=FACE_BOUND('',#3895,.T.);
#4256=FACE_BOUND('',#3896,.T.);
#4257=FACE_BOUND('',#3897,.T.);
#4258=FACE_BOUND('',#3898,.T.);
#4259=FACE_BOUND('',#3899,.T.);
#4260=FACE_BOUND('',#3900,.T.);
#4261=FACE_BOUND('',#3901,.T.);
#4262=FACE_BOUND('',#3902,.T.);
#4263=FACE_BOUND('',#3903,.T.);
#4264=FACE_BOUND('',#3904,.T.);
#4265=FACE_BOUND('',#3905,.T.);
#4266=FACE_BOUND('',#3906,.T.);
#4267=FACE_BOUND('',#3907,.T.);
#4268=FACE_BOUND('',#3908,.T.);
#4269=FACE_BOUND('',#3909,.T.);
#4270=FACE_BOUND('',#3910,.T.);
#4271=FACE_BOUND('',#3911,.T.);
#4272=FACE_BOUND('',#3912,.T.);
#4273=FACE_BOUND('',#3913,.T.);
#4274=FACE_BOUND('',#3914,.T.);
#4275=FACE_BOUND('',#3915,.T.);
#4276=FACE_BOUND('',#3916,.T.);
#4277=FACE_BOUND('',#3917,.T.);
#4278=FACE_BOUND('',#3918,.T.);
#4279=FACE_BOUND('',#3919,.T.);
#4280=FACE_BOUND('',#3920,.T.);
#4281=FACE_BOUND('',#3921,.T.);
#4282=FACE_BOUND('',#3922,.T.);
#4283=FACE_BOUND('',#3923,.T.);
#4284=FACE_BOUND('',#3924,.T.);
#4285=FACE_BOUND('',#3925,.T.);
#4286=FACE_BOUND('',#3926,.T.);
#4287=FACE_BOUND('',#3927,.T.);
#4288=FACE_BOUND('',#3928,.T.);
#4289=FACE_BOUND('',#3929,.T.);
#4290=FACE_BOUND('',#3930,.T.);
#4291=FACE_BOUND('',#3931,.T.);
#4292=FACE_BOUND('',#3932,.T.);
#4293=FACE_BOUND('',#3933,.T.);
#4294=FACE_BOUND('',#3934,.T.);
#4295=FACE_BOUND('',#3935,.T.);
#4296=FACE_BOUND('',#3936,.T.);
#4297=FACE_BOUND('',#3937,.T.);
#4298=FACE_BOUND('',#3938,.T.);
#4299=FACE_BOUND('',#3939,.T.);
#4300=FACE_BOUND('',#3940,.T.);
#4301=FACE_BOUND('',#3941,.T.);
#4302=FACE_BOUND('',#3942,.T.);
#4303=FACE_BOUND('',#3943,.T.);
#4304=FACE_BOUND('',#3944,.T.);
#4305=FACE_BOUND('',#3945,.T.);
#4306=FACE_BOUND('',#3946,.T.);
#4307=FACE_BOUND('',#3947,.T.);
#4308=FACE_BOUND('',#3948,.T.);
#4309=FACE_BOUND('',#3949,.T.);
#4310=FACE_BOUND('',#3950,.T.);
#4311=FACE_BOUND('',#3951,.T.);
#4312=FACE_BOUND('',#3952,.T.);
#4313=FACE_BOUND('',#3953,.T.);
#4314=FACE_BOUND('',#3954,.T.);
#4315=FACE_BOUND('',#3955,.T.);
#4316=FACE_BOUND('',#3956,.T.);
#4317=FACE_BOUND('',#3957,.T.);
#4318=FACE_BOUND('',#3958,.T.);
#4319=FACE_BOUND('',#3959,.T.);
#4320=FACE_BOUND('',#3960,.T.);
#4321=FACE_BOUND('',#3961,.T.);
#4322=FACE_BOUND('',#3962,.T.);
#4323=FACE_BOUND('',#3963,.T.);
#4324=FACE_BOUND('',#3964,.T.);
#4325=FACE_BOUND('',#3965,.T.);
#4326=FACE_BOUND('',#3966,.T.);
#4327=FACE_BOUND('',#3967,.T.);
#4328=FACE_BOUND('',#3968,.T.);
#4329=FACE_BOUND('',#3969,.T.);
#4330=FACE_BOUND('',#3970,.T.);
#4331=FACE_BOUND('',#3971,.T.);
#4332=FACE_BOUND('',#3972,.T.);
#4333=FACE_BOUND('',#3973,.T.);
#4334=FACE_BOUND('',#3974,.T.);
#4335=FACE_BOUND('',#3975,.T.);
#4336=FACE_BOUND('',#3976,.T.);
#4337=FACE_BOUND('',#3977,.T.);
#4338=FACE_BOUND('',#3978,.T.);
#4339=FACE_BOUND('',#3979,.T.);
#4340=FACE_BOUND('',#3980,.T.);
#4341=FACE_BOUND('',#3981,.T.);
#4342=FACE_BOUND('',#3982,.T.);
#4343=FACE_BOUND('',#3983,.T.);
#4344=FACE_BOUND('',#3984,.T.);
#4345=FACE_BOUND('',#3985,.T.);
#4346=FACE_BOUND('',#3986,.T.);
#4347=FACE_BOUND('',#3987,.T.);
#4348=FACE_BOUND('',#3988,.T.);
#4349=FACE_BOUND('',#3989,.T.);
#4350=FACE_BOUND('',#3990,.T.);
#4351=FACE_BOUND('',#3991,.T.);
#4352=FACE_BOUND('',#3992,.T.);
#4353=FACE_BOUND('',#3993,.T.);
#4354=FACE_BOUND('',#3994,.T.);
#4355=FACE_BOUND('',#3995,.T.);
#4356=FACE_BOUND('',#3996,.T.);
#4357=FACE_BOUND('',#3997,.T.);
#4358=FACE_BOUND('',#3998,.T.);
#4359=FACE_BOUND('',#3999,.T.);
#4360=FACE_BOUND('',#4000,.T.);
#4361=FACE_BOUND('',#4001,.T.);
#4362=FACE_BOUND('',#4002,.T.);
#4363=FACE_BOUND('',#4003,.T.);
#4364=FACE_BOUND('',#4004,.T.);
#4365=FACE_BOUND('',#4005,.T.);
#4366=FACE_BOUND('',#4006,.T.);
#4367=FACE_BOUND('',#4007,.T.);
#4368=FACE_BOUND('',#4008,.T.);
#4369=FACE_BOUND('',#4009,.T.);
#4370=FACE_BOUND('',#4010,.T.);
#4371=FACE_BOUND('',#4011,.T.);
#4372=FACE_BOUND('',#4012,.T.);
#4373=FACE_BOUND('',#4013,.T.);
#4374=FACE_BOUND('',#4014,.T.);
#4375=FACE_BOUND('',#4015,.T.);
#4376=FACE_BOUND('',#4016,.T.);
#4377=FACE_BOUND('',#4017,.T.);
#4378=FACE_BOUND('',#4018,.T.);
#4379=FACE_BOUND('',#4019,.T.);
#4380=FACE_BOUND('',#4020,.T.);
#4381=FACE_BOUND('',#4021,.T.);
#4382=FACE_BOUND('',#4022,.T.);
#4383=FACE_BOUND('',#4023,.T.);
#4384=FACE_BOUND('',#4024,.T.);
#4385=FACE_BOUND('',#4025,.T.);
#4386=FACE_BOUND('',#4026,.T.);
#4387=FACE_BOUND('',#4027,.T.);
#4388=FACE_BOUND('',#4028,.T.);
#4389=FACE_BOUND('',#4029,.T.);
#4390=FACE_BOUND('',#4030,.T.);
#4391=FACE_BOUND('',#4031,.T.);
#4392=FACE_BOUND('',#4032,.T.);
#4393=FACE_BOUND('',#4033,.T.);
#4394=FACE_BOUND('',#4034,.T.);
#4395=FACE_BOUND('',#4035,.T.);
#4396=FACE_BOUND('',#4036,.T.);
#4397=FACE_BOUND('',#4037,.T.);
#4398=FACE_BOUND('',#4038,.T.);
#4399=FACE_BOUND('',#4039,.T.);
#4400=FACE_BOUND('',#4040,.T.);
#4401=FACE_BOUND('',#4041,.T.);
#4402=FACE_BOUND('',#4042,.T.);
#4403=FACE_BOUND('',#4043,.T.);
#4404=FACE_BOUND('',#4044,.T.);
#4405=FACE_BOUND('',#4045,.T.);
#4406=FACE_BOUND('',#4046,.T.);
#4407=FACE_BOUND('',#4047,.T.);
#4408=FACE_BOUND('',#4048,.T.);
#4409=FACE_BOUND('',#4049,.T.);
#4410=FACE_BOUND('',#4050,.T.);
#4411=FACE_BOUND('',#4051,.T.);
#4412=FACE_BOUND('',#4052,.T.);
#4413=FACE_BOUND('',#4053,.T.);
#4414=FACE_BOUND('',#4054,.T.);
#4415=FACE_BOUND('',#4055,.T.);
#4416=FACE_BOUND('',#4056,.T.);
#4417=FACE_BOUND('',#4057,.T.);
#4418=FACE_BOUND('',#4058,.T.);
#4419=FACE_BOUND('',#4059,.T.);
#4420=FACE_BOUND('',#4060,.T.);
#4421=FACE_BOUND('',#4061,.T.);
#4422=FACE_BOUND('',#4062,.T.);
#4423=FACE_BOUND('',#4063,.T.);
#4424=FACE_BOUND('',#4064,.T.);
#4425=FACE_BOUND('',#4065,.T.);
#4426=FACE_BOUND('',#4066,.T.);
#4427=FACE_BOUND('',#4067,.T.);
#4428=FACE_BOUND('',#4068,.T.);
#4429=FACE_BOUND('',#4069,.T.);
#4430=FACE_BOUND('',#4070,.T.);
#4431=FACE_BOUND('',#4071,.T.);
#4432=FACE_BOUND('',#4072,.T.);
#4433=FACE_BOUND('',#4073,.T.);
#4434=FACE_BOUND('',#4074,.T.);
#4435=FACE_BOUND('',#4075,.T.);
#4436=FACE_BOUND('',#4076,.T.);
#4437=FACE_BOUND('',#4077,.T.);
#4438=FACE_BOUND('',#4078,.T.);
#4439=FACE_BOUND('',#4079,.T.);
#4440=FACE_BOUND('',#4080,.T.);
#4441=FACE_BOUND('',#4081,.T.);
#4442=FACE_BOUND('',#4082,.T.);
#4443=FACE_BOUND('',#4083,.T.);
#4444=FACE_BOUND('',#4084,.T.);
#4445=FACE_BOUND('',#4085,.T.);
#4446=FACE_BOUND('',#4086,.T.);
#4447=FACE_BOUND('',#4087,.T.);
#4448=FACE_BOUND('',#4088,.T.);
#4449=FACE_BOUND('',#4089,.T.);
#4450=FACE_BOUND('',#4090,.T.);
#4451=FACE_BOUND('',#4091,.T.);
#4452=FACE_BOUND('',#4092,.T.);
#4453=FACE_BOUND('',#4093,.T.);
#4454=FACE_BOUND('',#4094,.T.);
#4455=FACE_BOUND('',#4095,.T.);
#4456=FACE_BOUND('',#4096,.T.);
#4457=FACE_BOUND('',#4097,.T.);
#4458=FACE_BOUND('',#4098,.T.);
#4459=FACE_BOUND('',#4099,.T.);
#4460=FACE_BOUND('',#4100,.T.);
#4461=FACE_BOUND('',#4101,.T.);
#4462=FACE_BOUND('',#4102,.T.);
#4463=FACE_BOUND('',#4103,.T.);
#4464=FACE_BOUND('',#4104,.T.);
#4465=FACE_BOUND('',#4105,.T.);
#4466=FACE_BOUND('',#4106,.T.);
#4467=FACE_BOUND('',#4107,.T.);
#4468=FACE_BOUND('',#4108,.T.);
#4469=FACE_BOUND('',#4109,.T.);
#4470=FACE_BOUND('',#4110,.T.);
#4471=FACE_BOUND('',#4111,.T.);
#4472=FACE_BOUND('',#4112,.T.);
#4473=FACE_BOUND('',#4113,.T.);
#4474=FACE_BOUND('',#4114,.T.);
#4475=FACE_BOUND('',#4115,.T.);
#4476=FACE_BOUND('',#4116,.T.);
#4477=FACE_BOUND('',#4117,.T.);
#4478=FACE_BOUND('',#4118,.T.);
#4479=FACE_BOUND('',#4119,.T.);
#4480=FACE_BOUND('',#4120,.T.);
#4481=FACE_BOUND('',#4121,.T.);
#4482=FACE_BOUND('',#4122,.T.);
#4483=FACE_BOUND('',#4123,.T.);
#4484=FACE_BOUND('',#4124,.T.);
#4485=FACE_BOUND('',#4125,.T.);
#4486=FACE_BOUND('',#4126,.T.);
#4487=FACE_BOUND('',#4127,.T.);
#4488=FACE_BOUND('',#4128,.T.);
#4489=FACE_BOUND('',#4129,.T.);
#4490=FACE_BOUND('',#4130,.T.);
#4491=FACE_BOUND('',#4131,.T.);
#4492=FACE_BOUND('',#4132,.T.);
#4493=FACE_BOUND('',#4133,.T.);
#4494=FACE_BOUND('',#4134,.T.);
#4495=FACE_BOUND('',#4135,.T.);
#4496=FACE_BOUND('',#4136,.T.);
#4497=FACE_BOUND('',#4137,.T.);
#4498=FACE_BOUND('',#4138,.T.);
#4499=FACE_BOUND('',#4139,.T.);
#4500=FACE_BOUND('',#4140,.T.);
#4501=FACE_BOUND('',#4141,.T.);
#4502=FACE_BOUND('',#4142,.T.);
#4503=FACE_BOUND('',#4143,.T.);
#4504=FACE_BOUND('',#4144,.T.);
#4505=FACE_BOUND('',#4145,.T.);
#4506=FACE_BOUND('',#4146,.T.);
#4507=FACE_BOUND('',#4147,.T.);
#4508=FACE_BOUND('',#4148,.T.);
#4509=FACE_BOUND('',#4149,.T.);
#4510=FACE_BOUND('',#4150,.T.);
#4511=FACE_BOUND('',#4151,.T.);
#4512=FACE_BOUND('',#4152,.T.);
#4513=FACE_BOUND('',#4153,.T.);
#4514=FACE_BOUND('',#4154,.T.);
#4515=FACE_BOUND('',#4155,.T.);
#4516=FACE_BOUND('',#4156,.T.);
#4517=FACE_BOUND('',#4157,.T.);
#4518=FACE_BOUND('',#4158,.T.);
#4519=FACE_BOUND('',#4159,.T.);
#4520=FACE_BOUND('',#4160,.T.);
#4521=FACE_BOUND('',#4161,.T.);
#4522=FACE_BOUND('',#4162,.T.);
#4523=FACE_BOUND('',#4163,.T.);
#4524=FACE_BOUND('',#4164,.T.);
#4525=FACE_BOUND('',#4165,.T.);
#4526=FACE_BOUND('',#4166,.T.);
#4527=FACE_BOUND('',#4167,.T.);
#4528=FACE_BOUND('',#4168,.T.);
#4529=FACE_BOUND('',#4169,.T.);
#4530=FACE_BOUND('',#4170,.T.);
#4531=FACE_BOUND('',#4171,.T.);
#4532=FACE_BOUND('',#4172,.T.);
#4533=FACE_BOUND('',#4173,.T.);
#4534=FACE_BOUND('',#4174,.T.);
#4535=FACE_BOUND('',#4175,.T.);
#4536=FACE_BOUND('',#4176,.T.);
#4537=FACE_BOUND('',#4177,.T.);
#4538=FACE_BOUND('',#4178,.T.);
#4539=FACE_BOUND('',#4179,.T.);
#4540=FACE_BOUND('',#4180,.T.);
#4541=FACE_BOUND('',#4181,.T.);
#4542=FACE_BOUND('',#4182,.T.);
#4543=FACE_BOUND('',#4183,.T.);
#4544=FACE_BOUND('',#4184,.T.);
#4545=FACE_BOUND('',#4185,.T.);
#4546=FACE_BOUND('',#4186,.T.);
#4547=FACE_BOUND('',#4187,.T.);
#4548=FACE_BOUND('',#4188,.T.);
#4549=FACE_BOUND('',#4189,.T.);
#4550=FACE_BOUND('',#4190,.T.);
#4551=FACE_BOUND('',#4191,.T.);
#4552=FACE_BOUND('',#4192,.T.);
#4553=PLANE('',#5067);
#4554=PLANE('',#5071);
#4555=PLANE('',#5072);
#4556=PLANE('',#5073);
#4557=PLANE('',#5080);
#4558=PLANE('',#5081);
#4559=PLANE('',#5082);
#4560=PLANE('',#5083);
#4561=PLANE('',#5084);
#4562=PLANE('',#5085);
#4563=PLANE('',#5086);
#4564=PLANE('',#5096);
#4565=PLANE('',#5097);
#4566=PLANE('',#5101);
#4567=PLANE('',#5102);
#4568=PLANE('',#5103);
#4569=PLANE('',#5119);
#4570=PLANE('',#5120);
#4571=PLANE('',#5122);
#4572=PLANE('',#5124);
#4573=PLANE('',#5125);
#4574=PLANE('',#5126);
#4575=PLANE('',#5130);
#4576=PLANE('',#5131);
#4577=PLANE('',#5132);
#4578=PLANE('',#5143);
#4579=PLANE('',#5144);
#4580=PLANE('',#5148);
#4581=PLANE('',#5149);
#4582=PLANE('',#5150);
#4583=PLANE('',#5151);
#4584=PLANE('',#5152);
#4585=PLANE('',#5153);
#4586=PLANE('',#5154);
#4587=PLANE('',#5155);
#4588=PLANE('',#5156);
#4589=PLANE('',#5157);
#4590=PLANE('',#5160);
#4591=PLANE('',#5161);
#4592=PLANE('',#5162);
#4593=PLANE('',#5163);
#4594=PLANE('',#5164);
#4595=PLANE('',#5165);
#4596=PLANE('',#5166);
#4597=PLANE('',#5167);
#4598=PLANE('',#5168);
#4599=PLANE('',#5169);
#4600=PLANE('',#5170);
#4601=PLANE('',#5171);
#4602=PLANE('',#5180);
#4603=PLANE('',#5182);
#4604=PLANE('',#5242);
#4605=PLANE('',#5246);
#4606=PLANE('',#5250);
#4607=PLANE('',#5254);
#4608=PLANE('',#5258);
#4609=PLANE('',#5262);
#4610=PLANE('',#5266);
#4611=PLANE('',#5270);
#4612=PLANE('',#5275);
#4613=PLANE('',#5276);
#4614=PLANE('',#5277);
#4615=PLANE('',#5278);
#4616=PLANE('',#5279);
#4617=PLANE('',#5282);
#4618=PLANE('',#5283);
#4619=PLANE('',#5286);
#4620=PLANE('',#5287);
#4621=PLANE('',#5290);
#4622=PLANE('',#5291);
#4623=PLANE('',#5294);
#4624=PLANE('',#5295);
#4625=PLANE('',#5296);
#4626=PLANE('',#5297);
#4627=PLANE('',#5298);
#4628=PLANE('',#5299);
#4629=PLANE('',#5300);
#4630=PLANE('',#5301);
#4631=PLANE('',#5302);
#4632=PLANE('',#5303);
#4633=PLANE('',#5304);
#4634=PLANE('',#5305);
#4635=PLANE('',#5306);
#4636=PLANE('',#5307);
#4637=PLANE('',#5308);
#4638=PLANE('',#5309);
#4639=PLANE('',#5310);
#4640=PLANE('',#5311);
#4641=PLANE('',#5312);
#4642=PLANE('',#5313);
#4643=PLANE('',#5314);
#4644=PLANE('',#5315);
#4645=PLANE('',#5316);
#4646=PLANE('',#5317);
#4647=PLANE('',#5318);
#4648=PLANE('',#5319);
#4649=PLANE('',#5320);
#4650=PLANE('',#5321);
#4651=PLANE('',#5322);
#4652=PLANE('',#5323);
#4653=PLANE('',#5327);
#4654=PLANE('',#5328);
#4655=PLANE('',#5330);
#4656=PLANE('',#5336);
#4657=PLANE('',#5337);
#4658=PLANE('',#5338);
#4659=PLANE('',#5342);
#4660=PLANE('',#5346);
#4661=PLANE('',#5354);
#4662=PLANE('',#5360);
#4663=PLANE('',#5363);
#4664=PLANE('',#5367);
#4665=PLANE('',#5373);
#4666=PLANE('',#5374);
#4667=PLANE('',#5377);
#4668=PLANE('',#5382);
#4669=PLANE('',#5383);
#4670=PLANE('',#5384);
#4671=PLANE('',#5385);
#4672=PLANE('',#5386);
#4673=PLANE('',#5387);
#4674=PLANE('',#5388);
#4675=PLANE('',#5389);
#4676=PLANE('',#5390);
#4677=PLANE('',#5392);
#4678=PLANE('',#5393);
#4679=PLANE('',#5398);
#4680=PLANE('',#5399);
#4681=PLANE('',#5401);
#4682=PLANE('',#5402);
#4683=PLANE('',#5403);
#4684=PLANE('',#5404);
#4685=PLANE('',#5406);
#4686=PLANE('',#5408);
#4687=PLANE('',#5409);
#4688=PLANE('',#5412);
#4689=PLANE('',#5413);
#4690=PLANE('',#5414);
#4691=PLANE('',#5417);
#4692=PLANE('',#5418);
#4693=PLANE('',#5419);
#4694=PLANE('',#5420);
#4695=PLANE('',#5421);
#4696=PLANE('',#5422);
#4697=PLANE('',#5424);
#4698=PLANE('',#5427);
#4699=PLANE('',#5429);
#4700=PLANE('',#5430);
#4701=PLANE('',#5433);
#4702=PLANE('',#5434);
#4703=PLANE('',#5435);
#4704=PLANE('',#5436);
#4705=PLANE('',#5438);
#4706=PLANE('',#5439);
#4707=PLANE('',#5441);
#4708=PLANE('',#5447);
#4709=PLANE('',#5448);
#4710=PLANE('',#5449);
#4711=PLANE('',#5453);
#4712=PLANE('',#5457);
#4713=PLANE('',#5465);
#4714=PLANE('',#5471);
#4715=PLANE('',#5477);
#4716=PLANE('',#5481);
#4717=PLANE('',#5484);
#4718=PLANE('',#5485);
#4719=PLANE('',#5488);
#4720=PLANE('',#5493);
#4721=PLANE('',#5494);
#4722=PLANE('',#5495);
#4723=PLANE('',#5496);
#4724=PLANE('',#5497);
#4725=PLANE('',#5498);
#4726=PLANE('',#5499);
#4727=PLANE('',#5500);
#4728=PLANE('',#5501);
#4729=PLANE('',#5503);
#4730=PLANE('',#5504);
#4731=PLANE('',#5509);
#4732=PLANE('',#5510);
#4733=ADVANCED_FACE('',(#4193),#4553,.T.);
#4734=ADVANCED_FACE('',(#4194),#4554,.F.);
#4735=ADVANCED_FACE('',(#4195),#4555,.T.);
#4736=ADVANCED_FACE('',(#4196,#4197,#4198),#4556,.T.);
#4737=ADVANCED_FACE('',(#4199),#4557,.F.);
#4738=ADVANCED_FACE('',(#4200),#4558,.F.);
#4739=ADVANCED_FACE('',(#4201),#4559,.F.);
#4740=ADVANCED_FACE('',(#4202),#4560,.F.);
#4741=ADVANCED_FACE('',(#4203),#4561,.F.);
#4742=ADVANCED_FACE('',(#4204),#4562,.F.);
#4743=ADVANCED_FACE('',(#4205),#4563,.F.);
#4744=ADVANCED_FACE('',(#4206),#124,.F.);
#4745=ADVANCED_FACE('',(#4207),#125,.F.);
#4746=ADVANCED_FACE('',(#4208),#126,.F.);
#4747=ADVANCED_FACE('',(#4209),#4564,.T.);
#4748=ADVANCED_FACE('',(#4210),#4565,.F.);
#4749=ADVANCED_FACE('',(#4211),#127,.F.);
#4750=ADVANCED_FACE('',(#4212),#4566,.T.);
#4751=ADVANCED_FACE('',(#4213),#4567,.T.);
#4752=ADVANCED_FACE('',(#4214,#4215,#4216,#4217,#4218,#4219,#4220),#4568,
 .F.);
#4753=ADVANCED_FACE('',(#4221),#4569,.T.);
#4754=ADVANCED_FACE('',(#4222),#4570,.T.);
#4755=ADVANCED_FACE('',(#4223),#4571,.T.);
#4756=ADVANCED_FACE('',(#4224),#4572,.F.);
#4757=ADVANCED_FACE('',(#4225),#4573,.F.);
#4758=ADVANCED_FACE('',(#4226),#4574,.T.);
#4759=ADVANCED_FACE('',(#4227),#128,.T.);
#4760=ADVANCED_FACE('',(#4228),#4575,.T.);
#4761=ADVANCED_FACE('',(#4229),#4576,.F.);
#4762=ADVANCED_FACE('',(#4230),#4577,.T.);
#4763=ADVANCED_FACE('',(#4231),#129,.F.);
#4764=ADVANCED_FACE('',(#4232),#130,.F.);
#4765=ADVANCED_FACE('',(#4233),#4578,.T.);
#4766=ADVANCED_FACE('',(#4234),#4579,.T.);
#4767=ADVANCED_FACE('',(#4235),#4580,.T.);
#4768=ADVANCED_FACE('',(#4236),#4581,.T.);
#4769=ADVANCED_FACE('',(#4237),#4582,.F.);
#4770=ADVANCED_FACE('',(#4238),#4583,.F.);
#4771=ADVANCED_FACE('',(#4239),#4584,.T.);
#4772=ADVANCED_FACE('',(#4240),#4585,.T.);
#4773=ADVANCED_FACE('',(#4241),#4586,.T.);
#4774=ADVANCED_FACE('',(#4242),#4587,.T.);
#4775=ADVANCED_FACE('',(#4243),#4588,.F.);
#4776=ADVANCED_FACE('',(#4244),#4589,.T.);
#4777=ADVANCED_FACE('',(#4245),#131,.T.);
#4778=ADVANCED_FACE('',(#4246),#132,.T.);
#4779=ADVANCED_FACE('',(#4247),#4590,.T.);
#4780=ADVANCED_FACE('',(#4248),#4591,.F.);
#4781=ADVANCED_FACE('',(#4249),#4592,.F.);
#4782=ADVANCED_FACE('',(#4250),#4593,.F.);
#4783=ADVANCED_FACE('',(#4251),#4594,.F.);
#4784=ADVANCED_FACE('',(#4252),#4595,.F.);
#4785=ADVANCED_FACE('',(#4253),#4596,.T.);
#4786=ADVANCED_FACE('',(#4254),#4597,.T.);
#4787=ADVANCED_FACE('',(#4255),#4598,.T.);
#4788=ADVANCED_FACE('',(#4256),#4599,.F.);
#4789=ADVANCED_FACE('',(#4257),#4600,.F.);
#4790=ADVANCED_FACE('',(#4258),#4601,.F.);
#4791=ADVANCED_FACE('',(#4259),#48,.T.);
#4792=ADVANCED_FACE('',(#4260),#133,.F.);
#4793=ADVANCED_FACE('',(#4261),#134,.F.);
#4794=ADVANCED_FACE('',(#4262),#47,.F.);
#4795=ADVANCED_FACE('',(#4263),#135,.T.);
#4796=ADVANCED_FACE('',(#4264),#136,.T.);
#4797=ADVANCED_FACE('',(#4265),#4602,.F.);
#4798=ADVANCED_FACE('',(#4266),#4603,.T.);
#4799=ADVANCED_FACE('',(#4267),#137,.F.);
#4800=ADVANCED_FACE('',(#4268),#44,.F.);
#4801=ADVANCED_FACE('',(#4269),#138,.F.);
#4802=ADVANCED_FACE('',(#4270),#139,.F.);
#4803=ADVANCED_FACE('',(#4271),#140,.T.);
#4804=ADVANCED_FACE('',(#4272),#141,.F.);
#4805=ADVANCED_FACE('',(#4273),#45,.F.);
#4806=ADVANCED_FACE('',(#4274),#142,.T.);
#4807=ADVANCED_FACE('',(#4275),#39,.F.);
#4808=ADVANCED_FACE('',(#4276),#143,.F.);
#4809=ADVANCED_FACE('',(#4277),#144,.T.);
#4810=ADVANCED_FACE('',(#4278),#145,.F.);
#4811=ADVANCED_FACE('',(#4279),#40,.F.);
#4812=ADVANCED_FACE('',(#4280),#41,.F.);
#4813=ADVANCED_FACE('',(#4281),#146,.F.);
#4814=ADVANCED_FACE('',(#4282),#147,.F.);
#4815=ADVANCED_FACE('',(#4283),#148,.F.);
#4816=ADVANCED_FACE('',(#4284),#149,.F.);
#4817=ADVANCED_FACE('',(#4285),#46,.F.);
#4818=ADVANCED_FACE('',(#4286),#150,.F.);
#4819=ADVANCED_FACE('',(#4287),#151,.F.);
#4820=ADVANCED_FACE('',(#4288),#152,.F.);
#4821=ADVANCED_FACE('',(#4289),#42,.F.);
#4822=ADVANCED_FACE('',(#4290),#153,.F.);
#4823=ADVANCED_FACE('',(#4291),#43,.F.);
#4824=ADVANCED_FACE('',(#4292),#154,.F.);
#4825=ADVANCED_FACE('',(#4293),#155,.F.);
#4826=ADVANCED_FACE('',(#4294),#156,.F.);
#4827=ADVANCED_FACE('',(#4295),#4604,.F.);
#4828=ADVANCED_FACE('',(#4296),#157,.F.);
#4829=ADVANCED_FACE('',(#4297),#4605,.F.);
#4830=ADVANCED_FACE('',(#4298),#158,.F.);
#4831=ADVANCED_FACE('',(#4299),#4606,.F.);
#4832=ADVANCED_FACE('',(#4300),#159,.F.);
#4833=ADVANCED_FACE('',(#4301),#4607,.F.);
#4834=ADVANCED_FACE('',(#4302),#160,.F.);
#4835=ADVANCED_FACE('',(#4303),#4608,.F.);
#4836=ADVANCED_FACE('',(#4304),#161,.F.);
#4837=ADVANCED_FACE('',(#4305),#4609,.F.);
#4838=ADVANCED_FACE('',(#4306),#162,.F.);
#4839=ADVANCED_FACE('',(#4307),#4610,.F.);
#4840=ADVANCED_FACE('',(#4308),#163,.F.);
#4841=ADVANCED_FACE('',(#4309),#4611,.F.);
#4842=ADVANCED_FACE('',(#4310,#4311),#164,.F.);
#4843=ADVANCED_FACE('',(#4312,#4313),#165,.F.);
#4844=ADVANCED_FACE('',(#4314),#4612,.T.);
#4845=ADVANCED_FACE('',(#4315),#4613,.T.);
#4846=ADVANCED_FACE('',(#4316),#4614,.F.);
#4847=ADVANCED_FACE('',(#4317),#4615,.F.);
#4848=ADVANCED_FACE('',(#4318),#4616,.F.);
#4849=ADVANCED_FACE('',(#4319),#49,.F.);
#4850=ADVANCED_FACE('',(#4320),#50,.F.);
#4851=ADVANCED_FACE('',(#4321),#4617,.F.);
#4852=ADVANCED_FACE('',(#4322),#4618,.F.);
#4853=ADVANCED_FACE('',(#4323),#51,.F.);
#4854=ADVANCED_FACE('',(#4324),#52,.F.);
#4855=ADVANCED_FACE('',(#4325),#4619,.F.);
#4856=ADVANCED_FACE('',(#4326),#4620,.F.);
#4857=ADVANCED_FACE('',(#4327),#53,.F.);
#4858=ADVANCED_FACE('',(#4328),#54,.F.);
#4859=ADVANCED_FACE('',(#4329),#4621,.F.);
#4860=ADVANCED_FACE('',(#4330),#4622,.T.);
#4861=ADVANCED_FACE('',(#4331),#55,.F.);
#4862=ADVANCED_FACE('',(#4332),#56,.F.);
#4863=ADVANCED_FACE('',(#4333),#4623,.F.);
#4864=ADVANCED_FACE('',(#4334),#4624,.T.);
#4865=ADVANCED_FACE('',(#4335),#4625,.F.);
#4866=ADVANCED_FACE('',(#4336),#4626,.T.);
#4867=ADVANCED_FACE('',(#4337),#4627,.T.);
#4868=ADVANCED_FACE('',(#4338),#4628,.F.);
#4869=ADVANCED_FACE('',(#4339),#4629,.F.);
#4870=ADVANCED_FACE('',(#4340),#4630,.T.);
#4871=ADVANCED_FACE('',(#4341),#4631,.F.);
#4872=ADVANCED_FACE('',(#4342),#4632,.F.);
#4873=ADVANCED_FACE('',(#4343),#4633,.F.);
#4874=ADVANCED_FACE('',(#4344),#4634,.T.);
#4875=ADVANCED_FACE('',(#4345),#4635,.F.);
#4876=ADVANCED_FACE('',(#4346),#4636,.F.);
#4877=ADVANCED_FACE('',(#4347),#4637,.F.);
#4878=ADVANCED_FACE('',(#4348),#4638,.F.);
#4879=ADVANCED_FACE('',(#4349),#4639,.F.);
#4880=ADVANCED_FACE('',(#4350),#4640,.F.);
#4881=ADVANCED_FACE('',(#4351),#4641,.F.);
#4882=ADVANCED_FACE('',(#4352),#4642,.T.);
#4883=ADVANCED_FACE('',(#4353),#4643,.F.);
#4884=ADVANCED_FACE('',(#4354),#4644,.T.);
#4885=ADVANCED_FACE('',(#4355),#4645,.T.);
#4886=ADVANCED_FACE('',(#4356),#4646,.T.);
#4887=ADVANCED_FACE('',(#4357),#4647,.T.);
#4888=ADVANCED_FACE('',(#4358),#4648,.T.);
#4889=ADVANCED_FACE('',(#4359),#4649,.F.);
#4890=ADVANCED_FACE('',(#4360),#4650,.T.);
#4891=ADVANCED_FACE('',(#4361),#4651,.F.);
#4892=ADVANCED_FACE('',(#4362),#4652,.T.);
#4893=ADVANCED_FACE('',(#4363,#4364),#57,.F.);
#4894=ADVANCED_FACE('',(#4365,#4366),#58,.F.);
#4895=ADVANCED_FACE('',(#4367),#4653,.F.);
#4896=ADVANCED_FACE('',(#4368),#4654,.F.);
#4897=ADVANCED_FACE('',(#4369,#4370,#4371,#4372,#4373),#4655,.F.);
#4898=ADVANCED_FACE('',(#4374),#4656,.F.);
#4899=ADVANCED_FACE('',(#4375),#4657,.T.);
#4900=ADVANCED_FACE('',(#4376),#4658,.T.);
#4901=ADVANCED_FACE('',(#4377,#4378),#166,.F.);
#4902=ADVANCED_FACE('',(#4379),#4659,.T.);
#4903=ADVANCED_FACE('',(#4380,#4381),#167,.F.);
#4904=ADVANCED_FACE('',(#4382,#4383,#4384,#4385),#4660,.T.);
#4905=ADVANCED_FACE('',(#4386,#4387),#168,.F.);
#4906=ADVANCED_FACE('',(#4388,#4389),#4661,.T.);
#4907=ADVANCED_FACE('',(#4390,#4391),#169,.F.);
#4908=ADVANCED_FACE('',(#4392,#4393),#170,.F.);
#4909=ADVANCED_FACE('',(#4394,#4395),#4662,.T.);
#4910=ADVANCED_FACE('',(#4396,#4397),#171,.F.);
#4911=ADVANCED_FACE('',(#4398,#4399),#4663,.T.);
#4912=ADVANCED_FACE('',(#4400,#4401),#172,.F.);
#4913=ADVANCED_FACE('',(#4402,#4403),#4664,.T.);
#4914=ADVANCED_FACE('',(#4404,#4405),#173,.F.);
#4915=ADVANCED_FACE('',(#4406,#4407),#59,.F.);
#4916=ADVANCED_FACE('',(#4408,#4409),#60,.F.);
#4917=ADVANCED_FACE('',(#4410),#4665,.F.);
#4918=ADVANCED_FACE('',(#4411),#4666,.F.);
#4919=ADVANCED_FACE('',(#4412,#4413),#174,.F.);
#4920=ADVANCED_FACE('',(#4414,#4415),#4667,.T.);
#4921=ADVANCED_FACE('',(#4416),#175,.F.);
#4922=ADVANCED_FACE('',(#4417,#4418),#61,.F.);
#4923=ADVANCED_FACE('',(#4419),#4668,.T.);
#4924=ADVANCED_FACE('',(#4420),#4669,.T.);
#4925=ADVANCED_FACE('',(#4421),#4670,.F.);
#4926=ADVANCED_FACE('',(#4422),#4671,.T.);
#4927=ADVANCED_FACE('',(#4423),#4672,.T.);
#4928=ADVANCED_FACE('',(#4424),#4673,.T.);
#4929=ADVANCED_FACE('',(#4425),#4674,.F.);
#4930=ADVANCED_FACE('',(#4426),#4675,.F.);
#4931=ADVANCED_FACE('',(#4427),#4676,.T.);
#4932=ADVANCED_FACE('',(#4428),#62,.F.);
#4933=ADVANCED_FACE('',(#4429),#4677,.T.);
#4934=ADVANCED_FACE('',(#4430),#4678,.F.);
#4935=ADVANCED_FACE('',(#4431,#4432),#63,.F.);
#4936=ADVANCED_FACE('',(#4433,#4434),#64,.F.);
#4937=ADVANCED_FACE('',(#4435,#4436),#65,.F.);
#4938=ADVANCED_FACE('',(#4437,#4438),#66,.F.);
#4939=ADVANCED_FACE('',(#4439),#4679,.F.);
#4940=ADVANCED_FACE('',(#4440),#4680,.F.);
#4941=ADVANCED_FACE('',(#4441),#4681,.T.);
#4942=ADVANCED_FACE('',(#4442),#4682,.T.);
#4943=ADVANCED_FACE('',(#4443),#4683,.T.);
#4944=ADVANCED_FACE('',(#4444),#4684,.T.);
#4945=ADVANCED_FACE('',(#4445),#4685,.T.);
#4946=ADVANCED_FACE('',(#4446),#4686,.T.);
#4947=ADVANCED_FACE('',(#4447),#4687,.T.);
#4948=ADVANCED_FACE('',(#4448),#10,.T.);
#4949=ADVANCED_FACE('',(#4449),#4688,.T.);
#4950=ADVANCED_FACE('',(#4450),#11,.T.);
#4951=ADVANCED_FACE('',(#4451),#4689,.T.);
#4952=ADVANCED_FACE('',(#4452),#4690,.T.);
#4953=ADVANCED_FACE('',(#4453),#12,.T.);
#4954=ADVANCED_FACE('',(#4454),#13,.T.);
#4955=ADVANCED_FACE('',(#4455),#176,.F.);
#4956=ADVANCED_FACE('',(#4456),#177,.F.);
#4957=ADVANCED_FACE('',(#4457),#4691,.T.);
#4958=ADVANCED_FACE('',(#4458),#4692,.T.);
#4959=ADVANCED_FACE('',(#4459),#4693,.T.);
#4960=ADVANCED_FACE('',(#4460),#4694,.F.);
#4961=ADVANCED_FACE('',(#4461),#4695,.T.);
#4962=ADVANCED_FACE('',(#4462,#4463),#4696,.F.);
#4963=ADVANCED_FACE('',(#4464,#4465,#4466),#4697,.T.);
#4964=ADVANCED_FACE('',(#4467,#4468),#4698,.F.);
#4965=ADVANCED_FACE('',(#4469),#4699,.F.);
#4966=ADVANCED_FACE('',(#4470),#4700,.T.);
#4967=ADVANCED_FACE('',(#4471,#4472),#178,.F.);
#4968=ADVANCED_FACE('',(#4473,#4474),#179,.F.);
#4969=ADVANCED_FACE('',(#4475),#4701,.F.);
#4970=ADVANCED_FACE('',(#4476),#4702,.F.);
#4971=ADVANCED_FACE('',(#4477),#4703,.T.);
#4972=ADVANCED_FACE('',(#4478),#4704,.T.);
#4973=ADVANCED_FACE('',(#4479),#4705,.F.);
#4974=ADVANCED_FACE('',(#4480),#4706,.F.);
#4975=ADVANCED_FACE('',(#4481,#4482,#4483,#4484,#4485),#4707,.F.);
#4976=ADVANCED_FACE('',(#4486),#4708,.F.);
#4977=ADVANCED_FACE('',(#4487),#4709,.T.);
#4978=ADVANCED_FACE('',(#4488),#4710,.T.);
#4979=ADVANCED_FACE('',(#4489,#4490),#180,.F.);
#4980=ADVANCED_FACE('',(#4491),#4711,.T.);
#4981=ADVANCED_FACE('',(#4492,#4493),#181,.F.);
#4982=ADVANCED_FACE('',(#4494,#4495,#4496,#4497),#4712,.T.);
#4983=ADVANCED_FACE('',(#4498,#4499),#182,.F.);
#4984=ADVANCED_FACE('',(#4500,#4501),#4713,.T.);
#4985=ADVANCED_FACE('',(#4502,#4503),#183,.F.);
#4986=ADVANCED_FACE('',(#4504,#4505),#184,.F.);
#4987=ADVANCED_FACE('',(#4506,#4507),#4714,.T.);
#4988=ADVANCED_FACE('',(#4508,#4509),#185,.F.);
#4989=ADVANCED_FACE('',(#4510,#4511),#186,.F.);
#4990=ADVANCED_FACE('',(#4512,#4513),#4715,.T.);
#4991=ADVANCED_FACE('',(#4514,#4515),#187,.F.);
#4992=ADVANCED_FACE('',(#4516,#4517),#4716,.T.);
#4993=ADVANCED_FACE('',(#4518,#4519),#67,.F.);
#4994=ADVANCED_FACE('',(#4520,#4521),#68,.F.);
#4995=ADVANCED_FACE('',(#4522),#4717,.F.);
#4996=ADVANCED_FACE('',(#4523),#4718,.F.);
#4997=ADVANCED_FACE('',(#4524,#4525),#188,.F.);
#4998=ADVANCED_FACE('',(#4526,#4527),#4719,.T.);
#4999=ADVANCED_FACE('',(#4528),#189,.F.);
#5000=ADVANCED_FACE('',(#4529,#4530),#69,.F.);
#5001=ADVANCED_FACE('',(#4531),#4720,.T.);
#5002=ADVANCED_FACE('',(#4532),#4721,.T.);
#5003=ADVANCED_FACE('',(#4533),#4722,.F.);
#5004=ADVANCED_FACE('',(#4534),#4723,.T.);
#5005=ADVANCED_FACE('',(#4535),#4724,.T.);
#5006=ADVANCED_FACE('',(#4536),#4725,.T.);
#5007=ADVANCED_FACE('',(#4537),#4726,.F.);
#5008=ADVANCED_FACE('',(#4538),#4727,.F.);
#5009=ADVANCED_FACE('',(#4539),#4728,.T.);
#5010=ADVANCED_FACE('',(#4540),#70,.F.);
#5011=ADVANCED_FACE('',(#4541),#4729,.T.);
#5012=ADVANCED_FACE('',(#4542),#4730,.F.);
#5013=ADVANCED_FACE('',(#4543,#4544),#71,.F.);
#5014=ADVANCED_FACE('',(#4545,#4546),#72,.F.);
#5015=ADVANCED_FACE('',(#4547,#4548),#73,.F.);
#5016=ADVANCED_FACE('',(#4549,#4550),#74,.F.);
#5017=ADVANCED_FACE('',(#4551),#4731,.F.);
#5018=ADVANCED_FACE('',(#4552),#4732,.F.);
#5019=CLOSED_SHELL('',(#4733,#4734,#4735,#4736,#4737,#4738,#4739,#4740,
#4741,#4742,#4743,#4744,#4745,#4746,#4747,#4748,#4749,#4750,#4751,#4752,
#4753,#4754,#4755,#4756,#4757,#4758,#4759,#4760,#4761,#4762,#4763,#4764,
#4765,#4766,#4767,#4768,#4769,#4770,#4771,#4772,#4773,#4774,#4775,#4776,
#4777,#4778,#4779,#4780,#4781,#4782,#4783,#4784,#4785,#4786,#4787,#4788,
#4789,#4790,#4791,#4792,#4793,#4794,#4795,#4796,#4797,#4798,#4799,#4800,
#4801,#4802,#4803,#4804,#4805,#4806,#4807,#4808,#4809,#4810,#4811,#4812,
#4813,#4814,#4815,#4816,#4817,#4818,#4819,#4820,#4821,#4822,#4823,#4824,
#4825,#4826,#4827,#4828,#4829,#4830,#4831,#4832,#4833,#4834,#4835,#4836,
#4837,#4838,#4839,#4840,#4841,#4842,#4843,#4844,#4845,#4846,#4847,#4848,
#4849,#4850,#4851,#4852,#4853,#4854,#4855,#4856,#4857,#4858,#4859,#4860,
#4861,#4862,#4863,#4864,#4865,#4866,#4867,#4868,#4869,#4870,#4871,#4872,
#4873,#4874,#4875,#4876,#4877,#4878,#4879,#4880,#4881,#4882,#4883,#4884,
#4885,#4886,#4887,#4888,#4889,#4890,#4891,#4892,#4893,#4894));
#5020=CLOSED_SHELL('',(#4895,#4896,#4897,#4898,#4899,#4900,#4901,#4902,
#4903,#4904,#4905,#4906,#4907,#4908,#4909,#4910,#4911,#4912,#4913,#4914,
#4915,#4916,#4917,#4918,#4919,#4920,#4921,#4922,#4923,#4924,#4925,#4926,
#4927,#4928,#4929,#4930,#4931,#4932,#4933,#4934,#4935,#4936,#4937,#4938,
#4939,#4940));
#5021=CLOSED_SHELL('',(#4941,#4942,#4943,#4944,#4945,#4946,#4947,#4948,
#4949,#4950,#4951,#4952,#4953,#4954,#4955,#4956,#4957,#4958,#4959,#4960,
#4961,#4962,#4963,#4964,#4965,#4966,#4967,#4968,#4969,#4970,#4971,#4972));
#5022=CLOSED_SHELL('',(#4973,#4974,#4975,#4976,#4977,#4978,#4979,#4980,
#4981,#4982,#4983,#4984,#4985,#4986,#4987,#4988,#4989,#4990,#4991,#4992,
#4993,#4994,#4995,#4996,#4997,#4998,#4999,#5000,#5001,#5002,#5003,#5004,
#5005,#5006,#5007,#5008,#5009,#5010,#5011,#5012,#5013,#5014,#5015,#5016,
#5017,#5018));
#5023=STYLED_ITEM('',(#5027),#5052);
#5024=STYLED_ITEM('',(#5028),#5053);
#5025=STYLED_ITEM('',(#5029),#5054);
#5026=STYLED_ITEM('',(#5030),#5055);
#5027=PRESENTATION_STYLE_ASSIGNMENT((#5031));
#5028=PRESENTATION_STYLE_ASSIGNMENT((#5032));
#5029=PRESENTATION_STYLE_ASSIGNMENT((#5033));
#5030=PRESENTATION_STYLE_ASSIGNMENT((#5034));
#5031=SURFACE_STYLE_USAGE(.BOTH.,#5035);
#5032=SURFACE_STYLE_USAGE(.BOTH.,#5036);
#5033=SURFACE_STYLE_USAGE(.BOTH.,#5037);
#5034=SURFACE_STYLE_USAGE(.BOTH.,#5038);
#5035=SURFACE_SIDE_STYLE('',(#5039));
#5036=SURFACE_SIDE_STYLE('',(#5040));
#5037=SURFACE_SIDE_STYLE('',(#5041));
#5038=SURFACE_SIDE_STYLE('',(#5042));
#5039=SURFACE_STYLE_FILL_AREA(#5043);
#5040=SURFACE_STYLE_FILL_AREA(#5044);
#5041=SURFACE_STYLE_FILL_AREA(#5045);
#5042=SURFACE_STYLE_FILL_AREA(#5046);
#5043=FILL_AREA_STYLE('',(#5047));
#5044=FILL_AREA_STYLE('',(#5048));
#5045=FILL_AREA_STYLE('',(#5049));
#5046=FILL_AREA_STYLE('',(#5050));
#5047=FILL_AREA_STYLE_COLOUR('',#5051);
#5048=FILL_AREA_STYLE_COLOUR('',#14);
#5049=FILL_AREA_STYLE_COLOUR('',#5051);
#5050=FILL_AREA_STYLE_COLOUR('',#14);
#5051=DRAUGHTING_PRE_DEFINED_COLOUR('red');
#5052=MANIFOLD_SOLID_BREP('Bucket',#5019);
#5053=MANIFOLD_SOLID_BREP('Mount mirrored',#5020);
#5054=MANIFOLD_SOLID_BREP('Brush Holder Sheet Stop',#5021);
#5055=MANIFOLD_SOLID_BREP('Mount',#5022);
#5056=SHAPE_DEFINITION_REPRESENTATION(#8537,#5061);
#5057=SHAPE_DEFINITION_REPRESENTATION(#8538,#5062);
#5058=SHAPE_DEFINITION_REPRESENTATION(#8540,#5063);
#5059=SHAPE_DEFINITION_REPRESENTATION(#8542,#5064);
#5060=SHAPE_DEFINITION_REPRESENTATION(#8544,#5065);
#5061=SHAPE_REPRESENTATION('Voron purge bucket',(#5066,#5326,#5400,#5437,
#5511),#8524);
#5062=SHAPE_REPRESENTATION('Bucket',(#5066),#8525);
#5063=SHAPE_REPRESENTATION('Mount mirrored',(#5066),#8526);
#5064=SHAPE_REPRESENTATION('Brush Holder Sheet Stop',(#5066),#8527);
#5065=SHAPE_REPRESENTATION('Mount',(#5066),#8528);
#5066=AXIS2_PLACEMENT_3D('',#6898,#5512,#5513);
#5067=AXIS2_PLACEMENT_3D('',#6899,#5514,#5515);
#5068=AXIS2_PLACEMENT_3D('',#6909,#5520,#5521);
#5069=AXIS2_PLACEMENT_3D('',#6917,#5525,#5526);
#5070=AXIS2_PLACEMENT_3D('',#6921,#5528,#5529);
#5071=AXIS2_PLACEMENT_3D('',#6928,#5533,#5534);
#5072=AXIS2_PLACEMENT_3D('',#6940,#5541,#5542);
#5073=AXIS2_PLACEMENT_3D('',#6971,#5558,#5559);
#5074=AXIS2_PLACEMENT_3D('',#6972,#5560,#5561);
#5075=AXIS2_PLACEMENT_3D('',#6974,#5562,#5563);
#5076=AXIS2_PLACEMENT_3D('',#6989,#5571,#5572);
#5077=AXIS2_PLACEMENT_3D('',#6993,#5574,#5575);
#5078=AXIS2_PLACEMENT_3D('',#6997,#5577,#5578);
#5079=AXIS2_PLACEMENT_3D('',#7001,#5580,#5581);
#5080=AXIS2_PLACEMENT_3D('',#7002,#5582,#5583);
#5081=AXIS2_PLACEMENT_3D('',#7017,#5591,#5592);
#5082=AXIS2_PLACEMENT_3D('',#7032,#5600,#5601);
#5083=AXIS2_PLACEMENT_3D('',#7047,#5609,#5610);
#5084=AXIS2_PLACEMENT_3D('',#7062,#5618,#5619);
#5085=AXIS2_PLACEMENT_3D('',#7077,#5627,#5628);
#5086=AXIS2_PLACEMENT_3D('',#7092,#5636,#5637);
#5087=AXIS2_PLACEMENT_3D('',#7107,#5645,#5646);
#5088=AXIS2_PLACEMENT_3D('',#7108,#5647,#5648);
#5089=AXIS2_PLACEMENT_3D('',#7109,#5649,#5650);
#5090=AXIS2_PLACEMENT_3D('',#7110,#5651,#5652);
#5091=AXIS2_PLACEMENT_3D('',#7111,#5653,#5654);
#5092=AXIS2_PLACEMENT_3D('',#7112,#5655,#5656);
#5093=AXIS2_PLACEMENT_3D('',#7113,#5657,#5658);
#5094=AXIS2_PLACEMENT_3D('',#7114,#5659,#5660);
#5095=AXIS2_PLACEMENT_3D('',#7115,#5661,#5662);
#5096=AXIS2_PLACEMENT_3D('',#7116,#5663,#5664);
#5097=AXIS2_PLACEMENT_3D('',#7122,#5668,#5669);
#5098=AXIS2_PLACEMENT_3D('',#7128,#5673,#5674);
#5099=AXIS2_PLACEMENT_3D('',#7129,#5675,#5676);
#5100=AXIS2_PLACEMENT_3D('',#7130,#5677,#5678);
#5101=AXIS2_PLACEMENT_3D('',#7131,#5679,#5680);
#5102=AXIS2_PLACEMENT_3D('',#7141,#5686,#5687);
#5103=AXIS2_PLACEMENT_3D('',#7147,#5691,#5692);
#5104=AXIS2_PLACEMENT_3D('',#7148,#5693,#5694);
#5105=AXIS2_PLACEMENT_3D('',#7153,#5696,#5697);
#5106=AXIS2_PLACEMENT_3D('',#7156,#5699,#5700);
#5107=AXIS2_PLACEMENT_3D('',#7161,#5702,#5703);
#5108=AXIS2_PLACEMENT_3D('',#7164,#5705,#5706);
#5109=AXIS2_PLACEMENT_3D('',#7169,#5708,#5709);
#5110=AXIS2_PLACEMENT_3D('',#7172,#5711,#5712);
#5111=AXIS2_PLACEMENT_3D('',#7177,#5714,#5715);
#5112=AXIS2_PLACEMENT_3D('',#7180,#5717,#5718);
#5113=AXIS2_PLACEMENT_3D('',#7182,#5719,#5720);
#5114=AXIS2_PLACEMENT_3D('',#7210,#5734,#5735);
#5115=AXIS2_PLACEMENT_3D('',#7211,#5736,#5737);
#5116=AXIS2_PLACEMENT_3D('',#7213,#5738,#5739);
#5117=AXIS2_PLACEMENT_3D('',#7215,#5740,#5741);
#5118=AXIS2_PLACEMENT_3D('',#7224,#5746,#5747);
#5119=AXIS2_PLACEMENT_3D('',#7227,#5749,#5750);
#5120=AXIS2_PLACEMENT_3D('',#7242,#5758,#5759);
#5121=AXIS2_PLACEMENT_3D('',#7248,#5762,#5763);
#5122=AXIS2_PLACEMENT_3D('',#7253,#5766,#5767);
#5123=AXIS2_PLACEMENT_3D('',#7254,#5768,#5769);
#5124=AXIS2_PLACEMENT_3D('',#7264,#5774,#5775);
#5125=AXIS2_PLACEMENT_3D('',#7281,#5782,#5783);
#5126=AXIS2_PLACEMENT_3D('',#7284,#5786,#5787);
#5127=AXIS2_PLACEMENT_3D('',#7290,#5791,#5792);
#5128=AXIS2_PLACEMENT_3D('',#7294,#5794,#5795);
#5129=AXIS2_PLACEMENT_3D('',#7298,#5797,#5798);
#5130=AXIS2_PLACEMENT_3D('',#7299,#5799,#5800);
#5131=AXIS2_PLACEMENT_3D('',#7307,#5805,#5806);
#5132=AXIS2_PLACEMENT_3D('',#7312,#5810,#5811);
#5133=AXIS2_PLACEMENT_3D('',#7324,#5817,#5818);
#5134=AXIS2_PLACEMENT_3D('',#7332,#5822,#5823);
#5135=AXIS2_PLACEMENT_3D('',#7336,#5825,#5826);
#5136=AXIS2_PLACEMENT_3D('',#7342,#5829,#5830);
#5137=AXIS2_PLACEMENT_3D('',#7344,#5831,#5832);
#5138=AXIS2_PLACEMENT_3D('',#7347,#5834,#5835);
#5139=AXIS2_PLACEMENT_3D('',#7348,#5836,#5837);
#5140=AXIS2_PLACEMENT_3D('',#7355,#5838,#5839);
#5141=AXIS2_PLACEMENT_3D('',#7358,#5841,#5842);
#5142=AXIS2_PLACEMENT_3D('',#7359,#5843,#5844);
#5143=AXIS2_PLACEMENT_3D('',#7364,#5847,#5848);
#5144=AXIS2_PLACEMENT_3D('',#7370,#5853,#5854);
#5145=AXIS2_PLACEMENT_3D('',#7383,#5861,#5862);
#5146=AXIS2_PLACEMENT_3D('',#7385,#5863,#5864);
#5147=AXIS2_PLACEMENT_3D('',#7395,#5866,#5867);
#5148=AXIS2_PLACEMENT_3D('',#7398,#5869,#5870);
#5149=AXIS2_PLACEMENT_3D('',#7415,#5880,#5881);
#5150=AXIS2_PLACEMENT_3D('',#7420,#5885,#5886);
#5151=AXIS2_PLACEMENT_3D('',#7428,#5891,#5892);
#5152=AXIS2_PLACEMENT_3D('',#7437,#5898,#5899);
#5153=AXIS2_PLACEMENT_3D('',#7450,#5906,#5907);
#5154=AXIS2_PLACEMENT_3D('',#7459,#5913,#5914);
#5155=AXIS2_PLACEMENT_3D('',#7461,#5916,#5917);
#5156=AXIS2_PLACEMENT_3D('',#7464,#5920,#5921);
#5157=AXIS2_PLACEMENT_3D('',#7468,#5924,#5925);
#5158=AXIS2_PLACEMENT_3D('',#7472,#5928,#5929);
#5159=AXIS2_PLACEMENT_3D('',#7473,#5930,#5931);
#5160=AXIS2_PLACEMENT_3D('',#7474,#5932,#5933);
#5161=AXIS2_PLACEMENT_3D('',#7477,#5936,#5937);
#5162=AXIS2_PLACEMENT_3D('',#7483,#5941,#5942);
#5163=AXIS2_PLACEMENT_3D('',#7489,#5946,#5947);
#5164=AXIS2_PLACEMENT_3D('',#7491,#5949,#5950);
#5165=AXIS2_PLACEMENT_3D('',#7492,#5951,#5952);
#5166=AXIS2_PLACEMENT_3D('',#7494,#5954,#5955);
#5167=AXIS2_PLACEMENT_3D('',#7495,#5956,#5957);
#5168=AXIS2_PLACEMENT_3D('',#7496,#5958,#5959);
#5169=AXIS2_PLACEMENT_3D('',#7502,#5963,#5964);
#5170=AXIS2_PLACEMENT_3D('',#7508,#5968,#5969);
#5171=AXIS2_PLACEMENT_3D('',#7514,#5973,#5974);
#5172=AXIS2_PLACEMENT_3D('',#7515,#5975,#5976);
#5173=AXIS2_PLACEMENT_3D('',#7516,#5977,#5978);
#5174=AXIS2_PLACEMENT_3D('',#7517,#5979,#5980);
#5175=AXIS2_PLACEMENT_3D('',#7528,#5982,#5983);
#5176=AXIS2_PLACEMENT_3D('',#7529,#5984,#5985);
#5177=AXIS2_PLACEMENT_3D('',#7530,#5986,#5987);
#5178=AXIS2_PLACEMENT_3D('',#7548,#5988,#5989);
#5179=AXIS2_PLACEMENT_3D('',#7549,#5990,#5991);
#5180=AXIS2_PLACEMENT_3D('',#7550,#5992,#5993);
#5181=AXIS2_PLACEMENT_3D('',#7551,#5994,#5995);
#5182=AXIS2_PLACEMENT_3D('',#7560,#5997,#5998);
#5183=AXIS2_PLACEMENT_3D('',#7564,#6000,#6001);
#5184=AXIS2_PLACEMENT_3D('',#7565,#6002,#6003);
#5185=AXIS2_PLACEMENT_3D('',#7566,#6004,#6005);
#5186=AXIS2_PLACEMENT_3D('',#7567,#6006,#6007);
#5187=AXIS2_PLACEMENT_3D('',#7568,#6008,#6009);
#5188=AXIS2_PLACEMENT_3D('',#7569,#6010,#6011);
#5189=AXIS2_PLACEMENT_3D('',#7570,#6012,#6013);
#5190=AXIS2_PLACEMENT_3D('',#7571,#6014,#6015);
#5191=AXIS2_PLACEMENT_3D('',#7572,#6016,#6017);
#5192=AXIS2_PLACEMENT_3D('',#7573,#6018,#6019);
#5193=AXIS2_PLACEMENT_3D('',#7574,#6020,#6021);
#5194=AXIS2_PLACEMENT_3D('',#7575,#6022,#6023);
#5195=AXIS2_PLACEMENT_3D('',#7576,#6024,#6025);
#5196=AXIS2_PLACEMENT_3D('',#7577,#6026,#6027);
#5197=AXIS2_PLACEMENT_3D('',#7578,#6028,#6029);
#5198=AXIS2_PLACEMENT_3D('',#7579,#6030,#6031);
#5199=AXIS2_PLACEMENT_3D('',#7580,#6032,#6033);
#5200=AXIS2_PLACEMENT_3D('',#7581,#6034,#6035);
#5201=AXIS2_PLACEMENT_3D('',#7582,#6036,#6037);
#5202=AXIS2_PLACEMENT_3D('',#7583,#6038,#6039);
#5203=AXIS2_PLACEMENT_3D('',#7584,#6040,#6041);
#5204=AXIS2_PLACEMENT_3D('',#7585,#6042,#6043);
#5205=AXIS2_PLACEMENT_3D('',#7586,#6044,#6045);
#5206=AXIS2_PLACEMENT_3D('',#7587,#6046,#6047);
#5207=AXIS2_PLACEMENT_3D('',#7588,#6048,#6049);
#5208=AXIS2_PLACEMENT_3D('',#7589,#6050,#6051);
#5209=AXIS2_PLACEMENT_3D('',#7590,#6052,#6053);
#5210=AXIS2_PLACEMENT_3D('',#7591,#6054,#6055);
#5211=AXIS2_PLACEMENT_3D('',#7592,#6056,#6057);
#5212=AXIS2_PLACEMENT_3D('',#7593,#6058,#6059);
#5213=AXIS2_PLACEMENT_3D('',#7594,#6060,#6061);
#5214=AXIS2_PLACEMENT_3D('',#7595,#6062,#6063);
#5215=AXIS2_PLACEMENT_3D('',#7596,#6064,#6065);
#5216=AXIS2_PLACEMENT_3D('',#7597,#6066,#6067);
#5217=AXIS2_PLACEMENT_3D('',#7598,#6068,#6069);
#5218=AXIS2_PLACEMENT_3D('',#7599,#6070,#6071);
#5219=AXIS2_PLACEMENT_3D('',#7600,#6072,#6073);
#5220=AXIS2_PLACEMENT_3D('',#7601,#6074,#6075);
#5221=AXIS2_PLACEMENT_3D('',#7602,#6076,#6077);
#5222=AXIS2_PLACEMENT_3D('',#7603,#6078,#6079);
#5223=AXIS2_PLACEMENT_3D('',#7604,#6080,#6081);
#5224=AXIS2_PLACEMENT_3D('',#7605,#6082,#6083);
#5225=AXIS2_PLACEMENT_3D('',#7606,#6084,#6085);
#5226=AXIS2_PLACEMENT_3D('',#7607,#6086,#6087);
#5227=AXIS2_PLACEMENT_3D('',#7608,#6088,#6089);
#5228=AXIS2_PLACEMENT_3D('',#7609,#6090,#6091);
#5229=AXIS2_PLACEMENT_3D('',#7610,#6092,#6093);
#5230=AXIS2_PLACEMENT_3D('',#7611,#6094,#6095);
#5231=AXIS2_PLACEMENT_3D('',#7612,#6096,#6097);
#5232=AXIS2_PLACEMENT_3D('',#7613,#6098,#6099);
#5233=AXIS2_PLACEMENT_3D('',#7614,#6100,#6101);
#5234=AXIS2_PLACEMENT_3D('',#7615,#6102,#6103);
#5235=AXIS2_PLACEMENT_3D('',#7620,#6104,#6105);
#5236=AXIS2_PLACEMENT_3D('',#7621,#6106,#6107);
#5237=AXIS2_PLACEMENT_3D('',#7622,#6108,#6109);
#5238=AXIS2_PLACEMENT_3D('',#7623,#6110,#6111);
#5239=AXIS2_PLACEMENT_3D('',#7624,#6112,#6113);
#5240=AXIS2_PLACEMENT_3D('',#7625,#6114,#6115);
#5241=AXIS2_PLACEMENT_3D('',#7626,#6116,#6117);
#5242=AXIS2_PLACEMENT_3D('',#7627,#6118,#6119);
#5243=AXIS2_PLACEMENT_3D('',#7628,#6120,#6121);
#5244=AXIS2_PLACEMENT_3D('',#7629,#6122,#6123);
#5245=AXIS2_PLACEMENT_3D('',#7630,#6124,#6125);
#5246=AXIS2_PLACEMENT_3D('',#7631,#6126,#6127);
#5247=AXIS2_PLACEMENT_3D('',#7632,#6128,#6129);
#5248=AXIS2_PLACEMENT_3D('',#7633,#6130,#6131);
#5249=AXIS2_PLACEMENT_3D('',#7634,#6132,#6133);
#5250=AXIS2_PLACEMENT_3D('',#7635,#6134,#6135);
#5251=AXIS2_PLACEMENT_3D('',#7636,#6136,#6137);
#5252=AXIS2_PLACEMENT_3D('',#7637,#6138,#6139);
#5253=AXIS2_PLACEMENT_3D('',#7638,#6140,#6141);
#5254=AXIS2_PLACEMENT_3D('',#7639,#6142,#6143);
#5255=AXIS2_PLACEMENT_3D('',#7640,#6144,#6145);
#5256=AXIS2_PLACEMENT_3D('',#7641,#6146,#6147);
#5257=AXIS2_PLACEMENT_3D('',#7642,#6148,#6149);
#5258=AXIS2_PLACEMENT_3D('',#7643,#6150,#6151);
#5259=AXIS2_PLACEMENT_3D('',#7645,#6153,#6154);
#5260=AXIS2_PLACEMENT_3D('',#7646,#6155,#6156);
#5261=AXIS2_PLACEMENT_3D('',#7647,#6157,#6158);
#5262=AXIS2_PLACEMENT_3D('',#7648,#6159,#6160);
#5263=AXIS2_PLACEMENT_3D('',#7650,#6162,#6163);
#5264=AXIS2_PLACEMENT_3D('',#7651,#6164,#6165);
#5265=AXIS2_PLACEMENT_3D('',#7652,#6166,#6167);
#5266=AXIS2_PLACEMENT_3D('',#7653,#6168,#6169);
#5267=AXIS2_PLACEMENT_3D('',#7655,#6171,#6172);
#5268=AXIS2_PLACEMENT_3D('',#7656,#6173,#6174);
#5269=AXIS2_PLACEMENT_3D('',#7657,#6175,#6176);
#5270=AXIS2_PLACEMENT_3D('',#7658,#6177,#6178);
#5271=AXIS2_PLACEMENT_3D('',#7660,#6180,#6181);
#5272=AXIS2_PLACEMENT_3D('',#7661,#6182,#6183);
#5273=AXIS2_PLACEMENT_3D('',#7663,#6184,#6185);
#5274=AXIS2_PLACEMENT_3D('',#7664,#6186,#6187);
#5275=AXIS2_PLACEMENT_3D('',#7666,#6188,#6189);
#5276=AXIS2_PLACEMENT_3D('',#7671,#6193,#6194);
#5277=AXIS2_PLACEMENT_3D('',#7675,#6197,#6198);
#5278=AXIS2_PLACEMENT_3D('',#7680,#6202,#6203);
#5279=AXIS2_PLACEMENT_3D('',#7684,#6206,#6207);
#5280=AXIS2_PLACEMENT_3D('',#7690,#6209,#6210);
#5281=AXIS2_PLACEMENT_3D('',#7695,#6211,#6212);
#5282=AXIS2_PLACEMENT_3D('',#7697,#6214,#6215);
#5283=AXIS2_PLACEMENT_3D('',#7698,#6216,#6217);
#5284=AXIS2_PLACEMENT_3D('',#7704,#6219,#6220);
#5285=AXIS2_PLACEMENT_3D('',#7706,#6222,#6223);
#5286=AXIS2_PLACEMENT_3D('',#7711,#6224,#6225);
#5287=AXIS2_PLACEMENT_3D('',#7712,#6226,#6227);
#5288=AXIS2_PLACEMENT_3D('',#7718,#6229,#6230);
#5289=AXIS2_PLACEMENT_3D('',#7723,#6231,#6232);
#5290=AXIS2_PLACEMENT_3D('',#7725,#6234,#6235);
#5291=AXIS2_PLACEMENT_3D('',#7726,#6236,#6237);
#5292=AXIS2_PLACEMENT_3D('',#7732,#6239,#6240);
#5293=AXIS2_PLACEMENT_3D('',#7734,#6242,#6243);
#5294=AXIS2_PLACEMENT_3D('',#7739,#6244,#6245);
#5295=AXIS2_PLACEMENT_3D('',#7740,#6246,#6247);
#5296=AXIS2_PLACEMENT_3D('',#7743,#6250,#6251);
#5297=AXIS2_PLACEMENT_3D('',#7745,#6253,#6254);
#5298=AXIS2_PLACEMENT_3D('',#7747,#6256,#6257);
#5299=AXIS2_PLACEMENT_3D('',#7749,#6259,#6260);
#5300=AXIS2_PLACEMENT_3D('',#7751,#6262,#6263);
#5301=AXIS2_PLACEMENT_3D('',#7752,#6264,#6265);
#5302=AXIS2_PLACEMENT_3D('',#7754,#6267,#6268);
#5303=AXIS2_PLACEMENT_3D('',#7755,#6269,#6270);
#5304=AXIS2_PLACEMENT_3D('',#7757,#6272,#6273);
#5305=AXIS2_PLACEMENT_3D('',#7758,#6274,#6275);
#5306=AXIS2_PLACEMENT_3D('',#7760,#6277,#6278);
#5307=AXIS2_PLACEMENT_3D('',#7761,#6279,#6280);
#5308=AXIS2_PLACEMENT_3D('',#7763,#6282,#6283);
#5309=AXIS2_PLACEMENT_3D('',#7764,#6284,#6285);
#5310=AXIS2_PLACEMENT_3D('',#7766,#6287,#6288);
#5311=AXIS2_PLACEMENT_3D('',#7768,#6290,#6291);
#5312=AXIS2_PLACEMENT_3D('',#7769,#6292,#6293);
#5313=AXIS2_PLACEMENT_3D('',#7771,#6295,#6296);
#5314=AXIS2_PLACEMENT_3D('',#7773,#6298,#6299);
#5315=AXIS2_PLACEMENT_3D('',#7774,#6300,#6301);
#5316=AXIS2_PLACEMENT_3D('',#7775,#6302,#6303);
#5317=AXIS2_PLACEMENT_3D('',#7777,#6305,#6306);
#5318=AXIS2_PLACEMENT_3D('',#7778,#6307,#6308);
#5319=AXIS2_PLACEMENT_3D('',#7780,#6310,#6311);
#5320=AXIS2_PLACEMENT_3D('',#7781,#6312,#6313);
#5321=AXIS2_PLACEMENT_3D('',#7783,#6315,#6316);
#5322=AXIS2_PLACEMENT_3D('',#7784,#6317,#6318);
#5323=AXIS2_PLACEMENT_3D('',#7786,#6320,#6321);
#5324=AXIS2_PLACEMENT_3D('',#7787,#6322,#6323);
#5325=AXIS2_PLACEMENT_3D('',#7788,#6324,#6325);
#5326=AXIS2_PLACEMENT_3D('',#7789,#6326,#6327);
#5327=AXIS2_PLACEMENT_3D('',#7790,#6328,#6329);
#5328=AXIS2_PLACEMENT_3D('',#7803,#6336,#6337);
#5329=AXIS2_PLACEMENT_3D('',#7810,#6341,#6342);
#5330=AXIS2_PLACEMENT_3D('',#7813,#6344,#6345);
#5331=AXIS2_PLACEMENT_3D('',#7831,#6354,#6355);
#5332=AXIS2_PLACEMENT_3D('',#7834,#6357,#6358);
#5333=AXIS2_PLACEMENT_3D('',#7836,#6359,#6360);
#5334=AXIS2_PLACEMENT_3D('',#7838,#6361,#6362);
#5335=AXIS2_PLACEMENT_3D('',#7840,#6363,#6364);
#5336=AXIS2_PLACEMENT_3D('',#7842,#6365,#6366);
#5337=AXIS2_PLACEMENT_3D('',#7870,#6374,#6375);
#5338=AXIS2_PLACEMENT_3D('',#7882,#6382,#6383);
#5339=AXIS2_PLACEMENT_3D('',#7891,#6388,#6389);
#5340=AXIS2_PLACEMENT_3D('',#7892,#6390,#6391);
#5341=AXIS2_PLACEMENT_3D('',#7894,#6392,#6393);
#5342=AXIS2_PLACEMENT_3D('',#7896,#6394,#6395);
#5343=AXIS2_PLACEMENT_3D('',#7906,#6401,#6402);
#5344=AXIS2_PLACEMENT_3D('',#7907,#6403,#6404);
#5345=AXIS2_PLACEMENT_3D('',#7909,#6405,#6406);
#5346=AXIS2_PLACEMENT_3D('',#7911,#6407,#6408);
#5347=AXIS2_PLACEMENT_3D('',#7914,#6410,#6411);
#5348=AXIS2_PLACEMENT_3D('',#7918,#6415,#6416);
#5349=AXIS2_PLACEMENT_3D('',#7920,#6417,#6418);
#5350=AXIS2_PLACEMENT_3D('',#7922,#6419,#6420);
#5351=AXIS2_PLACEMENT_3D('',#7924,#6421,#6422);
#5352=AXIS2_PLACEMENT_3D('',#7925,#6423,#6424);
#5353=AXIS2_PLACEMENT_3D('',#7927,#6425,#6426);
#5354=AXIS2_PLACEMENT_3D('',#7929,#6427,#6428);
#5355=AXIS2_PLACEMENT_3D('',#7930,#6429,#6430);
#5356=AXIS2_PLACEMENT_3D('',#7932,#6431,#6432);
#5357=AXIS2_PLACEMENT_3D('',#7933,#6433,#6434);
#5358=AXIS2_PLACEMENT_3D('',#7934,#6435,#6436);
#5359=AXIS2_PLACEMENT_3D('',#7936,#6437,#6438);
#5360=AXIS2_PLACEMENT_3D('',#7938,#6439,#6440);
#5361=AXIS2_PLACEMENT_3D('',#7939,#6441,#6442);
#5362=AXIS2_PLACEMENT_3D('',#7941,#6443,#6444);
#5363=AXIS2_PLACEMENT_3D('',#7942,#6445,#6446);
#5364=AXIS2_PLACEMENT_3D('',#7943,#6447,#6448);
#5365=AXIS2_PLACEMENT_3D('',#7945,#6449,#6450);
#5366=AXIS2_PLACEMENT_3D('',#7946,#6451,#6452);
#5367=AXIS2_PLACEMENT_3D('',#7948,#6453,#6454);
#5368=AXIS2_PLACEMENT_3D('',#7949,#6455,#6456);
#5369=AXIS2_PLACEMENT_3D('',#7951,#6457,#6458);
#5370=AXIS2_PLACEMENT_3D('',#7952,#6459,#6460);
#5371=AXIS2_PLACEMENT_3D('',#7954,#6461,#6462);
#5372=AXIS2_PLACEMENT_3D('',#7955,#6463,#6464);
#5373=AXIS2_PLACEMENT_3D('',#7956,#6465,#6466);
#5374=AXIS2_PLACEMENT_3D('',#7958,#6468,#6469);
#5375=AXIS2_PLACEMENT_3D('',#7960,#6471,#6472);
#5376=AXIS2_PLACEMENT_3D('',#7977,#6473,#6474);
#5377=AXIS2_PLACEMENT_3D('',#7979,#6475,#6476);
#5378=AXIS2_PLACEMENT_3D('',#7982,#6479,#6480);
#5379=AXIS2_PLACEMENT_3D('',#7983,#6481,#6482);
#5380=AXIS2_PLACEMENT_3D('',#7984,#6483,#6484);
#5381=AXIS2_PLACEMENT_3D('',#7985,#6485,#6486);
#5382=AXIS2_PLACEMENT_3D('',#7986,#6487,#6488);
#5383=AXIS2_PLACEMENT_3D('',#7988,#6490,#6491);
#5384=AXIS2_PLACEMENT_3D('',#7990,#6493,#6494);
#5385=AXIS2_PLACEMENT_3D('',#7993,#6497,#6498);
#5386=AXIS2_PLACEMENT_3D('',#7995,#6500,#6501);
#5387=AXIS2_PLACEMENT_3D('',#7997,#6503,#6504);
#5388=AXIS2_PLACEMENT_3D('',#7999,#6506,#6507);
#5389=AXIS2_PLACEMENT_3D('',#8001,#6509,#6510);
#5390=AXIS2_PLACEMENT_3D('',#8006,#6511,#6512);
#5391=AXIS2_PLACEMENT_3D('',#8008,#6514,#6515);
#5392=AXIS2_PLACEMENT_3D('',#8013,#6516,#6517);
#5393=AXIS2_PLACEMENT_3D('',#8015,#6519,#6520);
#5394=AXIS2_PLACEMENT_3D('',#8016,#6521,#6522);
#5395=AXIS2_PLACEMENT_3D('',#8017,#6523,#6524);
#5396=AXIS2_PLACEMENT_3D('',#8018,#6525,#6526);
#5397=AXIS2_PLACEMENT_3D('',#8019,#6527,#6528);
#5398=AXIS2_PLACEMENT_3D('',#8020,#6529,#6530);
#5399=AXIS2_PLACEMENT_3D('',#8022,#6532,#6533);
#5400=AXIS2_PLACEMENT_3D('',#8023,#6534,#6535);
#5401=AXIS2_PLACEMENT_3D('',#8024,#6536,#6537);
#5402=AXIS2_PLACEMENT_3D('',#8065,#6558,#6559);
#5403=AXIS2_PLACEMENT_3D('',#8086,#6570,#6571);
#5404=AXIS2_PLACEMENT_3D('',#8107,#6582,#6583);
#5405=AXIS2_PLACEMENT_3D('',#8109,#6585,#6586);
#5406=AXIS2_PLACEMENT_3D('',#8126,#6589,#6590);
#5407=AXIS2_PLACEMENT_3D('',#8144,#6594,#6595);
#5408=AXIS2_PLACEMENT_3D('',#8145,#6596,#6597);
#5409=AXIS2_PLACEMENT_3D('',#8151,#6601,#6602);
#5410=AXIS2_PLACEMENT_3D('',#8171,#6604,#6605);
#5411=AXIS2_PLACEMENT_3D('',#8172,#6606,#6607);
#5412=AXIS2_PLACEMENT_3D('',#8194,#6611,#6612);
#5413=AXIS2_PLACEMENT_3D('',#8206,#6614,#6615);
#5414=AXIS2_PLACEMENT_3D('',#8209,#6618,#6619);
#5415=AXIS2_PLACEMENT_3D('',#8232,#6622,#6623);
#5416=AXIS2_PLACEMENT_3D('',#8233,#6624,#6625);
#5417=AXIS2_PLACEMENT_3D('',#8234,#6626,#6627);
#5418=AXIS2_PLACEMENT_3D('',#8237,#6630,#6631);
#5419=AXIS2_PLACEMENT_3D('',#8240,#6634,#6635);
#5420=AXIS2_PLACEMENT_3D('',#8242,#6637,#6638);
#5421=AXIS2_PLACEMENT_3D('',#8244,#6640,#6641);
#5422=AXIS2_PLACEMENT_3D('',#8245,#6642,#6643);
#5423=AXIS2_PLACEMENT_3D('',#8246,#6644,#6645);
#5424=AXIS2_PLACEMENT_3D('',#8253,#6649,#6650);
#5425=AXIS2_PLACEMENT_3D('',#8254,#6651,#6652);
#5426=AXIS2_PLACEMENT_3D('',#8256,#6653,#6654);
#5427=AXIS2_PLACEMENT_3D('',#8268,#6661,#6662);
#5428=AXIS2_PLACEMENT_3D('',#8269,#6663,#6664);
#5429=AXIS2_PLACEMENT_3D('',#8276,#6668,#6669);
#5430=AXIS2_PLACEMENT_3D('',#8279,#6672,#6673);
#5431=AXIS2_PLACEMENT_3D('',#8282,#6676,#6677);
#5432=AXIS2_PLACEMENT_3D('',#8283,#6678,#6679);
#5433=AXIS2_PLACEMENT_3D('',#8284,#6680,#6681);
#5434=AXIS2_PLACEMENT_3D('',#8285,#6682,#6683);
#5435=AXIS2_PLACEMENT_3D('',#8286,#6684,#6685);
#5436=AXIS2_PLACEMENT_3D('',#8287,#6686,#6687);
#5437=AXIS2_PLACEMENT_3D('',#8288,#6688,#6689);
#5438=AXIS2_PLACEMENT_3D('',#8289,#6690,#6691);
#5439=AXIS2_PLACEMENT_3D('',#8302,#6698,#6699);
#5440=AXIS2_PLACEMENT_3D('',#8307,#6702,#6703);
#5441=AXIS2_PLACEMENT_3D('',#8312,#6706,#6707);
#5442=AXIS2_PLACEMENT_3D('',#8318,#6710,#6711);
#5443=AXIS2_PLACEMENT_3D('',#8333,#6719,#6720);
#5444=AXIS2_PLACEMENT_3D('',#8335,#6721,#6722);
#5445=AXIS2_PLACEMENT_3D('',#8337,#6723,#6724);
#5446=AXIS2_PLACEMENT_3D('',#8339,#6725,#6726);
#5447=AXIS2_PLACEMENT_3D('',#8341,#6727,#6728);
#5448=AXIS2_PLACEMENT_3D('',#8369,#6736,#6737);
#5449=AXIS2_PLACEMENT_3D('',#8381,#6744,#6745);
#5450=AXIS2_PLACEMENT_3D('',#8390,#6750,#6751);
#5451=AXIS2_PLACEMENT_3D('',#8391,#6752,#6753);
#5452=AXIS2_PLACEMENT_3D('',#8393,#6754,#6755);
#5453=AXIS2_PLACEMENT_3D('',#8395,#6756,#6757);
#5454=AXIS2_PLACEMENT_3D('',#8405,#6763,#6764);
#5455=AXIS2_PLACEMENT_3D('',#8406,#6765,#6766);
#5456=AXIS2_PLACEMENT_3D('',#8408,#6767,#6768);
#5457=AXIS2_PLACEMENT_3D('',#8410,#6769,#6770);
#5458=AXIS2_PLACEMENT_3D('',#8416,#6775,#6776);
#5459=AXIS2_PLACEMENT_3D('',#8417,#6777,#6778);
#5460=AXIS2_PLACEMENT_3D('',#8419,#6779,#6780);
#5461=AXIS2_PLACEMENT_3D('',#8421,#6781,#6782);
#5462=AXIS2_PLACEMENT_3D('',#8423,#6783,#6784);
#5463=AXIS2_PLACEMENT_3D('',#8424,#6785,#6786);
#5464=AXIS2_PLACEMENT_3D('',#8426,#6787,#6788);
#5465=AXIS2_PLACEMENT_3D('',#8428,#6789,#6790);
#5466=AXIS2_PLACEMENT_3D('',#8429,#6791,#6792);
#5467=AXIS2_PLACEMENT_3D('',#8431,#6793,#6794);
#5468=AXIS2_PLACEMENT_3D('',#8432,#6795,#6796);
#5469=AXIS2_PLACEMENT_3D('',#8433,#6797,#6798);
#5470=AXIS2_PLACEMENT_3D('',#8435,#6799,#6800);
#5471=AXIS2_PLACEMENT_3D('',#8437,#6801,#6802);
#5472=AXIS2_PLACEMENT_3D('',#8438,#6803,#6804);
#5473=AXIS2_PLACEMENT_3D('',#8440,#6805,#6806);
#5474=AXIS2_PLACEMENT_3D('',#8441,#6807,#6808);
#5475=AXIS2_PLACEMENT_3D('',#8442,#6809,#6810);
#5476=AXIS2_PLACEMENT_3D('',#8444,#6811,#6812);
#5477=AXIS2_PLACEMENT_3D('',#8446,#6813,#6814);
#5478=AXIS2_PLACEMENT_3D('',#8447,#6815,#6816);
#5479=AXIS2_PLACEMENT_3D('',#8448,#6817,#6818);
#5480=AXIS2_PLACEMENT_3D('',#8450,#6819,#6820);
#5481=AXIS2_PLACEMENT_3D('',#8452,#6821,#6822);
#5482=AXIS2_PLACEMENT_3D('',#8453,#6823,#6824);
#5483=AXIS2_PLACEMENT_3D('',#8454,#6825,#6826);
#5484=AXIS2_PLACEMENT_3D('',#8455,#6827,#6828);
#5485=AXIS2_PLACEMENT_3D('',#8457,#6830,#6831);
#5486=AXIS2_PLACEMENT_3D('',#8459,#6833,#6834);
#5487=AXIS2_PLACEMENT_3D('',#8476,#6835,#6836);
#5488=AXIS2_PLACEMENT_3D('',#8478,#6837,#6838);
#5489=AXIS2_PLACEMENT_3D('',#8481,#6841,#6842);
#5490=AXIS2_PLACEMENT_3D('',#8482,#6843,#6844);
#5491=AXIS2_PLACEMENT_3D('',#8483,#6845,#6846);
#5492=AXIS2_PLACEMENT_3D('',#8484,#6847,#6848);
#5493=AXIS2_PLACEMENT_3D('',#8485,#6849,#6850);
#5494=AXIS2_PLACEMENT_3D('',#8487,#6852,#6853);
#5495=AXIS2_PLACEMENT_3D('',#8489,#6855,#6856);
#5496=AXIS2_PLACEMENT_3D('',#8492,#6859,#6860);
#5497=AXIS2_PLACEMENT_3D('',#8494,#6862,#6863);
#5498=AXIS2_PLACEMENT_3D('',#8496,#6865,#6866);
#5499=AXIS2_PLACEMENT_3D('',#8498,#6868,#6869);
#5500=AXIS2_PLACEMENT_3D('',#8500,#6871,#6872);
#5501=AXIS2_PLACEMENT_3D('',#8505,#6873,#6874);
#5502=AXIS2_PLACEMENT_3D('',#8507,#6876,#6877);
#5503=AXIS2_PLACEMENT_3D('',#8512,#6878,#6879);
#5504=AXIS2_PLACEMENT_3D('',#8514,#6881,#6882);
#5505=AXIS2_PLACEMENT_3D('',#8515,#6883,#6884);
#5506=AXIS2_PLACEMENT_3D('',#8516,#6885,#6886);
#5507=AXIS2_PLACEMENT_3D('',#8517,#6887,#6888);
#5508=AXIS2_PLACEMENT_3D('',#8518,#6889,#6890);
#5509=AXIS2_PLACEMENT_3D('',#8519,#6891,#6892);
#5510=AXIS2_PLACEMENT_3D('',#8521,#6894,#6895);
#5511=AXIS2_PLACEMENT_3D('',#8522,#6896,#6897);
#5512=DIRECTION('',(0.,0.,1.));
#5513=DIRECTION('',(1.,0.,0.));
#5514=DIRECTION('',(0.,0.,1.));
#5515=DIRECTION('',(1.,0.,0.));
#5516=DIRECTION('',(0.,-1.,0.));
#5517=DIRECTION('',(0.707106781186537,-0.707106781186559,0.));
#5518=DIRECTION('',(1.,0.,0.));
#5519=DIRECTION('',(0.,-1.,0.));
#5520=DIRECTION('',(0.,0.,1.));
#5521=DIRECTION('',(1.,0.,0.));
#5522=DIRECTION('',(1.,0.,0.));
#5523=DIRECTION('',(0.,-1.,0.));
#5524=DIRECTION('',(1.,0.,0.));
#5525=DIRECTION('',(0.,0.,1.));
#5526=DIRECTION('',(1.,0.,0.));
#5527=DIRECTION('',(0.,-1.,0.));
#5528=DIRECTION('',(0.,0.,1.));
#5529=DIRECTION('',(1.,0.,0.));
#5530=DIRECTION('',(1.,0.,0.));
#5531=DIRECTION('',(0.,-1.,0.));
#5532=DIRECTION('',(1.,1.6326809185664E-16,0.));
#5533=DIRECTION('',(0.,1.,0.));
#5534=DIRECTION('',(0.,0.,1.));
#5535=DIRECTION('',(0.707106781186548,0.,0.707106781186547));
#5536=DIRECTION('',(0.,0.,1.));
#5537=DIRECTION('',(1.,0.,0.));
#5538=DIRECTION('',(0.,0.,-1.));
#5539=DIRECTION('',(1.,0.,0.));
#5540=DIRECTION('',(0.,0.,1.));
#5541=DIRECTION('',(0.,1.,0.));
#5542=DIRECTION('',(0.,0.,1.));
#5543=DIRECTION('',(1.,0.,0.));
#5544=DIRECTION('',(0.707106781186549,0.,-0.707106781186547));
#5545=DIRECTION('',(0.,0.,1.));
#5546=DIRECTION('',(1.,0.,0.));
#5547=DIRECTION('',(0.,0.,-1.));
#5548=DIRECTION('',(1.,0.,0.));
#5549=DIRECTION('',(0.,0.,-1.));
#5550=DIRECTION('',(-1.,0.,0.));
#5551=DIRECTION('',(0.,0.,1.));
#5552=DIRECTION('',(-1.,0.,0.));
#5553=DIRECTION('',(0.,0.,-1.));
#5554=DIRECTION('',(-1.,0.,0.));
#5555=DIRECTION('',(0.,0.,1.));
#5556=DIRECTION('',(-1.,5.55111512312578E-17,0.));
#5557=DIRECTION('',(0.,0.,1.));
#5558=DIRECTION('',(0.,0.,1.));
#5559=DIRECTION('',(1.,0.,0.));
#5560=DIRECTION('',(0.,0.,1.));
#5561=DIRECTION('',(1.,0.,0.));
#5562=DIRECTION('',(0.,0.,1.));
#5563=DIRECTION('',(1.,0.,0.));
#5564=DIRECTION('',(0.,1.,0.));
#5565=DIRECTION('',(1.,0.,0.));
#5566=DIRECTION('',(0.,1.,0.));
#5567=DIRECTION('',(-1.,0.,0.));
#5568=DIRECTION('',(-2.11551643412532E-16,1.,0.));
#5569=DIRECTION('',(0.,1.,0.));
#5570=DIRECTION('',(1.,0.,0.));
#5571=DIRECTION('',(0.,0.,1.));
#5572=DIRECTION('',(1.,0.,0.));
#5573=DIRECTION('',(0.,1.,0.));
#5574=DIRECTION('',(0.,0.,1.));
#5575=DIRECTION('',(1.,0.,0.));
#5576=DIRECTION('',(-1.,-1.28498035257539E-16,0.));
#5577=DIRECTION('',(0.,0.,1.));
#5578=DIRECTION('',(1.,0.,0.));
#5579=DIRECTION('',(0.,1.,0.));
#5580=DIRECTION('',(0.,0.,1.));
#5581=DIRECTION('',(1.,0.,0.));
#5582=DIRECTION('',(1.,0.,0.));
#5583=DIRECTION('',(0.,0.,-1.));
#5584=DIRECTION('',(0.,0.,-1.));
#5585=DIRECTION('',(0.,-1.,0.));
#5586=DIRECTION('',(0.,0.,-1.));
#5587=DIRECTION('',(0.,-1.,0.));
#5588=DIRECTION('',(0.,0.,-1.));
#5589=DIRECTION('',(0.,-1.,0.));
#5590=DIRECTION('',(0.,0.,-1.));
#5591=DIRECTION('',(-1.,0.,0.));
#5592=DIRECTION('',(0.,0.,1.));
#5593=DIRECTION('',(0.,0.,-1.));
#5594=DIRECTION('',(0.,-1.,0.));
#5595=DIRECTION('',(0.,0.,-1.));
#5596=DIRECTION('',(0.,1.,0.));
#5597=DIRECTION('',(0.,0.,-1.));
#5598=DIRECTION('',(0.,1.,0.));
#5599=DIRECTION('',(0.,0.,-1.));
#5600=DIRECTION('',(1.,0.,0.));
#5601=DIRECTION('',(0.,0.,-1.));
#5602=DIRECTION('',(0.,1.,0.));
#5603=DIRECTION('',(0.,0.,-1.));
#5604=DIRECTION('',(0.,0.,-1.));
#5605=DIRECTION('',(0.,-1.,0.));
#5606=DIRECTION('',(0.,0.,-1.));
#5607=DIRECTION('',(0.,-1.,0.));
#5608=DIRECTION('',(0.,0.,-1.));
#5609=DIRECTION('',(1.,0.,0.));
#5610=DIRECTION('',(0.,0.,-1.));
#5611=DIRECTION('',(0.,0.,-1.));
#5612=DIRECTION('',(0.,1.,0.));
#5613=DIRECTION('',(0.,0.,-1.));
#5614=DIRECTION('',(0.,-1.,0.));
#5615=DIRECTION('',(0.,0.,-1.));
#5616=DIRECTION('',(0.,-1.,0.));
#5617=DIRECTION('',(0.,0.,-1.));
#5618=DIRECTION('',(-1.,0.,0.));
#5619=DIRECTION('',(0.,0.,1.));
#5620=DIRECTION('',(0.,-1.,0.));
#5621=DIRECTION('',(0.,0.,-1.));
#5622=DIRECTION('',(0.,0.,-1.));
#5623=DIRECTION('',(0.,1.,0.));
#5624=DIRECTION('',(0.,0.,-1.));
#5625=DIRECTION('',(0.,1.,0.));
#5626=DIRECTION('',(0.,0.,-1.));
#5627=DIRECTION('',(-1.,0.,0.));
#5628=DIRECTION('',(0.,0.,1.));
#5629=DIRECTION('',(0.,0.,-1.));
#5630=DIRECTION('',(0.,-1.,0.));
#5631=DIRECTION('',(0.,0.,-1.));
#5632=DIRECTION('',(0.,1.,0.));
#5633=DIRECTION('',(0.,0.,-1.));
#5634=DIRECTION('',(0.,1.,0.));
#5635=DIRECTION('',(0.,0.,-1.));
#5636=DIRECTION('',(1.,0.,0.));
#5637=DIRECTION('',(0.,0.,-1.));
#5638=DIRECTION('',(0.,1.,0.));
#5639=DIRECTION('',(0.,0.,-1.));
#5640=DIRECTION('',(0.,0.,-1.));
#5641=DIRECTION('',(0.,-1.,0.));
#5642=DIRECTION('',(0.,0.,-1.));
#5643=DIRECTION('',(0.,-1.,0.));
#5644=DIRECTION('',(0.,0.,-1.));
#5645=DIRECTION('',(0.,0.,-1.));
#5646=DIRECTION('',(-1.,0.,0.));
#5647=DIRECTION('',(0.,0.,-1.));
#5648=DIRECTION('',(-1.,0.,0.));
#5649=DIRECTION('',(0.,0.,1.));
#5650=DIRECTION('',(1.,0.,0.));
#5651=DIRECTION('',(0.,0.,-1.));
#5652=DIRECTION('',(-1.,0.,0.));
#5653=DIRECTION('',(0.,0.,-1.));
#5654=DIRECTION('',(-1.,0.,0.));
#5655=DIRECTION('',(0.,0.,1.));
#5656=DIRECTION('',(1.,0.,0.));
#5657=DIRECTION('',(0.,0.,-1.));
#5658=DIRECTION('',(-1.,0.,0.));
#5659=DIRECTION('',(0.,0.,-1.));
#5660=DIRECTION('',(-1.,0.,0.));
#5661=DIRECTION('',(0.,0.,1.));
#5662=DIRECTION('',(1.,0.,0.));
#5663=DIRECTION('',(1.,0.,0.));
#5664=DIRECTION('',(0.,0.,-1.));
#5665=DIRECTION('',(0.,0.,1.));
#5666=DIRECTION('',(0.,1.,0.));
#5667=DIRECTION('',(0.,1.,0.));
#5668=DIRECTION('',(1.,0.,0.));
#5669=DIRECTION('',(0.,0.,-1.));
#5670=DIRECTION('',(0.,1.,0.));
#5671=DIRECTION('',(0.,0.,1.));
#5672=DIRECTION('',(0.,1.,0.));
#5673=DIRECTION('',(0.,0.,1.));
#5674=DIRECTION('',(1.,0.,0.));
#5675=DIRECTION('',(0.,0.,1.));
#5676=DIRECTION('',(1.,0.,0.));
#5677=DIRECTION('',(0.,0.,1.));
#5678=DIRECTION('',(1.,0.,0.));
#5679=DIRECTION('',(0.,1.,0.));
#5680=DIRECTION('',(0.,0.,1.));
#5681=DIRECTION('',(0.,0.,-1.));
#5682=DIRECTION('',(1.,0.,0.));
#5683=DIRECTION('',(0.,0.,-1.));
#5684=DIRECTION('',(-1.,0.,0.));
#5685=DIRECTION('',(0.,0.,-1.));
#5686=DIRECTION('',(0.,0.707106781186547,-0.707106781186548));
#5687=DIRECTION('',(-1.,0.,0.));
#5688=DIRECTION('',(0.,-0.707106781186548,-0.707106781186547));
#5689=DIRECTION('',(1.,0.,0.));
#5690=DIRECTION('',(0.,-0.707106781186548,-0.707106781186547));
#5691=DIRECTION('',(0.,0.,1.));
#5692=DIRECTION('',(1.,0.,0.));
#5693=DIRECTION('',(0.,0.,1.));
#5694=DIRECTION('',(1.,0.,0.));
#5695=DIRECTION('',(0.,1.,0.));
#5696=DIRECTION('',(0.,0.,1.));
#5697=DIRECTION('',(1.,0.,0.));
#5698=DIRECTION('',(0.,-1.,0.));
#5699=DIRECTION('',(0.,0.,1.));
#5700=DIRECTION('',(1.,0.,0.));
#5701=DIRECTION('',(0.,1.,0.));
#5702=DIRECTION('',(0.,0.,1.));
#5703=DIRECTION('',(1.,0.,0.));
#5704=DIRECTION('',(0.,-1.,0.));
#5705=DIRECTION('',(0.,0.,1.));
#5706=DIRECTION('',(1.,0.,0.));
#5707=DIRECTION('',(0.,1.,0.));
#5708=DIRECTION('',(0.,0.,1.));
#5709=DIRECTION('',(1.,0.,0.));
#5710=DIRECTION('',(0.,-1.,0.));
#5711=DIRECTION('',(0.,0.,1.));
#5712=DIRECTION('',(1.,0.,0.));
#5713=DIRECTION('',(0.,1.,0.));
#5714=DIRECTION('',(0.,0.,1.));
#5715=DIRECTION('',(1.,0.,0.));
#5716=DIRECTION('',(0.,-1.,0.));
#5717=DIRECTION('',(0.,0.,1.));
#5718=DIRECTION('',(1.,0.,0.));
#5719=DIRECTION('',(0.,0.,1.));
#5720=DIRECTION('',(1.,0.,0.));
#5721=DIRECTION('',(0.577350269189624,-0.816496580927728,0.));
#5722=DIRECTION('',(0.,-1.,0.));
#5723=DIRECTION('',(1.,0.,0.));
#5724=DIRECTION('',(0.,-1.,0.));
#5725=DIRECTION('',(-0.654653670707978,-0.755928946018454,0.));
#5726=DIRECTION('',(-1.,1.06752213906265E-16,0.));
#5727=DIRECTION('',(-0.654653670707978,0.755928946018454,0.));
#5728=DIRECTION('',(0.,1.,0.));
#5729=DIRECTION('',(-1.,0.,0.));
#5730=DIRECTION('',(0.,-1.,0.));
#5731=DIRECTION('',(0.577350269189626,0.816496580927726,0.));
#5732=DIRECTION('',(1.,1.3010426069826E-16,0.));
#5733=DIRECTION('',(0.,1.,0.));
#5734=DIRECTION('',(0.,0.,1.));
#5735=DIRECTION('',(1.,0.,0.));
#5736=DIRECTION('',(0.,0.,1.));
#5737=DIRECTION('',(1.,0.,0.));
#5738=DIRECTION('',(0.,0.,1.));
#5739=DIRECTION('',(1.,0.,0.));
#5740=DIRECTION('',(0.,0.,1.));
#5741=DIRECTION('',(1.,0.,0.));
#5742=DIRECTION('',(-2.11551643412532E-16,1.,0.));
#5743=DIRECTION('',(-1.,0.,0.));
#5744=DIRECTION('',(0.,1.,0.));
#5745=DIRECTION('',(1.,0.,0.));
#5746=DIRECTION('',(0.,0.,1.));
#5747=DIRECTION('',(1.,0.,0.));
#5748=DIRECTION('',(0.,-1.,0.));
#5749=DIRECTION('',(1.,0.,0.));
#5750=DIRECTION('',(0.,0.,-1.));
#5751=DIRECTION('',(0.,-1.,0.));
#5752=DIRECTION('',(0.,0.,-1.));
#5753=DIRECTION('',(0.,0.,-1.));
#5754=DIRECTION('',(0.,1.,0.));
#5755=DIRECTION('',(0.,0.,-1.));
#5756=DIRECTION('',(0.,-1.,0.));
#5757=DIRECTION('',(0.,0.,-1.));
#5758=DIRECTION('',(-0.407276098905202,0.42143868083482,0.810256513430634));
#5759=DIRECTION('',(0.,-0.887169606591772,0.461443484231603));
#5760=DIRECTION('',(-0.80480938040639,0.253785604120329,-0.536539586937593));
#5761=DIRECTION('',(-0.719086103857516,-0.694920984888943,0.));
#5762=DIRECTION('',(-0.407276098905202,0.42143868083482,0.810256513430634));
#5763=DIRECTION('',(-0.913305085533066,-0.187934902123071,-0.36132297643996));
#5764=DIRECTION('',(-0.769666178303496,0.319223265903227,-0.55291091550246));
#5765=DIRECTION('',(0.626704082632016,0.774303735161586,-0.0877252445261911));
#5766=DIRECTION('',(0.407276098905203,0.421438680834821,0.810256513430633));
#5767=DIRECTION('',(0.,-0.887169606591771,0.461443484231605));
#5768=DIRECTION('',(0.407276098905203,0.421438680834821,0.810256513430633));
#5769=DIRECTION('',(-0.913305085533065,0.187934902123072,0.36132297643996));
#5770=DIRECTION('',(-0.719086103857516,0.694920984888943,1.11748249079884E-17));
#5771=DIRECTION('',(0.80480938040639,0.253785604120326,-0.536539586937593));
#5772=DIRECTION('',(-0.626704082632017,0.774303735161585,-0.0877252445261913));
#5773=DIRECTION('',(-0.769666178303495,-0.319223265903228,0.552910915502461));
#5774=DIRECTION('',(0.,1.,0.));
#5775=DIRECTION('',(0.,0.,1.));
#5776=DIRECTION('',(0.,0.,1.));
#5777=DIRECTION('',(-0.707106781186549,0.,0.707106781186547));
#5778=DIRECTION('',(1.,0.,0.));
#5779=DIRECTION('',(0.,0.,1.));
#5780=DIRECTION('',(1.,0.,0.));
#5781=DIRECTION('',(0.,0.,-1.));
#5782=DIRECTION('',(-9.2450129153056E-17,-0.866025403784439,-0.5));
#5783=DIRECTION('',(5.33761069531325E-17,0.5,-0.866025403784439));
#5784=DIRECTION('',(-1.,1.06752213906265E-16,-6.49285159142753E-33));
#5785=DIRECTION('',(-1.,1.06752213906265E-16,0.));
#5786=DIRECTION('',(-0.707106781186547,0.612372435695795,0.353553390593274));
#5787=DIRECTION('',(0.,0.5,-0.866025403784439));
#5788=DIRECTION('',(0.,-0.5,0.866025403784439));
#5789=DIRECTION('',(-0.447213595499958,9.0739794258094E-17,-0.894427190999916));
#5790=DIRECTION('',(-0.654653670707977,-0.755928946018454,0.));
#5791=DIRECTION('',(0.,0.,-1.));
#5792=DIRECTION('',(-1.,0.,0.));
#5793=DIRECTION('',(0.,0.,-1.));
#5794=DIRECTION('',(0.,0.,1.));
#5795=DIRECTION('',(1.,0.,0.));
#5796=DIRECTION('',(0.,0.,-1.));
#5797=DIRECTION('',(0.,0.,1.));
#5798=DIRECTION('',(1.,0.,0.));
#5799=DIRECTION('',(1.,0.,0.));
#5800=DIRECTION('',(0.,0.,-1.));
#5801=DIRECTION('',(0.,-0.5,0.866025403784439));
#5802=DIRECTION('',(0.,1.,0.));
#5803=DIRECTION('',(0.,0.707106781186548,-0.707106781186548));
#5804=DIRECTION('',(0.,-1.,0.));
#5805=DIRECTION('',(1.,0.,0.));
#5806=DIRECTION('',(0.,0.,-1.));
#5807=DIRECTION('',(0.,1.,0.));
#5808=DIRECTION('',(0.,-1.,0.));
#5809=DIRECTION('',(0.,-0.707106781186548,0.707106781186548));
#5810=DIRECTION('',(0.,0.,1.));
#5811=DIRECTION('',(1.,0.,0.));
#5812=DIRECTION('',(-0.719086103857516,0.694920984888943,0.));
#5813=DIRECTION('',(-1.,1.06752213906265E-16,0.));
#5814=DIRECTION('',(-0.719086103857516,-0.694920984888943,0.));
#5815=DIRECTION('',(0.,1.,0.));
#5816=DIRECTION('',(-1.,0.,0.));
#5817=DIRECTION('',(0.,0.,1.));
#5818=DIRECTION('',(1.,0.,0.));
#5819=DIRECTION('',(0.,-1.,0.));
#5820=DIRECTION('',(1.,0.,0.));
#5821=DIRECTION('',(0.,1.,0.));
#5822=DIRECTION('',(0.,0.,1.));
#5823=DIRECTION('',(1.,0.,0.));
#5824=DIRECTION('',(-1.,-1.28498035257539E-16,0.));
#5825=DIRECTION('',(0.,0.,1.));
#5826=DIRECTION('',(1.,0.,0.));
#5827=DIRECTION('',(0.,1.,0.));
#5828=DIRECTION('',(1.,0.,0.));
#5829=DIRECTION('',(0.,0.,1.));
#5830=DIRECTION('',(1.,0.,0.));
#5831=DIRECTION('',(0.,0.,1.));
#5832=DIRECTION('',(1.,0.,0.));
#5833=DIRECTION('',(0.,1.,0.));
#5834=DIRECTION('',(0.,0.,-1.));
#5835=DIRECTION('',(-1.,0.,0.));
#5836=DIRECTION('',(-0.554700196225229,0.,-0.832050294337844));
#5837=DIRECTION('',(0.832050294337844,0.,-0.554700196225229));
#5838=DIRECTION('',(-0.38268343236509,-4.97887450493327E-17,-0.923879532511287));
#5839=DIRECTION('',(0.923879532511287,1.20200663551635E-16,-0.38268343236509));
#5840=DIRECTION('',(0.,0.,-1.));
#5841=DIRECTION('',(0.,0.,-1.));
#5842=DIRECTION('',(-1.,0.,0.));
#5843=DIRECTION('',(0.,0.,1.));
#5844=DIRECTION('',(1.,0.,0.));
#5845=DIRECTION('',(0.,0.,-1.));
#5846=DIRECTION('',(0.,0.,-1.));
#5847=DIRECTION('',(0.,1.,0.));
#5848=DIRECTION('',(0.,0.,1.));
#5849=DIRECTION('',(0.,0.,1.));
#5850=DIRECTION('',(-0.707106781186548,0.,-0.707106781186547));
#5851=DIRECTION('',(0.,0.,-1.));
#5852=DIRECTION('',(0.,0.,-1.));
#5853=DIRECTION('',(0.,0.,1.));
#5854=DIRECTION('',(1.,0.,0.));
#5855=DIRECTION('',(-1.,-1.3010426069826E-16,0.));
#5856=DIRECTION('',(0.707106781186548,0.707106781186547,0.));
#5857=DIRECTION('',(0.,-1.,0.));
#5858=DIRECTION('',(1.,1.6326809185664E-16,0.));
#5859=DIRECTION('',(0.,-1.,0.));
#5860=DIRECTION('',(-1.,-1.3010426069826E-16,0.));
#5861=DIRECTION('',(0.,0.,1.));
#5862=DIRECTION('',(-1.,-1.3010426069826E-16,0.));
#5863=DIRECTION('',(0.,0.,1.));
#5864=DIRECTION('',(1.,0.,0.));
#5865=DIRECTION('',(0.,1.,0.));
#5866=DIRECTION('',(0.,0.,1.));
#5867=DIRECTION('',(1.,0.,0.));
#5868=DIRECTION('',(0.,1.,0.));
#5869=DIRECTION('',(0.,0.,1.));
#5870=DIRECTION('',(1.,0.,0.));
#5871=DIRECTION('',(1.,1.6326809185664E-16,0.));
#5872=DIRECTION('',(-1.,1.06752213906265E-16,0.));
#5873=DIRECTION('',(0.654653670707978,-0.755928946018454,0.));
#5874=DIRECTION('',(1.,1.6326809185664E-16,0.));
#5875=DIRECTION('',(0.,-1.,0.));
#5876=DIRECTION('',(0.654653670707978,-0.755928946018454,0.));
#5877=DIRECTION('',(-1.,1.06752213906265E-16,0.));
#5878=DIRECTION('',(-0.654653670707977,-0.755928946018454,0.));
#5879=DIRECTION('',(0.,-1.,0.));
#5880=DIRECTION('',(-1.,0.,0.));
#5881=DIRECTION('',(0.,0.,1.));
#5882=DIRECTION('',(0.,0.,-1.));
#5883=DIRECTION('',(0.,-0.707106781186548,-0.707106781186548));
#5884=DIRECTION('',(0.,0.,-1.));
#5885=DIRECTION('',(1.3010426069826E-16,-1.,0.));
#5886=DIRECTION('',(1.,1.3010426069826E-16,0.));
#5887=DIRECTION('',(-1.,0.,0.));
#5888=DIRECTION('',(0.,0.,1.));
#5889=DIRECTION('',(-1.,-1.3010426069826E-16,0.));
#5890=DIRECTION('',(0.,0.,1.));
#5891=DIRECTION('',(1.,0.,0.));
#5892=DIRECTION('',(0.,0.,-1.));
#5893=DIRECTION('',(0.,0.,-1.));
#5894=DIRECTION('',(0.,-0.707106781186548,-0.707106781186548));
#5895=DIRECTION('',(0.,-1.,0.));
#5896=DIRECTION('',(0.,-0.5,0.866025403784439));
#5897=DIRECTION('',(0.,-0.707106781186548,0.707106781186548));
#5898=DIRECTION('',(-9.2450129153056E-17,-0.866025403784439,-0.5));
#5899=DIRECTION('',(5.33761069531325E-17,0.5,-0.866025403784439));
#5900=DIRECTION('',(-6.16297582203916E-33,0.5,-0.866025403784439));
#5901=DIRECTION('',(0.774596669241498,0.316227766016829,-0.547722557505151));
#5902=DIRECTION('',(1.,-1.06752213906265E-16,0.));
#5903=DIRECTION('',(-0.774596669241473,0.316227766016845,-0.547722557505177));
#5904=DIRECTION('',(6.16297582203916E-33,-0.5,0.866025403784439));
#5905=DIRECTION('',(-1.,1.06752213906265E-16,0.));
#5906=DIRECTION('',(1.,0.,0.));
#5907=DIRECTION('',(0.,0.,-1.));
#5908=DIRECTION('',(0.,1.,0.));
#5909=DIRECTION('',(0.,0.707106781186548,0.707106781186548));
#5910=DIRECTION('',(0.,0.,1.));
#5911=DIRECTION('',(0.,0.707106781186548,-0.707106781186548));
#5912=DIRECTION('',(0.,0.5,-0.866025403784439));
#5913=DIRECTION('',(1.,0.,0.));
#5914=DIRECTION('',(0.,0.,-1.));
#5915=DIRECTION('',(0.,0.,-1.));
#5916=DIRECTION('',(-1.06752213906265E-16,-1.,0.));
#5917=DIRECTION('',(1.,-1.06752213906265E-16,0.));
#5918=DIRECTION('',(-0.447213595499958,9.0739794258094E-17,-0.894427190999916));
#5919=DIRECTION('',(0.447213595499959,-4.77410414086015E-17,-0.894427190999915));
#5920=DIRECTION('',(-0.707106781186547,0.612372435695795,0.353553390593274));
#5921=DIRECTION('',(0.,0.5,-0.866025403784439));
#5922=DIRECTION('',(-0.654653670707978,-0.755928946018454,-2.57533592606052E-17));
#5923=DIRECTION('',(-0.654653670707977,-0.377964473009227,-0.654653670707977));
#5924=DIRECTION('',(-0.707106781186547,-0.612372435695795,-0.353553390593274));
#5925=DIRECTION('',(0.,-0.5,0.866025403784439));
#5926=DIRECTION('',(-0.654653670707978,0.377964473009226,0.654653670707978));
#5927=DIRECTION('',(0.654653670707978,-0.755928946018454,-2.57533592606052E-17));
#5928=DIRECTION('',(0.,0.,1.));
#5929=DIRECTION('',(1.,0.,0.));
#5930=DIRECTION('',(0.,0.,-1.));
#5931=DIRECTION('',(-1.,0.,0.));
#5932=DIRECTION('',(1.3010426069826E-16,-1.,0.));
#5933=DIRECTION('',(1.,1.3010426069826E-16,0.));
#5934=DIRECTION('',(-0.832050294337844,0.,0.554700196225229));
#5935=DIRECTION('',(0.707106781186547,9.19976050010023E-17,0.707106781186548));
#5936=DIRECTION('',(0.,1.,0.));
#5937=DIRECTION('',(0.,0.,1.));
#5938=DIRECTION('',(0.,0.,-1.));
#5939=DIRECTION('',(-1.,0.,0.));
#5940=DIRECTION('',(0.832050294337844,0.,0.554700196225229));
#5941=DIRECTION('',(1.,0.,0.));
#5942=DIRECTION('',(0.,0.,-1.));
#5943=DIRECTION('',(0.,0.,1.));
#5944=DIRECTION('',(0.,-1.,0.));
#5945=DIRECTION('',(0.,0.,-1.));
#5946=DIRECTION('',(-1.06752213906265E-16,-1.,0.));
#5947=DIRECTION('',(1.,-1.06752213906265E-16,0.));
#5948=DIRECTION('',(0.447213595499959,-4.77410414086015E-17,-0.894427190999915));
#5949=DIRECTION('',(-0.707106781186547,-0.612372435695795,-0.353553390593274));
#5950=DIRECTION('',(0.,-0.5,0.866025403784439));
#5951=DIRECTION('',(9.19976050010024E-17,-0.707106781186548,0.707106781186548));
#5952=DIRECTION('',(-1.,-1.3010426069826E-16,0.));
#5953=DIRECTION('',(0.,-0.707106781186548,-0.707106781186548));
#5954=DIRECTION('',(-1.15447974903219E-16,0.707106781186548,0.707106781186548));
#5955=DIRECTION('',(-1.,-1.6326809185664E-16,0.));
#5956=DIRECTION('',(-1.15447974903219E-16,0.707106781186548,0.707106781186548));
#5957=DIRECTION('',(-1.,-1.6326809185664E-16,0.));
#5958=DIRECTION('',(1.,0.,0.));
#5959=DIRECTION('',(0.,0.,-1.));
#5960=DIRECTION('',(0.,1.,0.));
#5961=DIRECTION('',(0.,0.,-1.));
#5962=DIRECTION('',(0.,0.,1.));
#5963=DIRECTION('',(1.,0.,0.));
#5964=DIRECTION('',(0.,0.,-1.));
#5965=DIRECTION('',(0.,1.,0.));
#5966=DIRECTION('',(0.,0.,1.));
#5967=DIRECTION('',(0.,0.,-1.));
#5968=DIRECTION('',(-1.28498035257539E-16,1.,0.));
#5969=DIRECTION('',(-1.,-1.28498035257539E-16,0.));
#5970=DIRECTION('',(-1.,-1.28498035257539E-16,0.));
#5971=DIRECTION('',(0.,0.,1.));
#5972=DIRECTION('',(0.,0.,1.));
#5973=DIRECTION('',(0.,0.,1.));
#5974=DIRECTION('',(1.,0.,0.));
#5975=DIRECTION('',(0.,0.,1.));
#5976=DIRECTION('',(1.,0.,0.));
#5977=DIRECTION('',(0.,0.,1.));
#5978=DIRECTION('',(1.,0.,0.));
#5979=DIRECTION('',(0.,0.,-1.));
#5980=DIRECTION('',(-1.,0.,0.));
#5981=DIRECTION('',(0.707106781186547,9.19976050010024E-17,0.707106781186548));
#5982=DIRECTION('',(-0.707106781186547,-9.19976050010023E-17,-0.707106781186548));
#5983=DIRECTION('',(-0.707106781186548,0.,0.707106781186547));
#5984=DIRECTION('',(0.,0.,-1.));
#5985=DIRECTION('',(-1.,0.,0.));
#5986=DIRECTION('',(0.,0.,1.));
#5987=DIRECTION('',(1.,0.,0.));
#5988=DIRECTION('',(0.,0.,-1.));
#5989=DIRECTION('',(-1.,0.,0.));
#5990=DIRECTION('',(0.,0.,-1.));
#5991=DIRECTION('',(-1.,0.,0.));
#5992=DIRECTION('',(-0.554700196225229,0.,-0.832050294337844));
#5993=DIRECTION('',(-0.832050294337844,0.,0.554700196225229));
#5994=DIRECTION('',(-0.554700196225229,0.,-0.832050294337844));
#5995=DIRECTION('',(0.542886019466688,-0.757816454491235,-0.361924012977792));
#5996=DIRECTION('',(0.,1.,0.));
#5997=DIRECTION('',(-0.554700196225229,0.,0.832050294337844));
#5998=DIRECTION('',(0.832050294337844,0.,0.554700196225229));
#5999=DIRECTION('',(0.,1.,0.));
#6000=DIRECTION('',(-0.554700196225229,0.,0.832050294337844));
#6001=DIRECTION('',(0.542886019466688,0.757816454491236,0.361924012977792));
#6002=DIRECTION('',(-0.554700196225229,0.,0.832050294337844));
#6003=DIRECTION('',(-0.832050294337844,0.,-0.554700196225229));
#6004=DIRECTION('',(0.,0.,-1.));
#6005=DIRECTION('',(-1.,0.,0.));
#6006=DIRECTION('',(-8.67361737988403E-16,0.,1.));
#6007=DIRECTION('',(1.,0.,8.67361737988403E-16));
#6008=DIRECTION('',(0.,1.,8.67361737988404E-16));
#6009=DIRECTION('',(0.,-8.67361737988404E-16,1.));
#6010=DIRECTION('',(0.,-1.,0.));
#6011=DIRECTION('',(0.,0.,-1.));
#6012=DIRECTION('',(1.,0.,0.));
#6013=DIRECTION('',(0.,0.,-1.));
#6014=DIRECTION('',(1.,0.,0.));
#6015=DIRECTION('',(0.,0.,-1.));
#6016=DIRECTION('',(-1.,0.,0.));
#6017=DIRECTION('',(0.,0.,1.));
#6018=DIRECTION('',(0.,0.,-1.));
#6019=DIRECTION('',(-1.,0.,0.));
#6020=DIRECTION('',(0.,0.,1.));
#6021=DIRECTION('',(1.,0.,0.));
#6022=DIRECTION('',(0.,0.,-1.));
#6023=DIRECTION('',(-1.,0.,0.));
#6024=DIRECTION('',(0.,0.,1.));
#6025=DIRECTION('',(1.,0.,0.));
#6026=DIRECTION('',(0.,-1.,0.));
#6027=DIRECTION('',(0.,0.,-1.));
#6028=DIRECTION('',(0.,1.,0.));
#6029=DIRECTION('',(0.,0.,1.));
#6030=DIRECTION('',(0.,1.,8.67361737988404E-16));
#6031=DIRECTION('',(0.,-8.67361737988404E-16,1.));
#6032=DIRECTION('',(0.,-1.,0.));
#6033=DIRECTION('',(0.,0.,-1.));
#6034=DIRECTION('',(0.,0.,-1.));
#6035=DIRECTION('',(-1.,0.,0.));
#6036=DIRECTION('',(0.,0.,-1.));
#6037=DIRECTION('',(-1.,0.,0.));
#6038=DIRECTION('',(0.,0.,1.));
#6039=DIRECTION('',(1.,0.,0.));
#6040=DIRECTION('',(-1.,0.,0.));
#6041=DIRECTION('',(0.,0.,1.));
#6042=DIRECTION('',(0.,-1.,0.));
#6043=DIRECTION('',(0.,0.,-1.));
#6044=DIRECTION('',(0.,1.,0.));
#6045=DIRECTION('',(0.,0.,1.));
#6046=DIRECTION('',(0.,0.,1.));
#6047=DIRECTION('',(1.,0.,0.));
#6048=DIRECTION('',(0.,0.,1.));
#6049=DIRECTION('',(1.,0.,0.));
#6050=DIRECTION('',(-1.,-1.28498035257539E-16,0.));
#6051=DIRECTION('',(1.28498035257539E-16,-1.,0.));
#6052=DIRECTION('',(1.,0.,0.));
#6053=DIRECTION('',(0.,0.,-1.));
#6054=DIRECTION('',(0.,0.,1.));
#6055=DIRECTION('',(1.,0.,0.));
#6056=DIRECTION('',(1.,0.,0.));
#6057=DIRECTION('',(0.,0.,-1.));
#6058=DIRECTION('',(0.,0.,1.));
#6059=DIRECTION('',(1.,0.,0.));
#6060=DIRECTION('',(0.,1.,0.));
#6061=DIRECTION('',(0.,0.,1.));
#6062=DIRECTION('',(-1.,0.,0.));
#6063=DIRECTION('',(0.,0.,1.));
#6064=DIRECTION('',(0.707106781186548,-0.707106781186548,0.));
#6065=DIRECTION('',(-0.707106781186548,-0.707106781186548,0.));
#6066=DIRECTION('',(0.,0.,1.));
#6067=DIRECTION('',(1.,0.,0.));
#6068=DIRECTION('',(0.,-8.67361737988403E-16,1.));
#6069=DIRECTION('',(0.,-1.,-8.67361737988403E-16));
#6070=DIRECTION('',(0.,1.,0.));
#6071=DIRECTION('',(0.,0.,1.));
#6072=DIRECTION('',(0.,-1.,0.));
#6073=DIRECTION('',(0.,0.,-1.));
#6074=DIRECTION('',(0.,-1.,0.));
#6075=DIRECTION('',(0.,0.,-1.));
#6076=DIRECTION('',(-0.39056306476103,-0.920576174167283,0.));
#6077=DIRECTION('',(0.920576174167283,-0.39056306476103,0.));
#6078=DIRECTION('',(1.,0.,0.));
#6079=DIRECTION('',(0.,0.,-1.));
#6080=DIRECTION('',(-1.,0.,0.));
#6081=DIRECTION('',(0.,0.,1.));
#6082=DIRECTION('',(0.719086103857516,0.694920984888943,0.));
#6083=DIRECTION('',(-0.694920984888943,0.719086103857516,0.));
#6084=DIRECTION('',(0.927115446925979,0.374775863778929,0.));
#6085=DIRECTION('',(-0.374775863778929,0.927115446925979,0.));
#6086=DIRECTION('',(1.,0.,0.));
#6087=DIRECTION('',(0.,0.,-1.));
#6088=DIRECTION('',(1.,0.,0.));
#6089=DIRECTION('',(0.,0.,-1.));
#6090=DIRECTION('',(-1.,1.06752213906265E-16,0.));
#6091=DIRECTION('',(-1.06752213906265E-16,-1.,0.));
#6092=DIRECTION('',(0.927115446925979,-0.374775863778928,0.));
#6093=DIRECTION('',(-0.374775863778929,-0.927115446925979,0.));
#6094=DIRECTION('',(0.,0.,1.));
#6095=DIRECTION('',(1.,0.,0.));
#6096=DIRECTION('',(-0.214285714285712,0.976771023655525,0.));
#6097=DIRECTION('',(-0.976771023655525,-0.214285714285712,0.));
#6098=DIRECTION('',(0.719086103857516,-0.694920984888942,0.));
#6099=DIRECTION('',(0.694920984888943,0.719086103857516,0.));
#6100=DIRECTION('',(-0.390563064761031,0.920576174167283,0.));
#6101=DIRECTION('',(0.920576174167283,0.390563064761031,0.));
#6102=DIRECTION('',(0.,0.,1.));
#6103=DIRECTION('',(1.,0.,0.));
#6104=DIRECTION('',(0.,1.,0.));
#6105=DIRECTION('',(0.,0.,1.));
#6106=DIRECTION('',(0.,0.,-1.));
#6107=DIRECTION('',(-1.,0.,0.));
#6108=DIRECTION('',(0.,0.,1.));
#6109=DIRECTION('',(1.,0.,0.));
#6110=DIRECTION('',(0.,0.,1.));
#6111=DIRECTION('',(1.,0.,0.));
#6112=DIRECTION('',(0.,0.,-1.));
#6113=DIRECTION('',(-1.,0.,0.));
#6114=DIRECTION('',(0.,0.,1.));
#6115=DIRECTION('',(1.,0.,0.));
#6116=DIRECTION('',(0.,0.,1.));
#6117=DIRECTION('',(1.,0.,0.));
#6118=DIRECTION('',(0.,0.,1.));
#6119=DIRECTION('',(1.,0.,0.));
#6120=DIRECTION('',(0.,0.,-1.));
#6121=DIRECTION('',(-1.,0.,0.));
#6122=DIRECTION('',(0.,0.,1.));
#6123=DIRECTION('',(1.,0.,0.));
#6124=DIRECTION('',(0.,0.,1.));
#6125=DIRECTION('',(1.,0.,0.));
#6126=DIRECTION('',(0.,0.,1.));
#6127=DIRECTION('',(1.,0.,0.));
#6128=DIRECTION('',(0.,0.,-1.));
#6129=DIRECTION('',(-1.,0.,0.));
#6130=DIRECTION('',(0.,0.,1.));
#6131=DIRECTION('',(1.,0.,0.));
#6132=DIRECTION('',(0.,0.,1.));
#6133=DIRECTION('',(1.,0.,0.));
#6134=DIRECTION('',(0.,0.,1.));
#6135=DIRECTION('',(1.,0.,0.));
#6136=DIRECTION('',(0.,0.,-1.));
#6137=DIRECTION('',(-1.,0.,0.));
#6138=DIRECTION('',(0.,0.,1.));
#6139=DIRECTION('',(1.,0.,0.));
#6140=DIRECTION('',(0.,0.,1.));
#6141=DIRECTION('',(1.,0.,0.));
#6142=DIRECTION('',(0.,0.,1.));
#6143=DIRECTION('',(1.,0.,0.));
#6144=DIRECTION('',(0.,0.,-1.));
#6145=DIRECTION('',(-1.,0.,0.));
#6146=DIRECTION('',(0.,0.,1.));
#6147=DIRECTION('',(1.,0.,0.));
#6148=DIRECTION('',(0.,0.,1.));
#6149=DIRECTION('',(1.,0.,0.));
#6150=DIRECTION('',(0.,0.,1.));
#6151=DIRECTION('',(1.,0.,0.));
#6152=DIRECTION('',(-1.,0.,0.));
#6153=DIRECTION('',(0.,0.,-1.));
#6154=DIRECTION('',(-1.,0.,0.));
#6155=DIRECTION('',(0.,0.,1.));
#6156=DIRECTION('',(1.,0.,0.));
#6157=DIRECTION('',(0.,0.,1.));
#6158=DIRECTION('',(1.,0.,0.));
#6159=DIRECTION('',(0.,0.,1.));
#6160=DIRECTION('',(1.,0.,0.));
#6161=DIRECTION('',(-1.,0.,0.));
#6162=DIRECTION('',(0.,0.,-1.));
#6163=DIRECTION('',(-1.,0.,0.));
#6164=DIRECTION('',(0.,0.,1.));
#6165=DIRECTION('',(1.,0.,0.));
#6166=DIRECTION('',(0.,0.,1.));
#6167=DIRECTION('',(1.,0.,0.));
#6168=DIRECTION('',(0.,0.,1.));
#6169=DIRECTION('',(1.,0.,0.));
#6170=DIRECTION('',(-1.,0.,0.));
#6171=DIRECTION('',(0.,0.,-1.));
#6172=DIRECTION('',(-1.,0.,0.));
#6173=DIRECTION('',(0.,0.,1.));
#6174=DIRECTION('',(1.,0.,0.));
#6175=DIRECTION('',(0.,0.,1.));
#6176=DIRECTION('',(1.,0.,0.));
#6177=DIRECTION('',(0.,0.,1.));
#6178=DIRECTION('',(1.,0.,0.));
#6179=DIRECTION('',(-1.,0.,0.));
#6180=DIRECTION('',(0.,0.,-1.));
#6181=DIRECTION('',(-1.,0.,0.));
#6182=DIRECTION('',(0.,0.,1.));
#6183=DIRECTION('',(1.,0.,0.));
#6184=DIRECTION('',(0.,0.,-1.));
#6185=DIRECTION('',(-1.,0.,0.));
#6186=DIRECTION('',(0.,0.,1.));
#6187=DIRECTION('',(1.,0.,0.));
#6188=DIRECTION('',(0.,0.707106781186548,-0.707106781186548));
#6189=DIRECTION('',(0.,0.707106781186548,0.707106781186548));
#6190=DIRECTION('',(0.,0.707106781186548,0.707106781186548));
#6191=DIRECTION('',(-0.577350269189627,-0.577350269189626,-0.577350269189625));
#6192=DIRECTION('',(0.,-0.707106781186548,-0.707106781186548));
#6193=DIRECTION('',(-1.,0.,0.));
#6194=DIRECTION('',(0.,-1.,0.));
#6195=DIRECTION('',(0.,0.,-1.));
#6196=DIRECTION('',(0.,-0.707106781186548,-0.707106781186548));
#6197=DIRECTION('',(0.,-0.707106781186548,0.707106781186548));
#6198=DIRECTION('',(0.,-0.707106781186548,-0.707106781186548));
#6199=DIRECTION('',(0.,-0.707106781186548,-0.707106781186548));
#6200=DIRECTION('',(0.,-0.707106781186548,-0.707106781186548));
#6201=DIRECTION('',(-0.577350269189624,0.577350269189627,0.577350269189627));
#6202=DIRECTION('',(-1.,0.,0.));
#6203=DIRECTION('',(0.,-1.,0.));
#6204=DIRECTION('',(0.,0.707106781186548,0.707106781186547));
#6205=DIRECTION('',(0.,0.,1.));
#6206=DIRECTION('',(-0.707106781186547,0.,0.707106781186548));
#6207=DIRECTION('',(0.,1.,0.));
#6208=DIRECTION('',(0.707106781186548,0.,0.707106781186547));
#6209=DIRECTION('',(0.,0.,-1.));
#6210=DIRECTION('',(-1.,0.,0.));
#6211=DIRECTION('',(0.,0.,-1.));
#6212=DIRECTION('',(-1.,0.,0.));
#6213=DIRECTION('',(-0.707106781186548,0.,0.707106781186547));
#6214=DIRECTION('',(0.707106781186547,0.,0.707106781186548));
#6215=DIRECTION('',(0.,-1.,0.));
#6216=DIRECTION('',(-0.707106781186547,0.,0.707106781186548));
#6217=DIRECTION('',(0.,1.,0.));
#6218=DIRECTION('',(-0.707106781186548,0.,-0.707106781186547));
#6219=DIRECTION('',(0.,0.,-1.));
#6220=DIRECTION('',(-1.,0.,0.));
#6221=DIRECTION('',(0.707106781186548,0.,-0.707106781186547));
#6222=DIRECTION('',(0.,0.,-1.));
#6223=DIRECTION('',(-1.,0.,0.));
#6224=DIRECTION('',(0.707106781186547,0.,0.707106781186548));
#6225=DIRECTION('',(0.,-1.,0.));
#6226=DIRECTION('',(-0.707106781186547,0.,0.707106781186548));
#6227=DIRECTION('',(0.,1.,0.));
#6228=DIRECTION('',(0.707106781186548,0.,0.707106781186547));
#6229=DIRECTION('',(0.,0.,-1.));
#6230=DIRECTION('',(-1.,0.,0.));
#6231=DIRECTION('',(0.,0.,-1.));
#6232=DIRECTION('',(-1.,0.,0.));
#6233=DIRECTION('',(-0.707106781186548,0.,0.707106781186547));
#6234=DIRECTION('',(0.707106781186547,0.,0.707106781186548));
#6235=DIRECTION('',(0.,-1.,0.));
#6236=DIRECTION('',(0.707106781186547,0.,-0.707106781186548));
#6237=DIRECTION('',(0.,1.,0.));
#6238=DIRECTION('',(-0.707106781186548,0.,-0.707106781186547));
#6239=DIRECTION('',(0.,0.,-1.));
#6240=DIRECTION('',(-1.,0.,0.));
#6241=DIRECTION('',(0.707106781186548,0.,-0.707106781186547));
#6242=DIRECTION('',(0.,0.,-1.));
#6243=DIRECTION('',(-1.,0.,0.));
#6244=DIRECTION('',(0.707106781186547,0.,0.707106781186548));
#6245=DIRECTION('',(0.,-1.,0.));
#6246=DIRECTION('',(0.707106781186548,0.,-0.707106781186548));
#6247=DIRECTION('',(0.,1.,0.));
#6248=DIRECTION('',(0.678598344545843,-0.28108463771484,0.678598344545843));
#6249=DIRECTION('',(0.566648920140844,-0.598178905183416,0.566648920140844));
#6250=DIRECTION('',(-0.429766251884755,0.37218849182142,0.82266438800803));
#6251=DIRECTION('',(-0.654653670707977,-0.755928946018454,0.));
#6252=DIRECTION('',(0.202803010333589,-0.84802901144343,0.489609778037482));
#6253=DIRECTION('',(-5.3376106953133E-17,-0.5,-0.866025403784436));
#6254=DIRECTION('',(1.,-1.06752213906265E-16,0.));
#6255=DIRECTION('',(0.202803010333643,0.848029011443421,-0.489609778037477));
#6256=DIRECTION('',(-0.429766251884737,-0.372188491821406,-0.822664388008046));
#6257=DIRECTION('',(0.654653670707978,-0.755928946018454,0.));
#6258=DIRECTION('',(-0.566648920140819,-0.598178905183464,0.566648920140819));
#6259=DIRECTION('',(0.707106781186548,0.,0.707106781186548));
#6260=DIRECTION('',(0.,-1.,0.));
#6261=DIRECTION('',(-0.678598344545848,-0.281084637714816,0.678598344545848));
#6262=DIRECTION('',(0.,0.,-1.));
#6263=DIRECTION('',(1.,0.,0.));
#6264=DIRECTION('',(0.,-1.,0.));
#6265=DIRECTION('',(0.,0.,-1.));
#6266=DIRECTION('',(-1.,0.,0.));
#6267=DIRECTION('',(0.,0.,-1.));
#6268=DIRECTION('',(1.,0.,0.));
#6269=DIRECTION('',(0.,-1.,0.));
#6270=DIRECTION('',(0.,0.,-1.));
#6271=DIRECTION('',(-1.,0.,0.));
#6272=DIRECTION('',(0.,0.,-1.));
#6273=DIRECTION('',(1.,0.,0.));
#6274=DIRECTION('',(0.,-1.,0.));
#6275=DIRECTION('',(0.,0.,-1.));
#6276=DIRECTION('',(-1.,0.,0.));
#6277=DIRECTION('',(0.,0.,-1.));
#6278=DIRECTION('',(1.,0.,0.));
#6279=DIRECTION('',(0.,-1.,0.));
#6280=DIRECTION('',(0.,0.,-1.));
#6281=DIRECTION('',(-1.,0.,0.));
#6282=DIRECTION('',(0.,0.,-1.));
#6283=DIRECTION('',(1.,0.,0.));
#6284=DIRECTION('',(1.,0.,0.));
#6285=DIRECTION('',(0.,0.,-1.));
#6286=DIRECTION('',(0.,0.,1.));
#6287=DIRECTION('',(-1.,-2.11551643412532E-16,0.));
#6288=DIRECTION('',(-2.11551643412532E-16,1.,0.));
#6289=DIRECTION('',(0.,0.,1.));
#6290=DIRECTION('',(0.,-1.,0.));
#6291=DIRECTION('',(-1.,0.,0.));
#6292=DIRECTION('',(-1.,0.,0.));
#6293=DIRECTION('',(0.,0.,1.));
#6294=DIRECTION('',(0.,-1.,0.));
#6295=DIRECTION('',(-1.,0.,0.));
#6296=DIRECTION('',(0.,0.,1.));
#6297=DIRECTION('',(0.,1.,0.));
#6298=DIRECTION('',(0.707106781186547,0.,-0.707106781186548));
#6299=DIRECTION('',(0.,-1.,0.));
#6300=DIRECTION('',(0.707106781186546,0.,0.707106781186549));
#6301=DIRECTION('',(0.,1.,0.));
#6302=DIRECTION('',(0.70710678118655,0.707106781186545,0.));
#6303=DIRECTION('',(0.,0.,1.));
#6304=DIRECTION('',(-0.678598344545845,0.678598344545849,-0.281084637714821));
#6305=DIRECTION('',(0.70710678118655,0.5,-0.5));
#6306=DIRECTION('',(0.,0.707106781186548,0.707106781186547));
#6307=DIRECTION('',(-0.707106781186547,0.707106781186548,0.));
#6308=DIRECTION('',(0.,0.,1.));
#6309=DIRECTION('',(-0.678598344545847,-0.678598344545846,0.281084637714822));
#6310=DIRECTION('',(-0.707106781186548,0.5,-0.5));
#6311=DIRECTION('',(0.,0.707106781186548,0.707106781186548));
#6312=DIRECTION('',(-0.707106781186559,-0.707106781186537,0.));
#6313=DIRECTION('',(0.,0.,-1.));
#6314=DIRECTION('',(0.678598344545837,-0.678598344545858,0.281084637714817));
#6315=DIRECTION('',(0.707106781186556,0.499999999999994,-0.499999999999994));
#6316=DIRECTION('',(0.,0.707106781186548,0.707106781186548));
#6317=DIRECTION('',(0.707106781186547,-0.707106781186548,0.));
#6318=DIRECTION('',(0.,0.,-1.));
#6319=DIRECTION('',(0.678598344545848,0.678598344545848,-0.281084637714817));
#6320=DIRECTION('',(-0.707106781186546,0.5,-0.5));
#6321=DIRECTION('',(0.,0.707106781186548,0.707106781186548));
#6322=DIRECTION('',(0.,0.,1.));
#6323=DIRECTION('',(1.,0.,0.));
#6324=DIRECTION('',(0.,0.,1.));
#6325=DIRECTION('',(1.,0.,0.));
#6326=DIRECTION('',(0.,0.,1.));
#6327=DIRECTION('',(1.,0.,0.));
#6328=DIRECTION('',(-1.,0.,0.));
#6329=DIRECTION('',(0.,0.,1.));
#6330=DIRECTION('',(1.19636101791504E-16,1.,0.));
#6331=DIRECTION('',(0.,0.,-1.));
#6332=DIRECTION('',(0.,-1.,0.));
#6333=DIRECTION('',(0.,0.,-1.));
#6334=DIRECTION('',(0.,-1.,0.));
#6335=DIRECTION('',(0.,0.,-1.));
#6336=DIRECTION('',(-0.707106781186548,0.,-0.707106781186548));
#6337=DIRECTION('',(0.,-1.,0.));
#6338=DIRECTION('',(-0.707106781186548,8.45954988514965E-17,0.707106781186548));
#6339=DIRECTION('',(0.707106781186548,0.,-0.707106781186548));
#6340=DIRECTION('',(0.,1.,0.));
#6341=DIRECTION('',(0.707106781186548,0.,0.707106781186548));
#6342=DIRECTION('',(0.707106781186548,0.,-0.707106781186548));
#6343=DIRECTION('',(0.,1.,0.));
#6344=DIRECTION('',(0.,0.,1.));
#6345=DIRECTION('',(1.,0.,0.));
#6346=DIRECTION('',(-0.707106781186546,-0.707106781186549,0.));
#6347=DIRECTION('',(-1.,1.19636101791504E-16,0.));
#6348=DIRECTION('',(-0.707106781186548,0.707106781186547,0.));
#6349=DIRECTION('',(0.,1.,0.));
#6350=DIRECTION('',(0.707106781186546,0.707106781186549,0.));
#6351=DIRECTION('',(1.,0.,0.));
#6352=DIRECTION('',(0.707106781186548,-0.707106781186547,0.));
#6353=DIRECTION('',(0.,-1.,0.));
#6354=DIRECTION('',(0.,0.,-1.));
#6355=DIRECTION('',(1.,0.,0.));
#6356=DIRECTION('',(0.,-1.,0.));
#6357=DIRECTION('',(0.,0.,-1.));
#6358=DIRECTION('',(1.,0.,0.));
#6359=DIRECTION('',(0.,0.,-1.));
#6360=DIRECTION('',(1.,0.,0.));
#6361=DIRECTION('',(0.,0.,-1.));
#6362=DIRECTION('',(1.,0.,0.));
#6363=DIRECTION('',(0.,0.,-1.));
#6364=DIRECTION('',(1.,0.,0.));
#6365=DIRECTION('',(1.,0.,0.));
#6366=DIRECTION('',(0.,0.,-1.));
#6367=DIRECTION('',(0.,0.,-1.));
#6368=DIRECTION('',(0.,0.,-1.));
#6369=DIRECTION('',(0.,1.,0.));
#6370=DIRECTION('',(0.,0.,-1.));
#6371=DIRECTION('',(0.,1.,0.));
#6372=DIRECTION('',(0.,0.,1.));
#6373=DIRECTION('',(0.,1.,0.));
#6374=DIRECTION('',(1.19636101791504E-16,1.,0.));
#6375=DIRECTION('',(1.,-1.19636101791504E-16,0.));
#6376=DIRECTION('',(0.,0.,-1.));
#6377=DIRECTION('',(1.,0.,0.));
#6378=DIRECTION('',(0.707106781186548,-8.45954988514965E-17,-0.707106781186548));
#6379=DIRECTION('',(-1.,1.19636101791504E-16,0.));
#6380=DIRECTION('',(0.,0.,1.));
#6381=DIRECTION('',(1.,-1.19636101791504E-16,0.));
#6382=DIRECTION('',(1.,0.,0.));
#6383=DIRECTION('',(0.,0.,-1.));
#6384=DIRECTION('',(0.,0.,-1.));
#6385=DIRECTION('',(0.,1.,0.));
#6386=DIRECTION('',(0.,0.,1.));
#6387=DIRECTION('',(0.,-1.,0.));
#6388=DIRECTION('',(0.,0.,-1.));
#6389=DIRECTION('',(-1.,0.,0.));
#6390=DIRECTION('',(0.,0.,-1.));
#6391=DIRECTION('',(1.,0.,0.));
#6392=DIRECTION('',(0.,0.,-1.));
#6393=DIRECTION('',(1.,0.,0.));
#6394=DIRECTION('',(0.,-1.,0.));
#6395=DIRECTION('',(0.,0.,1.));
#6396=DIRECTION('',(0.,0.,-1.));
#6397=DIRECTION('',(1.,0.,0.));
#6398=DIRECTION('',(-1.,0.,0.));
#6399=DIRECTION('',(0.,0.,1.));
#6400=DIRECTION('',(-1.,0.,0.));
#6401=DIRECTION('',(0.,0.,-1.));
#6402=DIRECTION('',(-1.,0.,0.));
#6403=DIRECTION('',(0.,0.,-1.));
#6404=DIRECTION('',(1.,0.,0.));
#6405=DIRECTION('',(0.,0.,-1.));
#6406=DIRECTION('',(1.,0.,0.));
#6407=DIRECTION('',(0.,0.,1.));
#6408=DIRECTION('',(1.,0.,0.));
#6409=DIRECTION('',(-1.,1.19636101791504E-16,0.));
#6410=DIRECTION('',(0.,0.,1.));
#6411=DIRECTION('',(-1.,0.,0.));
#6412=DIRECTION('',(0.707106781186546,0.707106781186549,0.));
#6413=DIRECTION('',(-0.707106781186548,0.707106781186547,0.));
#6414=DIRECTION('',(1.19636101791504E-16,1.,0.));
#6415=DIRECTION('',(0.,0.,-1.));
#6416=DIRECTION('',(1.,0.,0.));
#6417=DIRECTION('',(0.,0.,-1.));
#6418=DIRECTION('',(1.,0.,0.));
#6419=DIRECTION('',(0.,0.,1.));
#6420=DIRECTION('',(-1.,0.,0.));
#6421=DIRECTION('',(0.,0.,-1.));
#6422=DIRECTION('',(-1.,0.,0.));
#6423=DIRECTION('',(0.,0.,-1.));
#6424=DIRECTION('',(1.,0.,0.));
#6425=DIRECTION('',(0.,0.,1.));
#6426=DIRECTION('',(-1.,0.,0.));
#6427=DIRECTION('',(0.,0.,1.));
#6428=DIRECTION('',(1.,0.,0.));
#6429=DIRECTION('',(0.,0.,1.));
#6430=DIRECTION('',(-1.,0.,0.));
#6431=DIRECTION('',(0.,0.,-1.));
#6432=DIRECTION('',(-1.,0.,0.));
#6433=DIRECTION('',(0.,0.,-1.));
#6434=DIRECTION('',(-1.,0.,0.));
#6435=DIRECTION('',(0.,0.,-1.));
#6436=DIRECTION('',(1.,0.,0.));
#6437=DIRECTION('',(0.,0.,1.));
#6438=DIRECTION('',(-1.,0.,0.));
#6439=DIRECTION('',(0.,0.,1.));
#6440=DIRECTION('',(1.,0.,0.));
#6441=DIRECTION('',(0.,0.,1.));
#6442=DIRECTION('',(-1.,0.,0.));
#6443=DIRECTION('',(0.,0.,-1.));
#6444=DIRECTION('',(-1.,0.,0.));
#6445=DIRECTION('',(0.,0.,1.));
#6446=DIRECTION('',(1.,0.,0.));
#6447=DIRECTION('',(0.,0.,-1.));
#6448=DIRECTION('',(1.,0.,0.));
#6449=DIRECTION('',(0.,0.,-1.));
#6450=DIRECTION('',(-1.,0.,0.));
#6451=DIRECTION('',(0.,0.,-1.));
#6452=DIRECTION('',(1.,0.,0.));
#6453=DIRECTION('',(0.,0.,1.));
#6454=DIRECTION('',(1.,0.,0.));
#6455=DIRECTION('',(0.,0.,-1.));
#6456=DIRECTION('',(1.,0.,0.));
#6457=DIRECTION('',(0.,0.,-1.));
#6458=DIRECTION('',(-1.,0.,0.));
#6459=DIRECTION('',(0.,0.,-1.));
#6460=DIRECTION('',(1.,0.,0.));
#6461=DIRECTION('',(0.,0.,1.));
#6462=DIRECTION('',(1.,0.,0.));
#6463=DIRECTION('',(0.,0.,1.));
#6464=DIRECTION('',(1.,0.,0.));
#6465=DIRECTION('',(-0.707106781186547,-0.707106781186548,0.));
#6466=DIRECTION('',(0.,0.,-1.));
#6467=DIRECTION('',(-0.707106781186548,0.707106781186547,0.));
#6468=DIRECTION('',(-0.707106781186549,0.707106781186546,0.));
#6469=DIRECTION('',(0.,0.,-1.));
#6470=DIRECTION('',(0.707106781186546,0.707106781186549,0.));
#6471=DIRECTION('',(0.,0.,-1.));
#6472=DIRECTION('',(-1.,0.,0.));
#6473=DIRECTION('',(0.,0.,-1.));
#6474=DIRECTION('',(1.,0.,0.));
#6475=DIRECTION('',(0.,0.,1.));
#6476=DIRECTION('',(1.,0.,0.));
#6477=DIRECTION('',(-0.707106781186548,0.707106781186547,0.));
#6478=DIRECTION('',(0.707106781186546,0.707106781186549,0.));
#6479=DIRECTION('',(0.,0.,-1.));
#6480=DIRECTION('',(-1.,0.,0.));
#6481=DIRECTION('',(0.,0.,-1.));
#6482=DIRECTION('',(1.,0.,0.));
#6483=DIRECTION('',(0.,0.,-1.));
#6484=DIRECTION('',(1.,0.,0.));
#6485=DIRECTION('',(0.,0.,-1.));
#6486=DIRECTION('',(-1.,0.,0.));
#6487=DIRECTION('',(-0.707106781186549,0.707106781186546,0.));
#6488=DIRECTION('',(0.,0.,1.));
#6489=DIRECTION('',(0.707106781186546,0.707106781186549,0.));
#6490=DIRECTION('',(-0.707106781186547,-0.707106781186548,0.));
#6491=DIRECTION('',(0.,0.,1.));
#6492=DIRECTION('',(-0.707106781186548,0.707106781186547,0.));
#6493=DIRECTION('',(-0.5,0.5,0.707106781186547));
#6494=DIRECTION('',(0.707106781186546,0.707106781186549,0.));
#6495=DIRECTION('',(0.678598344545848,-0.281084637714818,0.678598344545847));
#6496=DIRECTION('',(0.281084637714817,-0.678598344545849,0.678598344545846));
#6497=DIRECTION('',(0.,-0.707106781186546,-0.707106781186549));
#6498=DIRECTION('',(-1.,0.,0.));
#6499=DIRECTION('',(0.281084637714811,0.67859834454585,-0.678598344545847));
#6500=DIRECTION('',(0.707106781186547,0.,-0.707106781186548));
#6501=DIRECTION('',(0.,-1.,0.));
#6502=DIRECTION('',(0.678598344545846,0.281084637714827,0.678598344545845));
#6503=DIRECTION('',(-0.5,-0.5,-0.707106781186545));
#6504=DIRECTION('',(-0.707106781186548,0.707106781186547,0.));
#6505=DIRECTION('',(-0.678598344545848,-0.281084637714815,0.678598344545848));
#6506=DIRECTION('',(-0.5,-0.5,0.70710678118655));
#6507=DIRECTION('',(-0.707106781186548,0.707106781186547,0.));
#6508=DIRECTION('',(0.281084637714824,0.678598344545848,0.678598344545845));
#6509=DIRECTION('',(0.707106781186548,0.,0.707106781186548));
#6510=DIRECTION('',(0.,1.,0.));
#6511=DIRECTION('',(8.45954988514963E-17,0.707106781186546,-0.707106781186549));
#6512=DIRECTION('',(1.,-1.19636101791504E-16,0.));
#6513=DIRECTION('',(0.281084637714812,-0.67859834454585,-0.678598344545847));
#6514=DIRECTION('',(0.,0.,-1.));
#6515=DIRECTION('',(-1.,0.,0.));
#6516=DIRECTION('',(-0.5,0.5,-0.707106781186545));
#6517=DIRECTION('',(0.707106781186546,0.707106781186549,0.));
#6518=DIRECTION('',(-0.678598344545848,0.281084637714815,0.678598344545848));
#6519=DIRECTION('',(0.707106781186548,0.,0.707106781186548));
#6520=DIRECTION('',(0.,1.,0.));
#6521=DIRECTION('',(0.,0.,-1.));
#6522=DIRECTION('',(-1.,0.,0.));
#6523=DIRECTION('',(0.,0.,-1.));
#6524=DIRECTION('',(-1.,0.,0.));
#6525=DIRECTION('',(0.,0.,-1.));
#6526=DIRECTION('',(-1.,0.,0.));
#6527=DIRECTION('',(0.,0.,-1.));
#6528=DIRECTION('',(-1.,0.,0.));
#6529=DIRECTION('',(-0.707106781186548,8.45954988514965E-17,-0.707106781186548));
#6530=DIRECTION('',(-0.707106781186548,0.,0.707106781186548));
#6531=DIRECTION('',(0.707106781186548,-8.45954988514965E-17,-0.707106781186548));
#6532=DIRECTION('',(1.19636101791504E-16,1.,0.));
#6533=DIRECTION('',(1.,-1.19636101791504E-16,0.));
#6534=DIRECTION('',(0.,0.,1.));
#6535=DIRECTION('',(0.,-1.,0.));
#6536=DIRECTION('',(0.,1.,0.));
#6537=DIRECTION('',(1.,0.,0.));
#6538=DIRECTION('',(1.,0.,0.));
#6539=DIRECTION('',(0.,0.,1.));
#6540=DIRECTION('',(1.,0.,0.));
#6541=DIRECTION('',(0.,0.,-1.));
#6542=DIRECTION('',(0.,0.,-1.));
#6543=DIRECTION('',(-0.707106781186694,0.,-0.707106781186401));
#6544=DIRECTION('',(0.,0.,-1.));
#6545=DIRECTION('',(1.,0.,0.));
#6546=DIRECTION('',(0.,0.,-1.));
#6547=DIRECTION('',(-0.707106781186463,0.,0.707106781186632));
#6548=DIRECTION('',(0.,0.,-1.));
#6549=DIRECTION('',(0.,0.,-1.));
#6550=DIRECTION('',(1.,0.,0.));
#6551=DIRECTION('',(0.,0.,-1.));
#6552=DIRECTION('',(1.,0.,0.));
#6553=DIRECTION('',(0.,0.,-1.));
#6554=DIRECTION('',(0.,0.,-1.));
#6555=DIRECTION('',(1.,0.,0.));
#6556=DIRECTION('',(0.,0.,-1.));
#6557=DIRECTION('',(0.,0.,-1.));
#6558=DIRECTION('',(0.,-1.,0.));
#6559=DIRECTION('',(-1.,0.,0.));
#6560=DIRECTION('',(1.,0.,0.));
#6561=DIRECTION('',(0.,0.,-1.));
#6562=DIRECTION('',(1.,0.,0.));
#6563=DIRECTION('',(0.,0.,-1.));
#6564=DIRECTION('',(0.,0.,-1.));
#6565=DIRECTION('',(-1.,0.,0.));
#6566=DIRECTION('',(0.,0.,1.));
#6567=DIRECTION('',(0.,0.,-1.));
#6568=DIRECTION('',(1.,0.,0.));
#6569=DIRECTION('',(0.,0.,1.));
#6570=DIRECTION('',(0.,1.,0.));
#6571=DIRECTION('',(1.,0.,0.));
#6572=DIRECTION('',(-0.707106781186685,0.,-0.70710678118641));
#6573=DIRECTION('',(0.,0.,-1.));
#6574=DIRECTION('',(0.,0.,-1.));
#6575=DIRECTION('',(1.,0.,0.));
#6576=DIRECTION('',(0.,0.,-1.));
#6577=DIRECTION('',(0.,0.,-1.));
#6578=DIRECTION('',(-0.707106781186784,0.,0.707106781186311));
#6579=DIRECTION('',(0.,0.,-1.));
#6580=DIRECTION('',(1.,0.,2.55643459617628E-16));
#6581=DIRECTION('',(0.,0.,1.));
#6582=DIRECTION('',(0.707106781186548,0.,-0.707106781186548));
#6583=DIRECTION('',(0.707106781186548,0.,0.707106781186548));
#6584=DIRECTION('',(0.,1.,0.));
#6585=DIRECTION('',(0.707106781186548,0.,-0.707106781186548));
#6586=DIRECTION('',(0.707106781186548,0.,0.707106781186548));
#6587=DIRECTION('',(0.,1.,6.37787694997295E-15));
#6588=DIRECTION('',(0.,1.,0.));
#6589=DIRECTION('',(-0.707106781186548,0.,-0.707106781186548));
#6590=DIRECTION('',(0.707106781186548,0.,-0.707106781186548));
#6591=DIRECTION('',(0.,1.,0.));
#6592=DIRECTION('',(0.,-1.,-4.99600361081371E-15));
#6593=DIRECTION('',(0.,1.,6.37787694997302E-15));
#6594=DIRECTION('',(-0.707106781186548,0.,-0.707106781186548));
#6595=DIRECTION('',(0.707106781186548,0.,-0.707106781186548));
#6596=DIRECTION('',(1.,0.,0.));
#6597=DIRECTION('',(0.,0.,1.));
#6598=DIRECTION('',(0.,1.,1.03345228356044E-15));
#6599=DIRECTION('',(0.,-2.13162820728028E-14,-1.));
#6600=DIRECTION('',(0.,0.,1.));
#6601=DIRECTION('',(0.,0.,1.));
#6602=DIRECTION('',(0.,-1.,0.));
#6603=DIRECTION('',(0.,-1.,0.));
#6604=DIRECTION('',(0.,0.,1.));
#6605=DIRECTION('',(0.,-1.,0.));
#6606=DIRECTION('',(9.88281726394827E-15,-1.68365798477569E-16,1.));
#6607=DIRECTION('',(1.,-5.32907051819727E-13,-9.99200722161988E-15));
#6608=DIRECTION('',(0.,1.,0.));
#6609=DIRECTION('',(0.,1.,0.));
#6610=DIRECTION('',(0.,0.,-1.));
#6611=DIRECTION('',(1.,0.,0.));
#6612=DIRECTION('',(0.,0.,1.));
#6613=DIRECTION('',(0.,0.,-1.));
#6614=DIRECTION('',(-1.,0.,0.));
#6615=DIRECTION('',(0.,0.,-1.));
#6616=DIRECTION('',(0.,0.,1.));
#6617=DIRECTION('',(0.,2.1316282072803E-14,-1.));
#6618=DIRECTION('',(-1.,0.,0.));
#6619=DIRECTION('',(0.,0.,-1.));
#6620=DIRECTION('',(0.,0.,-1.));
#6621=DIRECTION('',(0.,0.,-1.));
#6622=DIRECTION('',(0.,0.,1.));
#6623=DIRECTION('',(-0.707106781186503,-0.707106781186592,0.));
#6624=DIRECTION('',(0.,0.,-1.));
#6625=DIRECTION('',(0.707106781186565,-0.70710678118653,0.));
#6626=DIRECTION('',(1.,0.,0.));
#6627=DIRECTION('',(0.,0.,-1.));
#6628=DIRECTION('',(0.,-1.,0.));
#6629=DIRECTION('',(0.,1.,0.));
#6630=DIRECTION('',(-1.,-2.11551643412532E-16,0.));
#6631=DIRECTION('',(-2.11551643412532E-16,1.,0.));
#6632=DIRECTION('',(-2.11551643412532E-16,1.,0.));
#6633=DIRECTION('',(2.11551643412532E-16,-1.,0.));
#6634=DIRECTION('',(1.,0.,0.));
#6635=DIRECTION('',(0.,0.,-1.));
#6636=DIRECTION('',(0.,1.,0.));
#6637=DIRECTION('',(1.,0.,0.));
#6638=DIRECTION('',(0.,0.,-1.));
#6639=DIRECTION('',(0.,1.,0.));
#6640=DIRECTION('',(0.,0.,-1.));
#6641=DIRECTION('',(0.,1.,0.));
#6642=DIRECTION('',(0.,0.,1.));
#6643=DIRECTION('',(0.,-1.,0.));
#6644=DIRECTION('',(0.,0.,-1.));
#6645=DIRECTION('',(-1.,0.,0.));
#6646=DIRECTION('',(0.,1.,0.));
#6647=DIRECTION('',(-0.707106781196802,-0.707106781176293,0.));
#6648=DIRECTION('',(0.707106781196806,-0.707106781176289,0.));
#6649=DIRECTION('',(0.,0.,1.));
#6650=DIRECTION('',(0.,-1.,0.));
#6651=DIRECTION('',(0.,0.,-1.));
#6652=DIRECTION('',(-1.,0.,0.));
#6653=DIRECTION('',(0.,0.,-1.));
#6654=DIRECTION('',(-1.,0.,0.));
#6655=DIRECTION('',(0.707106781196802,0.707106781176293,0.));
#6656=DIRECTION('',(0.,1.,0.));
#6657=DIRECTION('',(-0.707106781196806,0.707106781176289,0.));
#6658=DIRECTION('',(0.707106781196805,0.70710678117629,0.));
#6659=DIRECTION('',(0.,1.,0.));
#6660=DIRECTION('',(-0.707106781196804,0.707106781176291,0.));
#6661=DIRECTION('',(0.,0.,1.));
#6662=DIRECTION('',(0.,-1.,0.));
#6663=DIRECTION('',(0.,0.,-1.));
#6664=DIRECTION('',(-1.,0.,0.));
#6665=DIRECTION('',(0.707106781196804,-0.707106781176291,0.));
#6666=DIRECTION('',(0.,1.,0.));
#6667=DIRECTION('',(-0.707106781196805,-0.70710678117629,0.));
#6668=DIRECTION('',(-1.,0.,0.));
#6669=DIRECTION('',(0.,0.,1.));
#6670=DIRECTION('',(0.,0.,1.));
#6671=DIRECTION('',(0.,0.,-1.));
#6672=DIRECTION('',(-1.,0.,0.));
#6673=DIRECTION('',(0.,0.,1.));
#6674=DIRECTION('',(0.,0.,-1.));
#6675=DIRECTION('',(0.,0.,1.));
#6676=DIRECTION('',(0.,0.,-1.));
#6677=DIRECTION('',(-1.,0.,0.));
#6678=DIRECTION('',(0.,0.,-1.));
#6679=DIRECTION('',(-1.,0.,0.));
#6680=DIRECTION('',(0.707106781176293,-0.707106781196802,0.));
#6681=DIRECTION('',(0.,0.,-1.));
#6682=DIRECTION('',(0.707106781176289,0.707106781196806,0.));
#6683=DIRECTION('',(0.,0.,-1.));
#6684=DIRECTION('',(0.707106781176291,0.707106781196804,0.));
#6685=DIRECTION('',(0.,0.,1.));
#6686=DIRECTION('',(0.70710678117629,-0.707106781196805,0.));
#6687=DIRECTION('',(0.,0.,1.));
#6688=DIRECTION('',(0.,0.,1.));
#6689=DIRECTION('',(1.,0.,0.));
#6690=DIRECTION('',(-1.,0.,0.));
#6691=DIRECTION('',(0.,0.,1.));
#6692=DIRECTION('',(1.19636101791504E-16,-1.,0.));
#6693=DIRECTION('',(0.,0.,-1.));
#6694=DIRECTION('',(0.,1.,0.));
#6695=DIRECTION('',(0.,0.,-1.));
#6696=DIRECTION('',(0.,1.,0.));
#6697=DIRECTION('',(0.,0.,-1.));
#6698=DIRECTION('',(-0.707106781186548,0.,-0.707106781186548));
#6699=DIRECTION('',(0.,1.,0.));
#6700=DIRECTION('',(-0.707106781186548,-8.45954988514965E-17,0.707106781186548));
#6701=DIRECTION('',(0.,-1.,0.));
#6702=DIRECTION('',(-0.707106781186548,0.,-0.707106781186548));
#6703=DIRECTION('',(0.707106781186548,0.,-0.707106781186548));
#6704=DIRECTION('',(0.,-1.,0.));
#6705=DIRECTION('',(0.707106781186548,0.,-0.707106781186548));
#6706=DIRECTION('',(0.,0.,1.));
#6707=DIRECTION('',(1.,0.,0.));
#6708=DIRECTION('',(-0.707106781186546,0.707106781186549,0.));
#6709=DIRECTION('',(0.,1.,0.));
#6710=DIRECTION('',(0.,0.,1.));
#6711=DIRECTION('',(1.,0.,0.));
#6712=DIRECTION('',(0.,1.,0.));
#6713=DIRECTION('',(0.707106781186548,0.707106781186547,0.));
#6714=DIRECTION('',(1.,0.,0.));
#6715=DIRECTION('',(0.707106781186546,-0.707106781186549,0.));
#6716=DIRECTION('',(0.,-1.,0.));
#6717=DIRECTION('',(-0.707106781186548,-0.707106781186547,0.));
#6718=DIRECTION('',(-1.,-1.19636101791504E-16,0.));
#6719=DIRECTION('',(0.,0.,1.));
#6720=DIRECTION('',(1.,0.,0.));
#6721=DIRECTION('',(0.,0.,1.));
#6722=DIRECTION('',(1.,0.,0.));
#6723=DIRECTION('',(0.,0.,1.));
#6724=DIRECTION('',(1.,0.,0.));
#6725=DIRECTION('',(0.,0.,1.));
#6726=DIRECTION('',(1.,0.,0.));
#6727=DIRECTION('',(1.,0.,0.));
#6728=DIRECTION('',(0.,0.,-1.));
#6729=DIRECTION('',(0.,0.,-1.));
#6730=DIRECTION('',(0.,-1.,0.));
#6731=DIRECTION('',(0.,0.,1.));
#6732=DIRECTION('',(0.,-1.,0.));
#6733=DIRECTION('',(0.,0.,-1.));
#6734=DIRECTION('',(0.,-1.,0.));
#6735=DIRECTION('',(0.,0.,-1.));
#6736=DIRECTION('',(1.19636101791504E-16,-1.,0.));
#6737=DIRECTION('',(1.,1.19636101791504E-16,0.));
#6738=DIRECTION('',(0.,0.,-1.));
#6739=DIRECTION('',(1.,1.19636101791504E-16,0.));
#6740=DIRECTION('',(0.,0.,1.));
#6741=DIRECTION('',(-1.,-1.19636101791504E-16,0.));
#6742=DIRECTION('',(0.707106781186548,8.45954988514965E-17,-0.707106781186548));
#6743=DIRECTION('',(1.,0.,0.));
#6744=DIRECTION('',(1.,0.,0.));
#6745=DIRECTION('',(0.,0.,-1.));
#6746=DIRECTION('',(0.,0.,-1.));
#6747=DIRECTION('',(0.,1.,0.));
#6748=DIRECTION('',(0.,0.,1.));
#6749=DIRECTION('',(0.,-1.,0.));
#6750=DIRECTION('',(0.,0.,-1.));
#6751=DIRECTION('',(-1.,0.,0.));
#6752=DIRECTION('',(0.,0.,1.));
#6753=DIRECTION('',(1.,0.,0.));
#6754=DIRECTION('',(0.,0.,1.));
#6755=DIRECTION('',(1.,0.,0.));
#6756=DIRECTION('',(0.,1.,0.));
#6757=DIRECTION('',(0.,0.,1.));
#6758=DIRECTION('',(0.,0.,-1.));
#6759=DIRECTION('',(-1.,0.,0.));
#6760=DIRECTION('',(0.,0.,1.));
#6761=DIRECTION('',(-1.,0.,0.));
#6762=DIRECTION('',(1.,0.,0.));
#6763=DIRECTION('',(0.,0.,-1.));
#6764=DIRECTION('',(-1.,0.,0.));
#6765=DIRECTION('',(0.,0.,1.));
#6766=DIRECTION('',(1.,0.,0.));
#6767=DIRECTION('',(0.,0.,1.));
#6768=DIRECTION('',(1.,0.,0.));
#6769=DIRECTION('',(0.,0.,1.));
#6770=DIRECTION('',(1.,0.,0.));
#6771=DIRECTION('',(-1.,-1.19636101791504E-16,0.));
#6772=DIRECTION('',(1.19636101791504E-16,-1.,0.));
#6773=DIRECTION('',(-0.707106781186548,-0.707106781186547,0.));
#6774=DIRECTION('',(0.707106781186546,-0.707106781186549,0.));
#6775=DIRECTION('',(0.,0.,-1.));
#6776=DIRECTION('',(-1.,0.,0.));
#6777=DIRECTION('',(0.,0.,1.));
#6778=DIRECTION('',(1.,0.,0.));
#6779=DIRECTION('',(0.,0.,1.));
#6780=DIRECTION('',(1.,0.,0.));
#6781=DIRECTION('',(0.,0.,-1.));
#6782=DIRECTION('',(-1.,0.,0.));
#6783=DIRECTION('',(0.,0.,-1.));
#6784=DIRECTION('',(-1.,0.,0.));
#6785=DIRECTION('',(0.,0.,1.));
#6786=DIRECTION('',(1.,0.,0.));
#6787=DIRECTION('',(0.,0.,-1.));
#6788=DIRECTION('',(-1.,0.,0.));
#6789=DIRECTION('',(0.,0.,1.));
#6790=DIRECTION('',(1.,0.,0.));
#6791=DIRECTION('',(0.,0.,-1.));
#6792=DIRECTION('',(-1.,0.,0.));
#6793=DIRECTION('',(0.,0.,-1.));
#6794=DIRECTION('',(-1.,0.,0.));
#6795=DIRECTION('',(0.,0.,-1.));
#6796=DIRECTION('',(-1.,0.,0.));
#6797=DIRECTION('',(0.,0.,1.));
#6798=DIRECTION('',(1.,0.,0.));
#6799=DIRECTION('',(0.,0.,-1.));
#6800=DIRECTION('',(-1.,0.,0.));
#6801=DIRECTION('',(0.,0.,1.));
#6802=DIRECTION('',(1.,0.,0.));
#6803=DIRECTION('',(0.,0.,-1.));
#6804=DIRECTION('',(-1.,0.,0.));
#6805=DIRECTION('',(0.,0.,-1.));
#6806=DIRECTION('',(-1.,0.,0.));
#6807=DIRECTION('',(0.,0.,-1.));
#6808=DIRECTION('',(-1.,0.,0.));
#6809=DIRECTION('',(0.,0.,1.));
#6810=DIRECTION('',(1.,0.,0.));
#6811=DIRECTION('',(0.,0.,1.));
#6812=DIRECTION('',(1.,0.,0.));
#6813=DIRECTION('',(0.,0.,1.));
#6814=DIRECTION('',(1.,0.,0.));
#6815=DIRECTION('',(0.,0.,-1.));
#6816=DIRECTION('',(-1.,0.,0.));
#6817=DIRECTION('',(0.,0.,1.));
#6818=DIRECTION('',(1.,0.,0.));
#6819=DIRECTION('',(0.,0.,1.));
#6820=DIRECTION('',(1.,0.,0.));
#6821=DIRECTION('',(0.,0.,1.));
#6822=DIRECTION('',(1.,0.,0.));
#6823=DIRECTION('',(0.,0.,1.));
#6824=DIRECTION('',(1.,0.,0.));
#6825=DIRECTION('',(0.,0.,1.));
#6826=DIRECTION('',(1.,0.,0.));
#6827=DIRECTION('',(-0.707106781186547,0.707106781186548,0.));
#6828=DIRECTION('',(0.,0.,-1.));
#6829=DIRECTION('',(-0.707106781186548,-0.707106781186547,0.));
#6830=DIRECTION('',(-0.707106781186549,-0.707106781186546,0.));
#6831=DIRECTION('',(0.,0.,-1.));
#6832=DIRECTION('',(0.707106781186546,-0.707106781186549,0.));
#6833=DIRECTION('',(0.,0.,-1.));
#6834=DIRECTION('',(-1.,0.,0.));
#6835=DIRECTION('',(0.,0.,1.));
#6836=DIRECTION('',(1.,0.,0.));
#6837=DIRECTION('',(0.,0.,1.));
#6838=DIRECTION('',(1.,0.,0.));
#6839=DIRECTION('',(0.707106781186546,-0.707106781186549,0.));
#6840=DIRECTION('',(-0.707106781186548,-0.707106781186547,0.));
#6841=DIRECTION('',(0.,0.,-1.));
#6842=DIRECTION('',(-1.,0.,0.));
#6843=DIRECTION('',(0.,0.,1.));
#6844=DIRECTION('',(1.,0.,0.));
#6845=DIRECTION('',(0.,0.,1.));
#6846=DIRECTION('',(1.,0.,0.));
#6847=DIRECTION('',(0.,0.,-1.));
#6848=DIRECTION('',(-1.,0.,0.));
#6849=DIRECTION('',(-0.707106781186549,-0.707106781186546,0.));
#6850=DIRECTION('',(0.,0.,1.));
#6851=DIRECTION('',(0.707106781186546,-0.707106781186549,0.));
#6852=DIRECTION('',(-0.707106781186547,0.707106781186548,0.));
#6853=DIRECTION('',(0.,0.,1.));
#6854=DIRECTION('',(-0.707106781186548,-0.707106781186547,0.));
#6855=DIRECTION('',(-0.5,-0.5,0.707106781186547));
#6856=DIRECTION('',(0.707106781186546,-0.707106781186549,0.));
#6857=DIRECTION('',(0.678598344545848,0.281084637714818,0.678598344545847));
#6858=DIRECTION('',(0.281084637714817,0.678598344545849,0.678598344545846));
#6859=DIRECTION('',(0.,0.707106781186546,-0.707106781186549));
#6860=DIRECTION('',(-1.,0.,0.));
#6861=DIRECTION('',(0.281084637714811,-0.67859834454585,-0.678598344545847));
#6862=DIRECTION('',(0.707106781186547,0.,-0.707106781186548));
#6863=DIRECTION('',(0.,1.,0.));
#6864=DIRECTION('',(0.678598344545846,-0.281084637714827,0.678598344545845));
#6865=DIRECTION('',(-0.5,0.5,-0.707106781186545));
#6866=DIRECTION('',(-0.707106781186548,-0.707106781186547,0.));
#6867=DIRECTION('',(-0.678598344545848,0.281084637714815,0.678598344545848));
#6868=DIRECTION('',(-0.5,0.5,0.70710678118655));
#6869=DIRECTION('',(-0.707106781186548,-0.707106781186547,0.));
#6870=DIRECTION('',(0.281084637714824,-0.678598344545848,0.678598344545845));
#6871=DIRECTION('',(0.707106781186548,0.,0.707106781186548));
#6872=DIRECTION('',(0.,-1.,0.));
#6873=DIRECTION('',(8.45954988514963E-17,-0.707106781186546,-0.707106781186549));
#6874=DIRECTION('',(1.,1.19636101791504E-16,0.));
#6875=DIRECTION('',(0.281084637714812,0.67859834454585,-0.678598344545847));
#6876=DIRECTION('',(0.,0.,-1.));
#6877=DIRECTION('',(-1.,0.,0.));
#6878=DIRECTION('',(-0.5,-0.5,-0.707106781186545));
#6879=DIRECTION('',(0.707106781186546,-0.707106781186549,0.));
#6880=DIRECTION('',(-0.678598344545848,-0.281084637714815,0.678598344545848));
#6881=DIRECTION('',(0.707106781186548,0.,0.707106781186548));
#6882=DIRECTION('',(0.,-1.,0.));
#6883=DIRECTION('',(0.,0.,-1.));
#6884=DIRECTION('',(-1.,0.,0.));
#6885=DIRECTION('',(0.,0.,-1.));
#6886=DIRECTION('',(-1.,0.,0.));
#6887=DIRECTION('',(0.,0.,-1.));
#6888=DIRECTION('',(-1.,0.,0.));
#6889=DIRECTION('',(0.,0.,-1.));
#6890=DIRECTION('',(-1.,0.,0.));
#6891=DIRECTION('',(-0.707106781186548,-8.45954988514965E-17,-0.707106781186548));
#6892=DIRECTION('',(-0.707106781186548,0.,0.707106781186548));
#6893=DIRECTION('',(0.707106781186548,8.45954988514965E-17,-0.707106781186548));
#6894=DIRECTION('',(1.19636101791504E-16,-1.,0.));
#6895=DIRECTION('',(1.,1.19636101791504E-16,0.));
#6896=DIRECTION('',(0.,0.,1.));
#6897=DIRECTION('',(0.,-1.,0.));
#6898=CARTESIAN_POINT('',(0.,0.,0.));
#6899=CARTESIAN_POINT('',(2.77555756156289E-17,-0.0305,0.014));
#6900=CARTESIAN_POINT('',(0.085,-0.032,0.014));
#6901=CARTESIAN_POINT('',(0.085,-0.0035,0.014));
#6902=CARTESIAN_POINT('',(0.085,-0.045,0.014));
#6903=CARTESIAN_POINT('',(0.0560000000000014,0.0254999999999996,0.014));
#6904=CARTESIAN_POINT('',(0.0845,-0.003,0.014));
#6905=CARTESIAN_POINT('',(0.075,-0.003,0.014));
#6906=CARTESIAN_POINT('',(0.065,-0.003,0.014));
#6907=CARTESIAN_POINT('',(0.065,-0.0015,0.014));
#6908=CARTESIAN_POINT('',(0.065,-0.002,0.014));
#6909=CARTESIAN_POINT('',(0.063,-0.002,0.014));
#6910=CARTESIAN_POINT('',(0.063,0.,0.014));
#6911=CARTESIAN_POINT('',(0.0325,0.,0.014));
#6912=CARTESIAN_POINT('',(0.0315000000000005,0.,0.014));
#6913=CARTESIAN_POINT('',(0.0315000000000005,-0.0305,0.014));
#6914=CARTESIAN_POINT('',(0.0315000000000005,-0.002,0.014));
#6915=CARTESIAN_POINT('',(0.0325,-0.002,0.014));
#6916=CARTESIAN_POINT('',(0.062,-0.002,0.014));
#6917=CARTESIAN_POINT('',(0.062,-0.003,0.014));
#6918=CARTESIAN_POINT('',(0.063,-0.003,0.014));
#6919=CARTESIAN_POINT('',(0.063,-0.0015,0.014));
#6920=CARTESIAN_POINT('',(0.063,-0.004,0.014));
#6921=CARTESIAN_POINT('',(0.064,-0.004,0.014));
#6922=CARTESIAN_POINT('',(0.064,-0.005,0.014));
#6923=CARTESIAN_POINT('',(0.075,-0.005,0.014));
#6924=CARTESIAN_POINT('',(0.083,-0.005,0.014));
#6925=CARTESIAN_POINT('',(0.083,-0.032,0.014));
#6926=CARTESIAN_POINT('',(0.083,-0.045,0.014));
#6927=CARTESIAN_POINT('',(0.085,-0.045,0.014));
#6928=CARTESIAN_POINT('',(0.0325,-0.002,0.014));
#6929=CARTESIAN_POINT('',(0.0315000000000005,-0.002,0.014));
#6930=CARTESIAN_POINT('',(0.0275000000000006,-0.002,0.01));
#6931=CARTESIAN_POINT('',(0.0275000000000006,-0.002,0.190912960082904));
#6932=CARTESIAN_POINT('',(0.0275000000000006,-0.002,0.00599999999998929));
#6933=CARTESIAN_POINT('',(0.0325,-0.002,0.00599999999998928));
#6934=CARTESIAN_POINT('',(0.0280000000000006,-0.002,0.00599999999998928));
#6935=CARTESIAN_POINT('',(0.0280000000000006,-0.002,0.014));
#6936=CARTESIAN_POINT('',(0.0280000000000006,-0.002,0.003));
#6937=CARTESIAN_POINT('',(0.0325,-0.002,0.003));
#6938=CARTESIAN_POINT('',(0.062,-0.002,0.003));
#6939=CARTESIAN_POINT('',(0.062,-0.002,0.014));
#6940=CARTESIAN_POINT('',(0.0325,0.,0.014));
#6941=CARTESIAN_POINT('',(0.0325,0.,0.014));
#6942=CARTESIAN_POINT('',(-0.052,-1.3010426069826E-18,0.014));
#6943=CARTESIAN_POINT('',(-0.0315000000000005,0.,0.014));
#6944=CARTESIAN_POINT('',(0.000499999999999841,0.,-0.0180000000000002));
#6945=CARTESIAN_POINT('',(-0.0275000000000005,-3.46944695195361E-18,0.01));
#6946=CARTESIAN_POINT('',(-0.0275000000000005,-3.46944695195361E-18,0.190912960082904));
#6947=CARTESIAN_POINT('',(-0.0275000000000005,-3.46944695195361E-18,0.00599999999998929));
#6948=CARTESIAN_POINT('',(0.0260000000000335,-5.80091530366644E-14,0.00599999999998928));
#6949=CARTESIAN_POINT('',(-0.0225000000000005,-5.80091530366644E-14,0.00599999999998929));
#6950=CARTESIAN_POINT('',(-0.0225000000000005,-5.80091530366644E-14,0.0490605456227112));
#6951=CARTESIAN_POINT('',(-0.0225000000000005,-5.80091530366644E-14,1.38777878078145E-17));
#6952=CARTESIAN_POINT('',(0.0325,0.,0.));
#6953=CARTESIAN_POINT('',(-0.0478585715714571,0.,0.));
#6954=CARTESIAN_POINT('',(-0.0478585715714571,0.,0.014));
#6955=CARTESIAN_POINT('',(-0.0478585715714571,0.,0.007));
#6956=CARTESIAN_POINT('',(-0.0585615528128088,0.,0.007));
#6957=CARTESIAN_POINT('',(-0.0621414284285429,0.,0.007));
#6958=CARTESIAN_POINT('',(-0.0621414284285429,0.,0.));
#6959=CARTESIAN_POINT('',(-0.0621414284285429,0.,0.));
#6960=CARTESIAN_POINT('',(-0.0620615528128088,0.,0.));
#6961=CARTESIAN_POINT('',(-0.063,0.,0.));
#6962=CARTESIAN_POINT('',(-0.063,0.,0.014));
#6963=CARTESIAN_POINT('',(-0.063,0.,0.014));
#6964=CARTESIAN_POINT('',(-0.0620615528128088,0.,0.014));
#6965=CARTESIAN_POINT('',(-0.058,-2.16840434497101E-18,0.014));
#6966=CARTESIAN_POINT('',(-0.058,-2.16840434497101E-18,0.007));
#6967=CARTESIAN_POINT('',(-0.058,-2.16840434497101E-18,0.0072));
#6968=CARTESIAN_POINT('',(-0.055,-3.48699375003226E-18,0.0072));
#6969=CARTESIAN_POINT('',(-0.052,-1.3010426069826E-18,0.0072));
#6970=CARTESIAN_POINT('',(-0.052,-1.3010426069826E-18,0.007));
#6971=CARTESIAN_POINT('',(6.93889390390723E-18,-0.00919972500005887,0.00599999999998928));
#6972=CARTESIAN_POINT('',(-0.0245000000000005,-0.00820000000002987,0.00599999999998928));
#6973=CARTESIAN_POINT('',(-0.0232000000000005,-0.00820000000002987,0.00599999999998928));
#6974=CARTESIAN_POINT('',(0.0245000000000006,-0.00820000000002986,0.00599999999998928));
#6975=CARTESIAN_POINT('',(0.0258000000000006,-0.00820000000002986,0.00599999999998928));
#6976=CARTESIAN_POINT('',(0.0275000000000006,-0.00820000000002986,0.00599999999998929));
#6977=CARTESIAN_POINT('',(0.0275000000000006,6.93889390390723E-18,0.00599999999998929));
#6978=CARTESIAN_POINT('',(0.0260000000000335,-5.80091530366644E-14,0.00599999999998928));
#6979=CARTESIAN_POINT('',(0.0225000000000006,-5.80126224836164E-14,0.00599999999998928));
#6980=CARTESIAN_POINT('',(0.0225000000000006,-0.00820000000002985,0.00599999999998928));
#6981=CARTESIAN_POINT('',(0.0225000000000006,-0.0169000000000017,0.00599999999998928));
#6982=CARTESIAN_POINT('',(0.0240000000000006,-0.0169000000000017,0.00599999999998928));
#6983=CARTESIAN_POINT('',(-0.0225000000000005,-0.0169000000000017,0.00599999999998928));
#6984=CARTESIAN_POINT('',(-0.0225000000000005,-0.00820000000002986,0.00599999999998929));
#6985=CARTESIAN_POINT('',(-0.0275000000000005,-0.00820000000002987,0.00599999999998929));
#6986=CARTESIAN_POINT('',(-0.0275000000000005,-0.002,0.00599999999998929));
#6987=CARTESIAN_POINT('',(0.0325,-0.002,0.00599999999998928));
#6988=CARTESIAN_POINT('',(-0.0280000000000005,-0.002,0.00599999999998928));
#6989=CARTESIAN_POINT('',(-0.0280000000000005,-0.003,0.00599999999998928));
#6990=CARTESIAN_POINT('',(-0.0270000000000005,-0.003,0.00599999999998928));
#6991=CARTESIAN_POINT('',(-0.0270000000000005,-0.00820000000002987,0.00599999999998928));
#6992=CARTESIAN_POINT('',(-0.0270000000000005,-0.0174000000000597,0.00599999999998928));
#6993=CARTESIAN_POINT('',(-0.0260000000000005,-0.0174000000000597,0.00599999999998928));
#6994=CARTESIAN_POINT('',(-0.0260000000000005,-0.0184000000000598,0.00599999999998928));
#6995=CARTESIAN_POINT('',(6.93889390390723E-18,-0.0184000000000598,0.00599999999998928));
#6996=CARTESIAN_POINT('',(0.0260000000000006,-0.0184000000000597,0.00599999999998928));
#6997=CARTESIAN_POINT('',(0.0260000000000006,-0.0174000000000597,0.00599999999998928));
#6998=CARTESIAN_POINT('',(0.0270000000000006,-0.0174000000000597,0.00599999999998928));
#6999=CARTESIAN_POINT('',(0.0270000000000006,-0.00820000000002986,0.00599999999998928));
#7000=CARTESIAN_POINT('',(0.0270000000000006,-0.003,0.00599999999998928));
#7001=CARTESIAN_POINT('',(0.0280000000000006,-0.003,0.00599999999998928));
#7002=CARTESIAN_POINT('',(0.076,-0.0155592970465776,0.005));
#7003=CARTESIAN_POINT('',(0.076,-0.0141185940931552,0.0032));
#7004=CARTESIAN_POINT('',(0.076,-0.0141185940931552,0.0032));
#7005=CARTESIAN_POINT('',(0.076,-0.0141185940931552,0.003));
#7006=CARTESIAN_POINT('',(0.076,-0.0155592970465776,0.0032));
#7007=CARTESIAN_POINT('',(0.076,-0.017,0.0032));
#7008=CARTESIAN_POINT('',(0.076,-0.017,0.005));
#7009=CARTESIAN_POINT('',(0.076,-0.017,0.005));
#7010=CARTESIAN_POINT('',(0.076,-0.0155592970465776,0.005));
#7011=CARTESIAN_POINT('',(0.076,-0.012,0.005));
#7012=CARTESIAN_POINT('',(0.076,-0.012,0.005));
#7013=CARTESIAN_POINT('',(0.076,-0.012,0.0005));
#7014=CARTESIAN_POINT('',(0.076,-0.0155592970465776,0.0005));
#7015=CARTESIAN_POINT('',(0.076,-0.0141185940931552,0.0005));
#7016=CARTESIAN_POINT('',(0.076,-0.0141185940931552,0.003));
#7017=CARTESIAN_POINT('',(-0.076,-0.0484407029534224,0.005));
#7018=CARTESIAN_POINT('',(-0.076,-0.0498814059068448,0.0032));
#7019=CARTESIAN_POINT('',(-0.076,-0.0498814059068448,0.0032));
#7020=CARTESIAN_POINT('',(-0.076,-0.0498814059068448,0.003));
#7021=CARTESIAN_POINT('',(-0.076,-0.0484407029534224,0.0032));
#7022=CARTESIAN_POINT('',(-0.076,-0.047,0.0032));
#7023=CARTESIAN_POINT('',(-0.076,-0.047,0.005));
#7024=CARTESIAN_POINT('',(-0.076,-0.047,0.005));
#7025=CARTESIAN_POINT('',(-0.076,-0.0484407029534224,0.005));
#7026=CARTESIAN_POINT('',(-0.076,-0.052,0.005));
#7027=CARTESIAN_POINT('',(-0.076,-0.052,0.005));
#7028=CARTESIAN_POINT('',(-0.076,-0.052,0.0005));
#7029=CARTESIAN_POINT('',(-0.076,-0.0484407029534224,0.0005));
#7030=CARTESIAN_POINT('',(-0.076,-0.0498814059068448,0.0005));
#7031=CARTESIAN_POINT('',(-0.076,-0.0498814059068448,0.003));
#7032=CARTESIAN_POINT('',(-0.074,-0.0484407029534224,0.005));
#7033=CARTESIAN_POINT('',(-0.074,-0.0484407029534224,0.0032));
#7034=CARTESIAN_POINT('',(-0.074,-0.0498814059068448,0.0032));
#7035=CARTESIAN_POINT('',(-0.074,-0.047,0.0032));
#7036=CARTESIAN_POINT('',(-0.074,-0.0498814059068448,0.0032));
#7037=CARTESIAN_POINT('',(-0.074,-0.0498814059068448,0.003));
#7038=CARTESIAN_POINT('',(-0.074,-0.0498814059068448,0.003));
#7039=CARTESIAN_POINT('',(-0.074,-0.0498814059068448,0.0005));
#7040=CARTESIAN_POINT('',(-0.074,-0.0484407029534224,0.0005));
#7041=CARTESIAN_POINT('',(-0.074,-0.052,0.0005));
#7042=CARTESIAN_POINT('',(-0.074,-0.052,0.005));
#7043=CARTESIAN_POINT('',(-0.074,-0.052,0.005));
#7044=CARTESIAN_POINT('',(-0.074,-0.0484407029534224,0.005));
#7045=CARTESIAN_POINT('',(-0.074,-0.047,0.005));
#7046=CARTESIAN_POINT('',(-0.074,-0.047,0.005));
#7047=CARTESIAN_POINT('',(-0.074,-0.0155592970465776,0.005));
#7048=CARTESIAN_POINT('',(-0.074,-0.0141185940931552,0.0032));
#7049=CARTESIAN_POINT('',(-0.074,-0.0141185940931552,0.0032));
#7050=CARTESIAN_POINT('',(-0.074,-0.0141185940931552,0.003));
#7051=CARTESIAN_POINT('',(-0.074,-0.0155592970465776,0.0032));
#7052=CARTESIAN_POINT('',(-0.074,-0.017,0.0032));
#7053=CARTESIAN_POINT('',(-0.074,-0.017,0.005));
#7054=CARTESIAN_POINT('',(-0.074,-0.017,0.005));
#7055=CARTESIAN_POINT('',(-0.074,-0.0155592970465776,0.005));
#7056=CARTESIAN_POINT('',(-0.074,-0.012,0.005));
#7057=CARTESIAN_POINT('',(-0.074,-0.012,0.005));
#7058=CARTESIAN_POINT('',(-0.074,-0.012,0.0005));
#7059=CARTESIAN_POINT('',(-0.074,-0.0155592970465776,0.0005));
#7060=CARTESIAN_POINT('',(-0.074,-0.0141185940931552,0.0005));
#7061=CARTESIAN_POINT('',(-0.074,-0.0141185940931552,0.003));
#7062=CARTESIAN_POINT('',(-0.076,-0.0155592970465776,0.005));
#7063=CARTESIAN_POINT('',(-0.076,-0.0155592970465776,0.0032));
#7064=CARTESIAN_POINT('',(-0.076,-0.0141185940931552,0.0032));
#7065=CARTESIAN_POINT('',(-0.076,-0.017,0.0032));
#7066=CARTESIAN_POINT('',(-0.076,-0.0141185940931552,0.0032));
#7067=CARTESIAN_POINT('',(-0.076,-0.0141185940931552,0.003));
#7068=CARTESIAN_POINT('',(-0.076,-0.0141185940931552,0.003));
#7069=CARTESIAN_POINT('',(-0.076,-0.0141185940931552,0.0005));
#7070=CARTESIAN_POINT('',(-0.076,-0.0155592970465776,0.0005));
#7071=CARTESIAN_POINT('',(-0.076,-0.012,0.0005));
#7072=CARTESIAN_POINT('',(-0.076,-0.012,0.005));
#7073=CARTESIAN_POINT('',(-0.076,-0.012,0.005));
#7074=CARTESIAN_POINT('',(-0.076,-0.0155592970465776,0.005));
#7075=CARTESIAN_POINT('',(-0.076,-0.017,0.005));
#7076=CARTESIAN_POINT('',(-0.076,-0.017,0.005));
#7077=CARTESIAN_POINT('',(0.074,-0.0484407029534224,0.005));
#7078=CARTESIAN_POINT('',(0.074,-0.0498814059068448,0.0032));
#7079=CARTESIAN_POINT('',(0.074,-0.0498814059068448,0.0032));
#7080=CARTESIAN_POINT('',(0.074,-0.0498814059068448,0.003));
#7081=CARTESIAN_POINT('',(0.074,-0.0484407029534224,0.0032));
#7082=CARTESIAN_POINT('',(0.074,-0.047,0.0032));
#7083=CARTESIAN_POINT('',(0.074,-0.047,0.005));
#7084=CARTESIAN_POINT('',(0.074,-0.047,0.005));
#7085=CARTESIAN_POINT('',(0.074,-0.0484407029534224,0.005));
#7086=CARTESIAN_POINT('',(0.074,-0.052,0.005));
#7087=CARTESIAN_POINT('',(0.074,-0.052,0.005));
#7088=CARTESIAN_POINT('',(0.074,-0.052,0.0005));
#7089=CARTESIAN_POINT('',(0.074,-0.0484407029534224,0.0005));
#7090=CARTESIAN_POINT('',(0.074,-0.0498814059068448,0.0005));
#7091=CARTESIAN_POINT('',(0.074,-0.0498814059068448,0.003));
#7092=CARTESIAN_POINT('',(0.076,-0.0484407029534224,0.005));
#7093=CARTESIAN_POINT('',(0.076,-0.0484407029534224,0.0032));
#7094=CARTESIAN_POINT('',(0.076,-0.0498814059068448,0.0032));
#7095=CARTESIAN_POINT('',(0.076,-0.047,0.0032));
#7096=CARTESIAN_POINT('',(0.076,-0.0498814059068448,0.0032));
#7097=CARTESIAN_POINT('',(0.076,-0.0498814059068448,0.003));
#7098=CARTESIAN_POINT('',(0.076,-0.0498814059068448,0.003));
#7099=CARTESIAN_POINT('',(0.076,-0.0498814059068448,0.0005));
#7100=CARTESIAN_POINT('',(0.076,-0.0484407029534224,0.0005));
#7101=CARTESIAN_POINT('',(0.076,-0.052,0.0005));
#7102=CARTESIAN_POINT('',(0.076,-0.052,0.005));
#7103=CARTESIAN_POINT('',(0.076,-0.052,0.005));
#7104=CARTESIAN_POINT('',(0.076,-0.0484407029534224,0.005));
#7105=CARTESIAN_POINT('',(0.076,-0.047,0.005));
#7106=CARTESIAN_POINT('',(0.076,-0.047,0.005));
#7107=CARTESIAN_POINT('',(-0.075,-0.047,0.005));
#7108=CARTESIAN_POINT('',(-0.075,-0.047,0.0032));
#7109=CARTESIAN_POINT('',(-0.075,-0.047,0.005));
#7110=CARTESIAN_POINT('',(-0.075,-0.017,0.005));
#7111=CARTESIAN_POINT('',(-0.075,-0.017,0.0032));
#7112=CARTESIAN_POINT('',(-0.075,-0.017,0.005));
#7113=CARTESIAN_POINT('',(0.075,-0.047,0.005));
#7114=CARTESIAN_POINT('',(0.075,-0.047,0.0032));
#7115=CARTESIAN_POINT('',(0.075,-0.047,0.005));
#7116=CARTESIAN_POINT('',(-0.058,-0.004,0.007));
#7117=CARTESIAN_POINT('',(-0.058,-0.008,0.007));
#7118=CARTESIAN_POINT('',(-0.058,-0.008,0.0072));
#7119=CARTESIAN_POINT('',(-0.058,-0.008,0.014));
#7120=CARTESIAN_POINT('',(-0.058,-0.004,0.0072));
#7121=CARTESIAN_POINT('',(-0.058,-0.004,0.014));
#7122=CARTESIAN_POINT('',(-0.052,-0.004,0.007));
#7123=CARTESIAN_POINT('',(-0.052,-0.004,0.0072));
#7124=CARTESIAN_POINT('',(-0.052,-0.008,0.0072));
#7125=CARTESIAN_POINT('',(-0.052,-0.008,0.007));
#7126=CARTESIAN_POINT('',(-0.052,-0.008,0.014));
#7127=CARTESIAN_POINT('',(-0.052,-0.004,0.014));
#7128=CARTESIAN_POINT('',(-0.055,-0.008,0.007));
#7129=CARTESIAN_POINT('',(-0.055,-0.008,0.0072));
#7130=CARTESIAN_POINT('',(-0.055,-0.008,0.014));
#7131=CARTESIAN_POINT('',(0.075,-0.003,0.014));
#7132=CARTESIAN_POINT('',(0.0845,-0.003,0.014));
#7133=CARTESIAN_POINT('',(0.0845,-0.003,0.012));
#7134=CARTESIAN_POINT('',(0.083,-0.003,0.012));
#7135=CARTESIAN_POINT('',(0.081,-0.003,0.012));
#7136=CARTESIAN_POINT('',(0.081,-0.003,0.004));
#7137=CARTESIAN_POINT('',(0.081,-0.003,0.004));
#7138=CARTESIAN_POINT('',(0.065,-0.003,0.004));
#7139=CARTESIAN_POINT('',(0.065,-0.003,0.004));
#7140=CARTESIAN_POINT('',(0.065,-0.003,0.014));
#7141=CARTESIAN_POINT('',(2.77555756156289E-17,-0.007,0.));
#7142=CARTESIAN_POINT('',(0.081,-0.007,-1.44444745829043E-34));
#7143=CARTESIAN_POINT('',(0.081,-0.007,0.));
#7144=CARTESIAN_POINT('',(0.085,-0.007,0.));
#7145=CARTESIAN_POINT('',(0.065,-0.007,0.));
#7146=CARTESIAN_POINT('',(0.065,-0.007,0.));
#7147=CARTESIAN_POINT('',(2.77555756156289E-17,-0.0305,0.));
#7148=CARTESIAN_POINT('',(-0.075,-0.052,0.));
#7149=CARTESIAN_POINT('',(-0.0765,-0.052,0.));
#7150=CARTESIAN_POINT('',(-0.0735,-0.052,0.));
#7151=CARTESIAN_POINT('',(-0.0735,-0.0305,0.));
#7152=CARTESIAN_POINT('',(-0.0735,-0.0502175301086393,0.));
#7153=CARTESIAN_POINT('',(-0.075,-0.047,0.));
#7154=CARTESIAN_POINT('',(-0.0765,-0.0502175301086393,0.));
#7155=CARTESIAN_POINT('',(-0.0765,-0.0305,0.));
#7156=CARTESIAN_POINT('',(-0.075,-0.017,0.));
#7157=CARTESIAN_POINT('',(-0.0765,-0.0137824698913608,0.));
#7158=CARTESIAN_POINT('',(-0.0735,-0.0137824698913608,0.));
#7159=CARTESIAN_POINT('',(-0.0735,-0.0305,0.));
#7160=CARTESIAN_POINT('',(-0.0735,-0.012,0.));
#7161=CARTESIAN_POINT('',(-0.075,-0.012,0.));
#7162=CARTESIAN_POINT('',(-0.0765,-0.012,0.));
#7163=CARTESIAN_POINT('',(-0.0765,-0.0305,0.));
#7164=CARTESIAN_POINT('',(0.075,-0.052,0.));
#7165=CARTESIAN_POINT('',(0.0735,-0.052,0.));
#7166=CARTESIAN_POINT('',(0.0765,-0.052,0.));
#7167=CARTESIAN_POINT('',(0.0765,-0.0305,0.));
#7168=CARTESIAN_POINT('',(0.0765,-0.0502175301086392,0.));
#7169=CARTESIAN_POINT('',(0.075,-0.047,0.));
#7170=CARTESIAN_POINT('',(0.0735,-0.0502175301086392,0.));
#7171=CARTESIAN_POINT('',(0.0735,-0.0305,0.));
#7172=CARTESIAN_POINT('',(0.075,-0.017,0.));
#7173=CARTESIAN_POINT('',(0.0735,-0.0137824698913608,0.));
#7174=CARTESIAN_POINT('',(0.0765,-0.0137824698913608,0.));
#7175=CARTESIAN_POINT('',(0.0765,-0.0305,0.));
#7176=CARTESIAN_POINT('',(0.0765,-0.012,0.));
#7177=CARTESIAN_POINT('',(0.075,-0.012,0.));
#7178=CARTESIAN_POINT('',(0.0735,-0.012,0.));
#7179=CARTESIAN_POINT('',(0.0735,-0.0141185940931552,0.));
#7180=CARTESIAN_POINT('',(-0.0245000000000005,-0.00820000000002987,0.));
#7181=CARTESIAN_POINT('',(-0.0237000000000005,-0.00820000000002987,0.));
#7182=CARTESIAN_POINT('',(0.0245000000000006,-0.00820000000002986,0.));
#7183=CARTESIAN_POINT('',(0.0253000000000006,-0.00820000000002986,0.));
#7184=CARTESIAN_POINT('',(0.081,-0.007,0.));
#7185=CARTESIAN_POINT('',(0.083,-0.0098284271247462,0.));
#7186=CARTESIAN_POINT('',(0.083,-0.032,0.));
#7187=CARTESIAN_POINT('',(0.083,-0.015,-1.3010426069826E-18));
#7188=CARTESIAN_POINT('',(0.083,-0.015,-1.3010426069826E-18));
#7189=CARTESIAN_POINT('',(0.0845,-0.015,-1.3010426069826E-18));
#7190=CARTESIAN_POINT('',(0.0845,-0.0552264973081038,0.));
#7191=CARTESIAN_POINT('',(0.0845,-0.0552760261309605,0.));
#7192=CARTESIAN_POINT('',(0.0797387961250363,-0.0607737908087145,0.));
#7193=CARTESIAN_POINT('',(0.0797928932188135,-0.0607113248654052,0.));
#7194=CARTESIAN_POINT('',(-0.08,-0.0607113248654052,0.));
#7195=CARTESIAN_POINT('',(-0.0797928932188134,-0.0607113248654052,0.));
#7196=CARTESIAN_POINT('',(-0.0847387961250362,-0.0550002881168182,0.));
#7197=CARTESIAN_POINT('',(-0.0845,-0.0552760261309604,0.));
#7198=CARTESIAN_POINT('',(-0.0845,-0.0305,0.));
#7199=CARTESIAN_POINT('',(-0.0845,-0.015,-1.3010426069826E-18));
#7200=CARTESIAN_POINT('',(-0.083,-0.015,-1.3010426069826E-18));
#7201=CARTESIAN_POINT('',(-0.083,-0.015,-1.3010426069826E-18));
#7202=CARTESIAN_POINT('',(-0.083,-0.032,0.));
#7203=CARTESIAN_POINT('',(-0.083,-0.0098284271247462,0.));
#7204=CARTESIAN_POINT('',(-0.0865990908051596,-0.0149183101536152,-8.67361737988404E-19));
#7205=CARTESIAN_POINT('',(-0.081,-0.007,0.));
#7206=CARTESIAN_POINT('',(2.46981254892198E-17,-0.007,0.));
#7207=CARTESIAN_POINT('',(-0.065,-0.007,0.));
#7208=CARTESIAN_POINT('',(-0.065,-0.0015,0.));
#7209=CARTESIAN_POINT('',(-0.065,-0.002,0.));
#7210=CARTESIAN_POINT('',(-0.063,-0.002,0.));
#7211=CARTESIAN_POINT('',(-0.0621414284285429,-0.001,0.));
#7212=CARTESIAN_POINT('',(-0.0614272855856886,-0.0017,0.));
#7213=CARTESIAN_POINT('',(-0.055,-0.008,0.));
#7214=CARTESIAN_POINT('',(-0.0485727144143114,-0.0017,0.));
#7215=CARTESIAN_POINT('',(-0.0478585715714571,-0.001,0.));
#7216=CARTESIAN_POINT('',(-0.0225000000000005,-0.00820000000002986,1.38777878078145E-17));
#7217=CARTESIAN_POINT('',(-0.0225000000000005,-0.0169000000000017,6.93889390390723E-18));
#7218=CARTESIAN_POINT('',(0.0240000000000006,-0.0169000000000017,0.));
#7219=CARTESIAN_POINT('',(0.0225000000000006,-0.0169000000000017,0.));
#7220=CARTESIAN_POINT('',(0.0225000000000006,-0.00820000000002985,0.));
#7221=CARTESIAN_POINT('',(0.0225000000000006,-5.80056835897125E-14,0.));
#7222=CARTESIAN_POINT('',(0.0325,0.,0.));
#7223=CARTESIAN_POINT('',(0.063,0.,0.));
#7224=CARTESIAN_POINT('',(0.063,-0.002,0.));
#7225=CARTESIAN_POINT('',(0.065,-0.002,0.));
#7226=CARTESIAN_POINT('',(0.065,-0.0015,0.));
#7227=CARTESIAN_POINT('',(0.074,-0.0155592970465776,0.005));
#7228=CARTESIAN_POINT('',(0.074,-0.0155592970465776,0.0032));
#7229=CARTESIAN_POINT('',(0.074,-0.0141185940931552,0.0032));
#7230=CARTESIAN_POINT('',(0.074,-0.017,0.0032));
#7231=CARTESIAN_POINT('',(0.074,-0.0141185940931552,0.0032));
#7232=CARTESIAN_POINT('',(0.074,-0.0141185940931552,0.003));
#7233=CARTESIAN_POINT('',(0.074,-0.0141185940931552,0.003));
#7234=CARTESIAN_POINT('',(0.074,-0.0141185940931552,0.0005));
#7235=CARTESIAN_POINT('',(0.074,-0.012,0.0005));
#7236=CARTESIAN_POINT('',(0.074,-0.012,0.0005));
#7237=CARTESIAN_POINT('',(0.074,-0.012,0.005));
#7238=CARTESIAN_POINT('',(0.074,-0.012,0.005));
#7239=CARTESIAN_POINT('',(0.074,-0.0155592970465776,0.005));
#7240=CARTESIAN_POINT('',(0.074,-0.017,0.005));
#7241=CARTESIAN_POINT('',(0.074,-0.017,0.005));
#7242=CARTESIAN_POINT('',(0.0198499094499772,-0.0205401683913599,-0.0394904549176502));
#7243=CARTESIAN_POINT('',(0.0759546866594819,-0.0601311728595942,0.00930312443965458));
#7244=CARTESIAN_POINT('',(0.083,-0.0623528158298061,0.014));
#7245=CARTESIAN_POINT('',(0.0652846152298541,-0.0567665121216593,0.00218974348656937));
#7246=CARTESIAN_POINT('',(0.061903574302023,-0.0600339320855746,0.00218974348656937));
#7247=CARTESIAN_POINT('',(0.0620897378749045,-0.0598540245992204,0.00218974348656937));
#7248=CARTESIAN_POINT('',(0.0643081603806506,-0.0592679491924311,0.003));
#7249=CARTESIAN_POINT('',(0.0624172935644397,-0.0601339745962156,0.0025));
#7250=CARTESIAN_POINT('',(0.0245910474120545,-0.0444453316832066,-0.0246735266271368));
#7251=CARTESIAN_POINT('',(0.0791715728752538,-0.0670829037686548,0.0145358983848622));
#7252=CARTESIAN_POINT('',(0.087864972586369,-0.0563420580423926,0.0133190072929475));
#7253=CARTESIAN_POINT('',(-0.0198499094499773,-0.02054016839136,-0.0394904549176502));
#7254=CARTESIAN_POINT('',(-0.0643081603806507,-0.0592679491924311,0.003));
#7255=CARTESIAN_POINT('',(-0.0624172935644398,-0.0601339745962156,0.0025));
#7256=CARTESIAN_POINT('',(-0.0620897378749046,-0.0598540245992204,0.00218974348656936));
#7257=CARTESIAN_POINT('',(-0.065182293564174,-0.0568653952349727,0.00218974348656936));
#7258=CARTESIAN_POINT('',(-0.065284615229854,-0.0567665121216594,0.00218974348656936));
#7259=CARTESIAN_POINT('',(-0.0759546866594818,-0.0601311728595943,0.00930312443965455));
#7260=CARTESIAN_POINT('',(-0.083,-0.0623528158298061,0.014));
#7261=CARTESIAN_POINT('',(-0.083247881221825,-0.0620465542922565,0.0139653019002099));
#7262=CARTESIAN_POINT('',(-0.0791715728752538,-0.0670829037686547,0.0145358983848622));
#7263=CARTESIAN_POINT('',(-0.0245910474120546,-0.0444453316832066,-0.0246735266271369));
#7264=CARTESIAN_POINT('',(0.0325,-0.002,0.014));
#7265=CARTESIAN_POINT('',(-0.0275000000000005,-0.002,0.190912960082904));
#7266=CARTESIAN_POINT('',(-0.0275000000000005,-0.002,0.01));
#7267=CARTESIAN_POINT('',(-0.0275000000000005,-0.002,0.01));
#7268=CARTESIAN_POINT('',(-0.0315000000000005,-0.002,0.014));
#7269=CARTESIAN_POINT('',(0.0325,-0.002,0.014));
#7270=CARTESIAN_POINT('',(-0.043130617076111,-0.002,0.014));
#7271=CARTESIAN_POINT('',(-0.043130617076111,-0.002,0.014));
#7272=CARTESIAN_POINT('',(-0.0425276461219756,-0.002,0.013415412627919));
#7273=CARTESIAN_POINT('',(-0.0419259925240476,-0.002,0.0128294718786961));
#7274=CARTESIAN_POINT('',(-0.0413252056688226,-0.002,0.0122426406871193));
#7275=CARTESIAN_POINT('',(-0.0413252056688226,-0.002,0.0122426406871193));
#7276=CARTESIAN_POINT('',(-0.0413252056688226,-0.002,0.002));
#7277=CARTESIAN_POINT('',(-0.0413252056688226,-0.002,0.003));
#7278=CARTESIAN_POINT('',(0.0325,-0.002,0.003));
#7279=CARTESIAN_POINT('',(-0.0280000000000005,-0.002,0.003));
#7280=CARTESIAN_POINT('',(-0.0280000000000005,-0.002,0.00599999999998928));
#7281=CARTESIAN_POINT('',(2.4684533349794E-17,-0.0592679491924311,0.001));
#7282=CARTESIAN_POINT('',(2.45920832206409E-17,-0.0601339745962156,0.0025));
#7283=CARTESIAN_POINT('',(2.38502696472051E-17,-0.0670829037686548,0.0145358983848622));
#7284=CARTESIAN_POINT('',(0.0835857864376269,-0.0542573059361773,0.00114973842631219));
#7285=CARTESIAN_POINT('',(0.083,-0.0547646118723546,0.000856845207498732));
#7286=CARTESIAN_POINT('',(0.083,-0.0652395671757542,0.019));
#7287=CARTESIAN_POINT('',(0.0651228989462582,-0.0670829037686548,-0.0135614494731291));
#7288=CARTESIAN_POINT('',(0.0814036236828227,-0.0670829037686548,0.019));
#7289=CARTESIAN_POINT('',(0.0626201986803881,-0.0887721347315723,0.019));
#7290=CARTESIAN_POINT('',(-0.055,-0.008,0.014));
#7291=CARTESIAN_POINT('',(-0.066,-0.008,0.014));
#7292=CARTESIAN_POINT('',(-0.066,-0.008,0.011));
#7293=CARTESIAN_POINT('',(-0.066,-0.008,0.003));
#7294=CARTESIAN_POINT('',(-0.055,-0.008,0.003));
#7295=CARTESIAN_POINT('',(-0.0442555187397892,-0.00564285714285714,0.003));
#7296=CARTESIAN_POINT('',(-0.0442555187397892,-0.00564285714285714,0.014));
#7297=CARTESIAN_POINT('',(-0.0442555187397892,-0.00564285714285714,0.011));
#7298=CARTESIAN_POINT('',(-0.055,-0.008,0.011));
#7299=CARTESIAN_POINT('',(-0.083,-0.032,0.014));
#7300=CARTESIAN_POINT('',(-0.083,-0.0559524340458635,0.0029142135623731));
#7301=CARTESIAN_POINT('',(-0.083,-0.0652395671757542,0.019));
#7302=CARTESIAN_POINT('',(-0.083,-0.0690849037686547,0.014));
#7303=CARTESIAN_POINT('',(-0.083,-0.045,0.014));
#7304=CARTESIAN_POINT('',(-0.083,-0.045,0.014));
#7305=CARTESIAN_POINT('',(-0.083,-0.05,0.019));
#7306=CARTESIAN_POINT('',(-0.083,-0.032,0.019));
#7307=CARTESIAN_POINT('',(0.083,-0.032,0.014));
#7308=CARTESIAN_POINT('',(0.083,-0.0690849037686547,0.014));
#7309=CARTESIAN_POINT('',(0.083,-0.032,0.019));
#7310=CARTESIAN_POINT('',(0.083,-0.05,0.019));
#7311=CARTESIAN_POINT('',(0.083,-0.0385,0.0075));
#7312=CARTESIAN_POINT('',(2.77555756156289E-17,-0.0305,0.002));
#7313=CARTESIAN_POINT('',(-0.0614962982031179,-0.0596124934047398,0.002));
#7314=CARTESIAN_POINT('',(-0.064697224362268,-0.0565191353949818,0.002));
#7315=CARTESIAN_POINT('',(-0.0618528235644513,-0.0592679491924311,0.002));
#7316=CARTESIAN_POINT('',(2.4684533349794E-17,-0.0592679491924311,0.002));
#7317=CARTESIAN_POINT('',(0.0618528235644513,-0.0592679491924311,0.002));
#7318=CARTESIAN_POINT('',(0.0647750174652689,-0.0564439565541378,0.002));
#7319=CARTESIAN_POINT('',(0.0646972243622681,-0.0565191353949816,0.002));
#7320=CARTESIAN_POINT('',(0.0646972243622681,-0.005,0.002));
#7321=CARTESIAN_POINT('',(0.0646972243622681,-0.006,0.002));
#7322=CARTESIAN_POINT('',(2.77555756156289E-17,-0.006,0.002));
#7323=CARTESIAN_POINT('',(0.064,-0.006,0.002));
#7324=CARTESIAN_POINT('',(0.064,-0.004,0.002));
#7325=CARTESIAN_POINT('',(0.062,-0.004,0.002));
#7326=CARTESIAN_POINT('',(0.062,-0.0305,0.002));
#7327=CARTESIAN_POINT('',(0.062,-0.003,0.002));
#7328=CARTESIAN_POINT('',(2.77555756156289E-17,-0.003,0.002));
#7329=CARTESIAN_POINT('',(0.0280000000000006,-0.003,0.002));
#7330=CARTESIAN_POINT('',(0.0280000000000006,-0.0184000000000597,0.002));
#7331=CARTESIAN_POINT('',(0.0280000000000006,-0.0174000000000597,0.002));
#7332=CARTESIAN_POINT('',(0.0260000000000006,-0.0174000000000597,0.002));
#7333=CARTESIAN_POINT('',(0.0260000000000006,-0.0194000000000597,0.002));
#7334=CARTESIAN_POINT('',(2.63292474242779E-17,-0.0194000000000598,0.002));
#7335=CARTESIAN_POINT('',(-0.0260000000000005,-0.0194000000000598,0.002));
#7336=CARTESIAN_POINT('',(-0.0260000000000005,-0.0174000000000597,0.002));
#7337=CARTESIAN_POINT('',(-0.0280000000000005,-0.0174000000000597,0.002));
#7338=CARTESIAN_POINT('',(-0.0280000000000005,-0.0305,0.002));
#7339=CARTESIAN_POINT('',(-0.0280000000000005,-0.003,0.002));
#7340=CARTESIAN_POINT('',(2.77555756156289E-17,-0.003,0.002));
#7341=CARTESIAN_POINT('',(-0.0413252056688226,-0.003,0.002));
#7342=CARTESIAN_POINT('',(-0.0413252056688226,-0.005,0.002));
#7343=CARTESIAN_POINT('',(-0.0432787477161337,-0.00542857142857143,0.002));
#7344=CARTESIAN_POINT('',(-0.055,-0.008,0.002));
#7345=CARTESIAN_POINT('',(-0.0646972243622678,-0.0150685104277945,0.002));
#7346=CARTESIAN_POINT('',(-0.064697224362268,-0.0305,0.002));
#7347=CARTESIAN_POINT('',(-0.069,-0.008,0.014));
#7348=CARTESIAN_POINT('',(-0.069,-0.008,0.00466666666666668));
#7349=CARTESIAN_POINT('',(-0.0660382399747444,-0.00752253005037174,0.00269215998316295));
#7350=CARTESIAN_POINT('',(-0.069,-0.005,0.00466666666666668));
#7351=CARTESIAN_POINT('',(-0.0660382399747444,-0.00752253005037174,0.00269215998316295));
#7352=CARTESIAN_POINT('',(-0.0660125446861427,-0.0076819186750949,0.00279279086166506));
#7353=CARTESIAN_POINT('',(-0.066,-0.00784095719163912,0.0028964095254289));
#7354=CARTESIAN_POINT('',(-0.066,-0.008,0.003));
#7355=CARTESIAN_POINT('',(-0.069,-0.008,0.0122426406871193));
#7356=CARTESIAN_POINT('',(-0.069,-0.005,0.0122426406871193));
#7357=CARTESIAN_POINT('',(-0.069,-0.005,0.014));
#7358=CARTESIAN_POINT('',(-0.055,-0.008,0.014));
#7359=CARTESIAN_POINT('',(-0.055,-0.008,0.007));
#7360=CARTESIAN_POINT('',(-0.0614272855856886,-0.0017,0.007));
#7361=CARTESIAN_POINT('',(-0.0485727144143114,-0.0017,0.007));
#7362=CARTESIAN_POINT('',(-0.0485727144143114,-0.0017,0.014));
#7363=CARTESIAN_POINT('',(-0.0614272855856886,-0.0017,0.014));
#7364=CARTESIAN_POINT('',(0.0325,0.,0.014));
#7365=CARTESIAN_POINT('',(0.0275000000000006,6.93889390390723E-18,0.190912960082904));
#7366=CARTESIAN_POINT('',(0.0275000000000006,6.93889390390723E-18,0.01));
#7367=CARTESIAN_POINT('',(0.032,0.,0.0144999999999997));
#7368=CARTESIAN_POINT('',(0.063,0.,0.014));
#7369=CARTESIAN_POINT('',(0.0225000000000006,-5.80126224836164E-14,0.0490605456227112));
#7370=CARTESIAN_POINT('',(2.77555756156289E-17,-0.0305,0.014));
#7371=CARTESIAN_POINT('',(-0.075,-0.003,0.014));
#7372=CARTESIAN_POINT('',(-0.065,-0.003,0.014));
#7373=CARTESIAN_POINT('',(-0.0845,-0.003,0.014));
#7374=CARTESIAN_POINT('',(-0.056,0.0255,0.014));
#7375=CARTESIAN_POINT('',(-0.085,-0.0035,0.014));
#7376=CARTESIAN_POINT('',(-0.085,-0.032,0.014));
#7377=CARTESIAN_POINT('',(-0.085,-0.045,0.014));
#7378=CARTESIAN_POINT('',(-0.083,-0.045,0.014));
#7379=CARTESIAN_POINT('',(-0.083,-0.032,0.014));
#7380=CARTESIAN_POINT('',(-0.083,-0.005,0.014));
#7381=CARTESIAN_POINT('',(-0.075,-0.005,0.014));
#7382=CARTESIAN_POINT('',(-0.0672426406871193,-0.005,0.014));
#7383=CARTESIAN_POINT('',(-0.0672426406871193,-0.008,0.014));
#7384=CARTESIAN_POINT('',(-0.063,-0.008,0.014));
#7385=CARTESIAN_POINT('',(-0.055,-0.008,0.014));
#7386=CARTESIAN_POINT('',(-0.0473594988263795,-0.00562876786967111,0.014));
#7387=CARTESIAN_POINT('',(-0.0473594988263795,-0.00562876786967111,0.014));
#7388=CARTESIAN_POINT('',(-0.0475204601604136,-0.0051101238930375,0.014));
#7389=CARTESIAN_POINT('',(-0.0474029323263544,-0.00397175728811414,0.014));
#7390=CARTESIAN_POINT('',(-0.0462253266346422,-0.00277842799170016,0.014));
#7391=CARTESIAN_POINT('',(-0.0447387959881771,-0.00213880520631173,0.014));
#7392=CARTESIAN_POINT('',(-0.0436691567970511,-0.002,0.014));
#7393=CARTESIAN_POINT('',(-0.043130617076111,-0.002,0.014));
#7394=CARTESIAN_POINT('',(-0.0315000000000005,0.,0.014));
#7395=CARTESIAN_POINT('',(-0.063,-0.002,0.014));
#7396=CARTESIAN_POINT('',(-0.065,-0.002,0.014));
#7397=CARTESIAN_POINT('',(-0.065,-0.0015,0.014));
#7398=CARTESIAN_POINT('',(2.77555756156289E-17,-0.0345414518843274,0.019));
#7399=CARTESIAN_POINT('',(2.77555756156289E-17,-0.05,0.019));
#7400=CARTESIAN_POINT('',(0.085,-0.05,0.019));
#7401=CARTESIAN_POINT('',(2.38502696472051E-17,-0.0670829037686548,0.019));
#7402=CARTESIAN_POINT('',(-0.0814036236828227,-0.0670829037686547,0.019));
#7403=CARTESIAN_POINT('',(-0.062620198680388,-0.0887721347315723,0.019));
#7404=CARTESIAN_POINT('',(2.77555756156289E-17,-0.05,0.019));
#7405=CARTESIAN_POINT('',(-0.085,-0.05,0.019));
#7406=CARTESIAN_POINT('',(-0.085,-0.032,0.019));
#7407=CARTESIAN_POINT('',(-0.085,-0.0661961524227066,0.019));
#7408=CARTESIAN_POINT('',(-0.0642364427516715,-0.0901718431560199,0.019));
#7409=CARTESIAN_POINT('',(-0.0825,-0.0690829037686547,0.019));
#7410=CARTESIAN_POINT('',(2.36367652193926E-17,-0.0690829037686548,0.019));
#7411=CARTESIAN_POINT('',(0.0825,-0.0690829037686548,0.019));
#7412=CARTESIAN_POINT('',(0.0642364427516717,-0.0901718431560198,0.019));
#7413=CARTESIAN_POINT('',(0.085,-0.0661961524227066,0.019));
#7414=CARTESIAN_POINT('',(0.085,-0.032,0.019));
#7415=CARTESIAN_POINT('',(-0.065,-0.0015,0.014));
#7416=CARTESIAN_POINT('',(-0.065,-0.002,0.));
#7417=CARTESIAN_POINT('',(-0.065,-0.003,0.004));
#7418=CARTESIAN_POINT('',(-0.065,-0.003,0.004));
#7419=CARTESIAN_POINT('',(-0.065,-0.003,0.014));
#7420=CARTESIAN_POINT('',(-0.075,-0.003,0.014));
#7421=CARTESIAN_POINT('',(-0.083,-0.003,0.012));
#7422=CARTESIAN_POINT('',(-0.081,-0.003,0.012));
#7423=CARTESIAN_POINT('',(-0.0845,-0.003,0.012));
#7424=CARTESIAN_POINT('',(-0.0845,-0.003,0.014));
#7425=CARTESIAN_POINT('',(-0.075,-0.003,0.004));
#7426=CARTESIAN_POINT('',(-0.081,-0.003,0.004));
#7427=CARTESIAN_POINT('',(-0.081,-0.003,0.012));
#7428=CARTESIAN_POINT('',(-0.085,-0.032,0.014));
#7429=CARTESIAN_POINT('',(-0.085,-0.0035,0.014));
#7430=CARTESIAN_POINT('',(-0.085,-0.0035,0.0122071067811865));
#7431=CARTESIAN_POINT('',(-0.085,-0.0148535533905933,0.000853553390593272));
#7432=CARTESIAN_POINT('',(-0.085,-0.0152071067811866,0.0005));
#7433=CARTESIAN_POINT('',(-0.085,-0.032,0.0005));
#7434=CARTESIAN_POINT('',(-0.085,-0.0555151724426986,0.0005));
#7435=CARTESIAN_POINT('',(-0.085,-0.0647527767497326,0.0165));
#7436=CARTESIAN_POINT('',(-0.085,-0.0385,0.0075));
#7437=CARTESIAN_POINT('',(2.44996330914878E-17,-0.061,0.));
#7438=CARTESIAN_POINT('',(-0.08,-0.061,6.93375968647921E-19));
#7439=CARTESIAN_POINT('',(-0.08,-0.0690829037686547,0.014));
#7440=CARTESIAN_POINT('',(-0.08,-0.0611866130619788,0.000323223304703363));
#7441=CARTESIAN_POINT('',(-0.0318171572875236,-0.0415160498949221,-0.033747191514132));
#7442=CARTESIAN_POINT('',(-0.0798964466094067,-0.0611443375672974,0.00025));
#7443=CARTESIAN_POINT('',(0.08,-0.0611443375672974,0.00025));
#7444=CARTESIAN_POINT('',(0.0798964466094068,-0.0611443375672974,0.00025));
#7445=CARTESIAN_POINT('',(0.0318171572875268,-0.0415160498949218,-0.0337471915141325));
#7446=CARTESIAN_POINT('',(0.08,-0.0611866130619789,0.00032322330470336));
#7447=CARTESIAN_POINT('',(0.08,-0.061,-3.69800516612224E-18));
#7448=CARTESIAN_POINT('',(0.08,-0.0690829037686548,0.014));
#7449=CARTESIAN_POINT('',(2.36367652193926E-17,-0.0690829037686548,0.014));
#7450=CARTESIAN_POINT('',(0.085,-0.032,0.014));
#7451=CARTESIAN_POINT('',(0.085,-0.015,0.0005));
#7452=CARTESIAN_POINT('',(0.085,-0.0555151724426986,0.0005));
#7453=CARTESIAN_POINT('',(0.085,-0.0152071067811866,0.0005));
#7454=CARTESIAN_POINT('',(0.085,-0.00335355339059328,0.0123535533905933));
#7455=CARTESIAN_POINT('',(0.085,-0.0035,0.0122071067811866));
#7456=CARTESIAN_POINT('',(0.085,-0.0035,0.014));
#7457=CARTESIAN_POINT('',(0.085,-0.045,0.014));
#7458=CARTESIAN_POINT('',(0.085,-0.0554820508075689,0.000442631645125636));
#7459=CARTESIAN_POINT('',(0.065,-0.0015,0.014));
#7460=CARTESIAN_POINT('',(0.065,-0.002,0.014));
#7461=CARTESIAN_POINT('',(2.36367652193926E-17,-0.0690829037686548,0.019));
#7462=CARTESIAN_POINT('',(0.066,-0.0690829037686548,-0.014));
#7463=CARTESIAN_POINT('',(-0.066,-0.0690829037686547,-0.014));
#7464=CARTESIAN_POINT('',(0.085,-0.0554820508075689,0.00044263164512564));
#7465=CARTESIAN_POINT('',(0.0850923495156296,-0.0553064743346661,0.00032322330470336));
#7466=CARTESIAN_POINT('',(0.0848232233047034,-0.0556172345153145,0.00032322330470336));
#7467=CARTESIAN_POINT('',(0.0849836090414645,-0.0555246357670213,0.000483609041464469));
#7468=CARTESIAN_POINT('',(-0.08,-0.061,3.69800516612224E-18));
#7469=CARTESIAN_POINT('',(-0.0812857142857143,-0.0576596162996886,-0.00321428571428571));
#7470=CARTESIAN_POINT('',(-0.0848232233047034,-0.0556172345153145,0.000323223304703362));
#7471=CARTESIAN_POINT('',(-0.0800923495156295,-0.0610799770265624,0.000323223304703362));
#7472=CARTESIAN_POINT('',(-0.063,-0.002,0.014));
#7473=CARTESIAN_POINT('',(0.063,-0.002,0.014));
#7474=CARTESIAN_POINT('',(-0.075,-0.005,0.014));
#7475=CARTESIAN_POINT('',(-0.074,-0.005,0.008));
#7476=CARTESIAN_POINT('',(-0.0648294195871075,-0.005,0.0164132211000118));
#7477=CARTESIAN_POINT('',(0.075,-0.005,0.014));
#7478=CARTESIAN_POINT('',(0.064,-0.005,0.014));
#7479=CARTESIAN_POINT('',(0.064,-0.005,0.003));
#7480=CARTESIAN_POINT('',(0.075,-0.005,0.003));
#7481=CARTESIAN_POINT('',(0.0665,-0.005,0.003));
#7482=CARTESIAN_POINT('',(0.074,-0.005,0.008));
#7483=CARTESIAN_POINT('',(0.063,-0.0015,0.014));
#7484=CARTESIAN_POINT('',(0.063,-0.003,0.002));
#7485=CARTESIAN_POINT('',(0.063,-0.003,0.003));
#7486=CARTESIAN_POINT('',(0.063,-0.0015,0.003));
#7487=CARTESIAN_POINT('',(0.063,-0.004,0.003));
#7488=CARTESIAN_POINT('',(0.063,-0.004,0.014));
#7489=CARTESIAN_POINT('',(2.38502696472051E-17,-0.0670829037686548,0.019));
#7490=CARTESIAN_POINT('',(-0.0651228989462581,-0.0670829037686547,-0.0135614494731291));
#7491=CARTESIAN_POINT('',(-0.0785857864376269,-0.0597752551286084,0.000707106781186552));
#7492=CARTESIAN_POINT('',(-0.075,-0.003,0.004));
#7493=CARTESIAN_POINT('',(-0.081,-0.003,0.004));
#7494=CARTESIAN_POINT('',(3.01229629475502E-17,-0.045,0.014));
#7495=CARTESIAN_POINT('',(3.01229629475502E-17,-0.045,0.014));
#7496=CARTESIAN_POINT('',(0.0270000000000006,-0.00820000000002986,-2.00000000000027E-6));
#7497=CARTESIAN_POINT('',(0.0270000000000006,-0.002,0.003));
#7498=CARTESIAN_POINT('',(0.0270000000000006,-0.0174000000000597,0.003));
#7499=CARTESIAN_POINT('',(0.0270000000000006,-0.003,0.003));
#7500=CARTESIAN_POINT('',(0.0270000000000006,-0.003,-2.00000000000027E-6));
#7501=CARTESIAN_POINT('',(0.0270000000000006,-0.0174000000000597,0.002));
#7502=CARTESIAN_POINT('',(-0.0270000000000005,-0.00820000000002987,-2.00000000000027E-6));
#7503=CARTESIAN_POINT('',(-0.0270000000000005,-0.00820000000002987,0.003));
#7504=CARTESIAN_POINT('',(-0.0270000000000005,-0.003,0.003));
#7505=CARTESIAN_POINT('',(-0.0270000000000005,-0.0174000000000597,0.003));
#7506=CARTESIAN_POINT('',(-0.0270000000000005,-0.0174000000000597,-2.00000000000027E-6));
#7507=CARTESIAN_POINT('',(-0.0270000000000005,-0.003,0.002));
#7508=CARTESIAN_POINT('',(6.93889390390723E-18,-0.0184000000000598,-2.00000000000027E-6));
#7509=CARTESIAN_POINT('',(6.93889390390723E-18,-0.0184000000000598,0.003));
#7510=CARTESIAN_POINT('',(-0.0260000000000005,-0.0184000000000598,0.003));
#7511=CARTESIAN_POINT('',(0.0260000000000006,-0.0184000000000597,0.003));
#7512=CARTESIAN_POINT('',(0.0260000000000006,-0.0184000000000597,0.00599999999998928));
#7513=CARTESIAN_POINT('',(-0.0260000000000005,-0.0184000000000598,-2.00000000000027E-6));
#7514=CARTESIAN_POINT('',(2.77555756156289E-17,-0.0305,0.007));
#7515=CARTESIAN_POINT('',(-0.0478585715714571,-0.001,0.007));
#7516=CARTESIAN_POINT('',(-0.0621414284285429,-0.001,0.007));
#7517=CARTESIAN_POINT('',(-0.055,-0.008,0.014));
#7518=CARTESIAN_POINT('',(-0.055,-0.008,0.022));
#7519=CARTESIAN_POINT('',(-0.0442555187397892,-0.00564285714285714,0.011));
#7520=CARTESIAN_POINT('',(-0.0442670305939554,-0.00559038306349263,0.011));
#7521=CARTESIAN_POINT('',(-0.0442771122481867,-0.00553769899045909,0.0109981643028282));
#7522=CARTESIAN_POINT('',(-0.0442857736647888,-0.00548480629251396,0.0109945084004252));
#7523=CARTESIAN_POINT('',(-0.0442857736647888,-0.00548480629251396,0.0109945084004252));
#7524=CARTESIAN_POINT('',(-0.0442857736647888,-0.00548480629251396,0.0109945084004252));
#7525=CARTESIAN_POINT('',(-0.0453085540372673,-0.00552189348716215,0.0119986963351996));
#7526=CARTESIAN_POINT('',(-0.0463327858718222,-0.00556670876409074,0.0130010302400752));
#7527=CARTESIAN_POINT('',(-0.0473594988263795,-0.00562876786967112,0.014));
#7528=CARTESIAN_POINT('',(-0.055,-0.008,0.0262426406871193));
#7529=CARTESIAN_POINT('',(-0.0413252056688226,-0.005,0.014));
#7530=CARTESIAN_POINT('',(-0.0413252056688226,-0.005,0.003));
#7531=CARTESIAN_POINT('',(-0.0442857736647888,-0.00548480629251396,0.0109945084004252));
#7532=CARTESIAN_POINT('',(-0.044432273777059,-0.00459017363099549,0.0109326720822918));
#7533=CARTESIAN_POINT('',(-0.0438406712082011,-0.00271563118527006,0.0111825411976043));
#7534=CARTESIAN_POINT('',(-0.0421506051967372,-0.002,0.011895052191317));
#7535=CARTESIAN_POINT('',(-0.0413252056688226,-0.002,0.0122426406871193));
#7536=CARTESIAN_POINT('',(-0.0433731500359604,-0.00545380024661235,0.0100976148075085));
#7537=CARTESIAN_POINT('',(-0.0437424732274916,-0.002,0.00971953932707131));
#7538=CARTESIAN_POINT('',(-0.0413009373692259,-0.002,0.0122189351510682));
#7539=CARTESIAN_POINT('',(-0.0447280955711466,-0.0054969291769283,0.0114304202126636));
#7540=CARTESIAN_POINT('',(-0.0451490037946507,-0.00200000000000829,0.0110210312862131));
#7541=CARTESIAN_POINT('',(-0.0426653278418382,-0.002,0.0135517405562821));
#7542=CARTESIAN_POINT('',(-0.0460840864672794,-0.0055504870542165,0.0127594406030383));
#7543=CARTESIAN_POINT('',(-0.0465677504673809,-0.00200000000000918,0.0123069969604782));
#7544=CARTESIAN_POINT('',(-0.0440335891266147,-0.002,0.0148807609464098));
#7545=CARTESIAN_POINT('',(-0.047438048440515,-0.00563355115067421,0.0140764154863804));
#7546=CARTESIAN_POINT('',(-0.0479800530946361,-0.00200000000000001,0.013508490705334));
#7547=CARTESIAN_POINT('',(-0.0454135453065388,-0.002,0.01619773582994));
#7548=CARTESIAN_POINT('',(-0.0478585715714571,-0.001,0.014));
#7549=CARTESIAN_POINT('',(-0.0621414284285429,-0.001,0.014));
#7550=CARTESIAN_POINT('',(-0.074,-0.0690849037686547,0.008));
#7551=CARTESIAN_POINT('',(-0.0665,-0.0547769426102986,0.003));
#7552=CARTESIAN_POINT('',(-0.0652519245584932,-0.0567544721490076,0.00216794970566216));
#7553=CARTESIAN_POINT('',(-0.0652519245584932,-0.0690849037686547,0.00216794970566216));
#7554=CARTESIAN_POINT('',(-0.0652519245584932,-0.0130885096487331,0.00216794970566216));
#7555=CARTESIAN_POINT('',(-0.0652519245584932,-0.0130885096487331,0.00216794970566216));
#7556=CARTESIAN_POINT('',(-0.065465535598915,-0.0121776797613529,0.00231035706594334));
#7557=CARTESIAN_POINT('',(-0.0659290052824098,-0.0103635168402616,0.00261933685493986));
#7558=CARTESIAN_POINT('',(-0.0660719404910072,-0.00846983402878837,0.00271462699400485));
#7559=CARTESIAN_POINT('',(-0.0660382399747444,-0.00752253005037174,0.00269215998316296));
#7560=CARTESIAN_POINT('',(0.074,-0.0690849037686547,0.008));
#7561=CARTESIAN_POINT('',(0.0652519245584933,-0.0566767626110188,0.00216794970566217));
#7562=CARTESIAN_POINT('',(0.0652519245584933,-0.00544529980377316,0.00216794970566217));
#7563=CARTESIAN_POINT('',(0.0652519245584933,-0.0567544721490074,0.00216794970566217));
#7564=CARTESIAN_POINT('',(0.0665,-0.0547769426102985,0.003));
#7565=CARTESIAN_POINT('',(0.0665,-0.006,0.003));
#7566=CARTESIAN_POINT('',(0.0280000000000006,-0.003,0.014));
#7567=CARTESIAN_POINT('',(0.0280000000000006,-0.003,0.003));
#7568=CARTESIAN_POINT('',(0.0280000000000006,-0.003,0.003));
#7569=CARTESIAN_POINT('',(0.0280000000000006,-0.003,0.003));
#7570=CARTESIAN_POINT('',(0.0280000000000006,-0.003,0.003));
#7571=CARTESIAN_POINT('',(0.0325,-0.003,0.003));
#7572=CARTESIAN_POINT('',(0.062,-0.003,0.003));
#7573=CARTESIAN_POINT('',(0.062,-0.003,0.014));
#7574=CARTESIAN_POINT('',(0.062,-0.003,0.003));
#7575=CARTESIAN_POINT('',(0.0260000000000006,-0.0174000000000597,-2.00000000000027E-6));
#7576=CARTESIAN_POINT('',(0.0260000000000006,-0.0174000000000597,0.003));
#7577=CARTESIAN_POINT('',(0.0280000000000006,-0.00820000000002986,0.003));
#7578=CARTESIAN_POINT('',(0.0280000000000006,-0.0174000000000597,0.003));
#7579=CARTESIAN_POINT('',(0.062,-0.003,0.003));
#7580=CARTESIAN_POINT('',(0.062,-0.003,0.003));
#7581=CARTESIAN_POINT('',(0.064,-0.004,0.014));
#7582=CARTESIAN_POINT('',(0.064,-0.004,0.003));
#7583=CARTESIAN_POINT('',(0.0260000000000006,-0.0174000000000597,0.003));
#7584=CARTESIAN_POINT('',(0.0260000000000006,-0.0194000000000597,0.003));
#7585=CARTESIAN_POINT('',(0.062,-0.0015,0.003));
#7586=CARTESIAN_POINT('',(0.062,-0.004,0.003));
#7587=CARTESIAN_POINT('',(-0.0260000000000005,-0.0174000000000597,-2.00000000000027E-6));
#7588=CARTESIAN_POINT('',(-0.0260000000000005,-0.0174000000000597,0.003));
#7589=CARTESIAN_POINT('',(2.63292474242779E-17,-0.0194000000000598,0.003));
#7590=CARTESIAN_POINT('',(-0.0260000000000005,-0.0194000000000598,0.003));
#7591=CARTESIAN_POINT('',(0.064,-0.004,0.003));
#7592=CARTESIAN_POINT('',(0.064,-0.006,0.003));
#7593=CARTESIAN_POINT('',(-0.0260000000000005,-0.0174000000000597,0.003));
#7594=CARTESIAN_POINT('',(-0.0280000000000005,-0.0174000000000597,0.003));
#7595=CARTESIAN_POINT('',(2.77555756156289E-17,-0.006,0.003));
#7596=CARTESIAN_POINT('',(0.0646972243622681,-0.006,0.003));
#7597=CARTESIAN_POINT('',(-0.0280000000000005,-0.003,-2.00000000000027E-6));
#7598=CARTESIAN_POINT('',(-0.0280000000000005,-0.003,0.003));
#7599=CARTESIAN_POINT('',(-0.0280000000000005,-0.0305,0.003));
#7600=CARTESIAN_POINT('',(-0.0280000000000005,-0.003,0.003));
#7601=CARTESIAN_POINT('',(0.0646972243622681,-0.0305,0.003));
#7602=CARTESIAN_POINT('',(0.0646972243622681,-0.0565191353949816,0.003));
#7603=CARTESIAN_POINT('',(-0.0280000000000005,-0.003,0.003));
#7604=CARTESIAN_POINT('',(-0.0280000000000005,-0.003,0.003));
#7605=CARTESIAN_POINT('',(0.0594863368792511,-0.0615549093341776,0.003));
#7606=CARTESIAN_POINT('',(0.0618528235644512,-0.0592679491924311,0.003));
#7607=CARTESIAN_POINT('',(0.0325,-0.003,0.003));
#7608=CARTESIAN_POINT('',(-0.0413252056688226,-0.003,0.003));
#7609=CARTESIAN_POINT('',(2.4684533349794E-17,-0.0592679491924311,0.003));
#7610=CARTESIAN_POINT('',(-0.0618528235644513,-0.0592679491924311,0.003));
#7611=CARTESIAN_POINT('',(-0.0413252056688226,-0.005,0.003));
#7612=CARTESIAN_POINT('',(-0.0432787477161337,-0.00542857142857143,0.003));
#7613=CARTESIAN_POINT('',(-0.0594863368792511,-0.0615549093341777,0.003));
#7614=CARTESIAN_POINT('',(-0.064697224362268,-0.0565191353949818,0.003));
#7615=CARTESIAN_POINT('',(-0.055,-0.008,0.003));
#7616=CARTESIAN_POINT('',(-0.0652519245584932,-0.0130885096487331,0.00216794970566216));
#7617=CARTESIAN_POINT('',(-0.0650961775799177,-0.0137526092321426,0.0020641183866118));
#7618=CARTESIAN_POINT('',(-0.0649101386241721,-0.0144145946586862,0.002));
#7619=CARTESIAN_POINT('',(-0.064697224362268,-0.0150685104277942,0.002));
#7620=CARTESIAN_POINT('',(-0.064697224362268,-0.0690849037686547,0.003));
#7621=CARTESIAN_POINT('',(0.075,-0.012,0.005));
#7622=CARTESIAN_POINT('',(0.075,-0.012,0.0005));
#7623=CARTESIAN_POINT('',(0.075,-0.012,0.005));
#7624=CARTESIAN_POINT('',(0.075,-0.017,0.005));
#7625=CARTESIAN_POINT('',(0.075,-0.017,0.0032));
#7626=CARTESIAN_POINT('',(0.075,-0.017,0.005));
#7627=CARTESIAN_POINT('',(2.77555756156289E-17,-0.0305,0.005));
#7628=CARTESIAN_POINT('',(-0.075,-0.052,0.005));
#7629=CARTESIAN_POINT('',(-0.075,-0.052,0.0005));
#7630=CARTESIAN_POINT('',(-0.075,-0.052,0.005));
#7631=CARTESIAN_POINT('',(2.77555756156289E-17,-0.0305,0.005));
#7632=CARTESIAN_POINT('',(-0.075,-0.012,0.005));
#7633=CARTESIAN_POINT('',(-0.075,-0.012,0.0005));
#7634=CARTESIAN_POINT('',(-0.075,-0.012,0.005));
#7635=CARTESIAN_POINT('',(2.77555756156289E-17,-0.0305,0.005));
#7636=CARTESIAN_POINT('',(0.075,-0.052,0.005));
#7637=CARTESIAN_POINT('',(0.075,-0.052,0.0005));
#7638=CARTESIAN_POINT('',(0.075,-0.052,0.005));
#7639=CARTESIAN_POINT('',(2.77555756156289E-17,-0.0305,0.005));
#7640=CARTESIAN_POINT('',(0.075,-0.047,0.003));
#7641=CARTESIAN_POINT('',(0.075,-0.047,0.0005));
#7642=CARTESIAN_POINT('',(0.075,-0.047,0.003));
#7643=CARTESIAN_POINT('',(2.77555756156289E-17,-0.0305,0.003));
#7644=CARTESIAN_POINT('',(0.075,-0.0498814059068448,0.003));
#7645=CARTESIAN_POINT('',(-0.075,-0.017,0.003));
#7646=CARTESIAN_POINT('',(-0.075,-0.017,0.0005));
#7647=CARTESIAN_POINT('',(-0.075,-0.017,0.003));
#7648=CARTESIAN_POINT('',(2.77555756156289E-17,-0.0305,0.003));
#7649=CARTESIAN_POINT('',(-0.075,-0.0141185940931552,0.003));
#7650=CARTESIAN_POINT('',(-0.075,-0.047,0.003));
#7651=CARTESIAN_POINT('',(-0.075,-0.047,0.0005));
#7652=CARTESIAN_POINT('',(-0.075,-0.047,0.003));
#7653=CARTESIAN_POINT('',(2.77555756156289E-17,-0.0305,0.003));
#7654=CARTESIAN_POINT('',(-0.075,-0.0498814059068448,0.003));
#7655=CARTESIAN_POINT('',(0.075,-0.017,0.003));
#7656=CARTESIAN_POINT('',(0.075,-0.017,0.0005));
#7657=CARTESIAN_POINT('',(0.075,-0.017,0.003));
#7658=CARTESIAN_POINT('',(2.77555756156289E-17,-0.0305,0.003));
#7659=CARTESIAN_POINT('',(0.075,-0.0141185940931552,0.003));
#7660=CARTESIAN_POINT('',(-0.0245000000000005,-0.00820000000002987,0.00899999999998928));
#7661=CARTESIAN_POINT('',(-0.0245000000000005,-0.00820000000002987,0.00549999999998928));
#7662=CARTESIAN_POINT('',(-0.0237000000000005,-0.00820000000002987,0.00549999999998928));
#7663=CARTESIAN_POINT('',(0.0245000000000006,-0.00820000000002986,0.00899999999998928));
#7664=CARTESIAN_POINT('',(0.0245000000000006,-0.00820000000002986,0.00549999999998928));
#7665=CARTESIAN_POINT('',(0.0253000000000006,-0.00820000000002986,0.00549999999998928));
#7666=CARTESIAN_POINT('',(-0.083,-0.009,0.006));
#7667=CARTESIAN_POINT('',(-0.0845,-0.003,0.012));
#7668=CARTESIAN_POINT('',(-0.0831666666666667,-0.00516666666666667,0.00983333333333333));
#7669=CARTESIAN_POINT('',(-0.083,-0.005,0.01));
#7670=CARTESIAN_POINT('',(-0.083,-0.009,0.006));
#7671=CARTESIAN_POINT('',(-0.083,-0.0345980762113533,0.0095));
#7672=CARTESIAN_POINT('',(-0.083,-0.005,0.004));
#7673=CARTESIAN_POINT('',(-0.083,-0.005,0.0048284271247462));
#7674=CARTESIAN_POINT('',(-0.083,-0.0174632516680498,-0.00763482454330356));
#7675=CARTESIAN_POINT('',(0.083,-0.009,0.006));
#7676=CARTESIAN_POINT('',(0.0845,-0.0145,0.0005));
#7677=CARTESIAN_POINT('',(0.083,-0.009,0.006));
#7678=CARTESIAN_POINT('',(0.083,-0.005,0.01));
#7679=CARTESIAN_POINT('',(0.0856666666666667,-0.00766666666666668,0.00733333333333333));
#7680=CARTESIAN_POINT('',(0.083,-0.0345980762113533,0.0095));
#7681=CARTESIAN_POINT('',(0.083,-0.0044142135623731,0.00541421356237309));
#7682=CARTESIAN_POINT('',(0.083,-0.005,0.00482842712474619));
#7683=CARTESIAN_POINT('',(0.083,-0.005,0.012));
#7684=CARTESIAN_POINT('',(-0.076,-0.0484407029534224,0.0005));
#7685=CARTESIAN_POINT('',(-0.0765,-0.052,0.));
#7686=CARTESIAN_POINT('',(-0.076,-0.0498814059068448,0.0005));
#7687=CARTESIAN_POINT('',(-0.0761648940131116,-0.0499987211126184,0.000335105986888359));
#7688=CARTESIAN_POINT('',(-0.0763317131996399,-0.0501103087527888,0.000168286800360088));
#7689=CARTESIAN_POINT('',(-0.0765,-0.0502175301086393,6.66629197048821E-18));
#7690=CARTESIAN_POINT('',(-0.075,-0.047,0.));
#7691=CARTESIAN_POINT('',(-0.0735,-0.0502175301086393,0.));
#7692=CARTESIAN_POINT('',(-0.0736682868003601,-0.0501103087527888,0.000168286800360083));
#7693=CARTESIAN_POINT('',(-0.0738351059868884,-0.0499987211126184,0.00033510598688837));
#7694=CARTESIAN_POINT('',(-0.074,-0.0498814059068448,0.000500000000000012));
#7695=CARTESIAN_POINT('',(-0.075,-0.052,0.));
#7696=CARTESIAN_POINT('',(-0.0735,-0.052,0.));
#7697=CARTESIAN_POINT('',(-0.074,-0.0484407029534224,0.0005));
#7698=CARTESIAN_POINT('',(-0.076,-0.0155592970465776,0.0005));
#7699=CARTESIAN_POINT('',(-0.076,-0.0141185940931552,0.0005));
#7700=CARTESIAN_POINT('',(-0.0761648940131116,-0.0140012788873816,0.000335105986888363));
#7701=CARTESIAN_POINT('',(-0.0763317131996399,-0.0138896912472113,0.000168286800360083));
#7702=CARTESIAN_POINT('',(-0.0765,-0.0137824698913608,5.92328364139309E-18));
#7703=CARTESIAN_POINT('',(-0.076,-0.012,0.0005));
#7704=CARTESIAN_POINT('',(-0.075,-0.012,0.));
#7705=CARTESIAN_POINT('',(-0.074,-0.012,0.0005));
#7706=CARTESIAN_POINT('',(-0.075,-0.017,0.));
#7707=CARTESIAN_POINT('',(-0.074,-0.0141185940931552,0.0005));
#7708=CARTESIAN_POINT('',(-0.0738351059868884,-0.0140012788873816,0.000335105986888362));
#7709=CARTESIAN_POINT('',(-0.0736682868003601,-0.0138896912472113,0.000168286800360084));
#7710=CARTESIAN_POINT('',(-0.0735,-0.0137824698913608,5.6117012979864E-18));
#7711=CARTESIAN_POINT('',(-0.074,-0.0155592970465776,0.0005));
#7712=CARTESIAN_POINT('',(0.074,-0.0484407029534224,0.0005));
#7713=CARTESIAN_POINT('',(0.0735,-0.052,0.));
#7714=CARTESIAN_POINT('',(0.074,-0.0498814059068448,0.0005));
#7715=CARTESIAN_POINT('',(0.0738351059868884,-0.0499987211126184,0.000335105986888367));
#7716=CARTESIAN_POINT('',(0.0736682868003601,-0.0501103087527887,0.000168286800360079));
#7717=CARTESIAN_POINT('',(0.0735,-0.0502175301086392,6.19434076607566E-18));
#7718=CARTESIAN_POINT('',(0.075,-0.047,0.));
#7719=CARTESIAN_POINT('',(0.0765,-0.0502175301086392,0.));
#7720=CARTESIAN_POINT('',(0.0763317131996399,-0.0501103087527887,0.000168286800360073));
#7721=CARTESIAN_POINT('',(0.0761648940131116,-0.0499987211126184,0.000335105986888367));
#7722=CARTESIAN_POINT('',(0.076,-0.0498814059068448,0.0005));
#7723=CARTESIAN_POINT('',(0.075,-0.052,0.));
#7724=CARTESIAN_POINT('',(0.0765,-0.052,0.));
#7725=CARTESIAN_POINT('',(0.076,-0.0484407029534224,0.0005));
#7726=CARTESIAN_POINT('',(0.0735,-0.0305,0.));
#7727=CARTESIAN_POINT('',(0.074,-0.0141185940931552,0.0005));
#7728=CARTESIAN_POINT('',(0.0738351059868884,-0.0140012788873816,0.000335105986888365));
#7729=CARTESIAN_POINT('',(0.0736682868003601,-0.0138896912472113,0.000168286800360075));
#7730=CARTESIAN_POINT('',(0.0735,-0.0137824698913608,-2.32390962483639E-19));
#7731=CARTESIAN_POINT('',(0.074,-0.012,0.0005));
#7732=CARTESIAN_POINT('',(0.075,-0.012,0.));
#7733=CARTESIAN_POINT('',(0.076,-0.012,0.0005));
#7734=CARTESIAN_POINT('',(0.075,-0.017,0.));
#7735=CARTESIAN_POINT('',(0.076,-0.0141185940931552,0.0005));
#7736=CARTESIAN_POINT('',(0.0761648940131116,-0.0140012788873816,0.000335105986888361));
#7737=CARTESIAN_POINT('',(0.0763317131996399,-0.0138896912472113,0.000168286800360078));
#7738=CARTESIAN_POINT('',(0.0765,-0.0137824698913608,-6.44486537680737E-19));
#7739=CARTESIAN_POINT('',(0.076,-0.0155592970465776,0.0005));
#7740=CARTESIAN_POINT('',(0.0845,-0.0305,0.));
#7741=CARTESIAN_POINT('',(0.0874565253323737,-0.0162246328901689,0.00295652533237366));
#7742=CARTESIAN_POINT('',(0.0761019818403572,-0.0464107179482555,-0.0083980181596428));
#7743=CARTESIAN_POINT('',(0.0605466674481365,-0.0829349521245746,0.));
#7744=CARTESIAN_POINT('',(0.0828233964755471,-0.0733834971214117,0.00731628206322272));
#7745=CARTESIAN_POINT('',(2.45304498012055E-17,-0.0607113248654052,0.));
#7746=CARTESIAN_POINT('',(-0.0765110864462194,-0.0469883167673862,-0.00792298241948275));
#7747=CARTESIAN_POINT('',(-0.0605466674481364,-0.0829349521245746,0.));
#7748=CARTESIAN_POINT('',(-0.086183999018783,-0.057053727726395,0.00168399901878297));
#7749=CARTESIAN_POINT('',(-0.085,-0.032,0.0005));
#7750=CARTESIAN_POINT('',(-0.0882031364003396,-0.0165338893203382,0.0037031364003396));
#7751=CARTESIAN_POINT('',(-0.055,-0.0085,0.0072));
#7752=CARTESIAN_POINT('',(0.075,-0.0498814059068448,0.0032));
#7753=CARTESIAN_POINT('',(0.075,-0.0498814059068448,0.0032));
#7754=CARTESIAN_POINT('',(2.77555756156289E-17,-0.032,0.0032));
#7755=CARTESIAN_POINT('',(-0.075,-0.0141185940931552,0.0032));
#7756=CARTESIAN_POINT('',(-0.075,-0.0141185940931552,0.0032));
#7757=CARTESIAN_POINT('',(2.77555756156289E-17,-0.032,0.0032));
#7758=CARTESIAN_POINT('',(-0.075,-0.0498814059068448,0.0032));
#7759=CARTESIAN_POINT('',(-0.075,-0.0498814059068448,0.0032));
#7760=CARTESIAN_POINT('',(2.77555756156289E-17,-0.032,0.0032));
#7761=CARTESIAN_POINT('',(0.075,-0.0141185940931552,0.0032));
#7762=CARTESIAN_POINT('',(0.075,-0.0141185940931552,0.0032));
#7763=CARTESIAN_POINT('',(2.77555756156289E-17,-0.032,0.0032));
#7764=CARTESIAN_POINT('',(0.0225000000000006,-0.00820000000002985,0.0490605456227112));
#7765=CARTESIAN_POINT('',(0.0225000000000006,-0.0169000000000017,-0.00410000000018901));
#7766=CARTESIAN_POINT('',(-0.0225000000000005,-0.00820000000002986,0.0490605456227112));
#7767=CARTESIAN_POINT('',(-0.0225000000000005,-0.0169000000000017,0.0490605456227112));
#7768=CARTESIAN_POINT('',(0.0240000000000006,-0.0169000000000017,-0.00410000000018901));
#7769=CARTESIAN_POINT('',(-0.0275000000000005,-0.00820000000002987,0.190912960082904));
#7770=CARTESIAN_POINT('',(-0.0275000000000005,-0.002,0.01));
#7771=CARTESIAN_POINT('',(0.0275000000000006,-0.00820000000002986,0.190912960082904));
#7772=CARTESIAN_POINT('',(0.0275000000000006,-0.00820000000002986,0.01));
#7773=CARTESIAN_POINT('',(0.0315000000000005,-0.0305,0.014));
#7774=CARTESIAN_POINT('',(-0.0275000000000005,-0.00820000000002987,0.01));
#7775=CARTESIAN_POINT('',(0.081,-0.003,0.014));
#7776=CARTESIAN_POINT('',(0.0829074356983055,-0.00490743569830546,0.00479008573559272));
#7777=CARTESIAN_POINT('',(0.081,-0.007,0.));
#7778=CARTESIAN_POINT('',(-0.083,-0.005,0.0095));
#7779=CARTESIAN_POINT('',(-0.0838910724869495,-0.00589107248694947,0.00519752143389819));
#7780=CARTESIAN_POINT('',(-0.083,-0.0174632516680498,-0.00763482454330356));
#7781=CARTESIAN_POINT('',(0.0845,-0.003,0.014));
#7782=CARTESIAN_POINT('',(0.0848814871396611,-0.00338148713966108,0.0121580171471186));
#7783=CARTESIAN_POINT('',(0.0845,-0.009,0.006));
#7784=CARTESIAN_POINT('',(-0.085,-0.0035,0.014));
#7785=CARTESIAN_POINT('',(-0.0853419828528814,-0.00384198285288146,0.0123487607169491));
#7786=CARTESIAN_POINT('',(-0.085,-0.0168535533905933,-0.00114644660940672));
#7787=CARTESIAN_POINT('',(-0.0245000000000005,-0.00820000000002987,0.00599999999998928));
#7788=CARTESIAN_POINT('',(0.0245000000000006,-0.00820000000002986,0.00599999999998928));
#7789=CARTESIAN_POINT('',(-0.00158878404384803,0.0337133103491921,0.));
#7790=CARTESIAN_POINT('',(-0.029,-8.67361737988404E-19,0.018));
#7791=CARTESIAN_POINT('',(-0.029,0.008,0.016));
#7792=CARTESIAN_POINT('',(-0.029,0.008,0.016));
#7793=CARTESIAN_POINT('',(-0.029,0.01,0.016));
#7794=CARTESIAN_POINT('',(-0.029,0.01,0.018));
#7795=CARTESIAN_POINT('',(-0.029,0.01,0.018));
#7796=CARTESIAN_POINT('',(-0.029,-8.67361737988404E-19,0.018));
#7797=CARTESIAN_POINT('',(-0.029,-0.01,0.018));
#7798=CARTESIAN_POINT('',(-0.029,-0.01,0.018));
#7799=CARTESIAN_POINT('',(-0.029,-0.01,0.008));
#7800=CARTESIAN_POINT('',(-0.029,-8.67361737988404E-19,0.008));
#7801=CARTESIAN_POINT('',(-0.029,0.008,0.008));
#7802=CARTESIAN_POINT('',(-0.029,0.008,0.018));
#7803=CARTESIAN_POINT('',(-0.029,-8.67361737988404E-19,0.008));
#7804=CARTESIAN_POINT('',(-0.029,0.008,0.008));
#7805=CARTESIAN_POINT('',(-0.025,0.008,0.004));
#7806=CARTESIAN_POINT('',(-0.029,-0.01,0.008));
#7807=CARTESIAN_POINT('',(-0.025,-0.01,0.004));
#7808=CARTESIAN_POINT('',(-0.025,-5.20417042793042E-18,0.004));
#7809=CARTESIAN_POINT('',(-0.025,-0.00114564392373895,0.004));
#7810=CARTESIAN_POINT('',(-0.0225,4.63763251938064E-18,0.0015));
#7811=CARTESIAN_POINT('',(-0.025,0.00114564392373896,0.004));
#7812=CARTESIAN_POINT('',(-0.025,-5.20417042793042E-18,0.004));
#7813=CARTESIAN_POINT('',(-0.002,-5.20417042793042E-18,0.));
#7814=CARTESIAN_POINT('',(-0.0326464466094067,0.00764644660940671,0.));
#7815=CARTESIAN_POINT('',(-0.0307928932188135,0.0095,0.));
#7816=CARTESIAN_POINT('',(-0.0325,0.00779289321881344,0.));
#7817=CARTESIAN_POINT('',(-0.031,0.0095,0.));
#7818=CARTESIAN_POINT('',(0.0237928932188135,0.0095,0.));
#7819=CARTESIAN_POINT('',(0.0236464466094067,0.0096464466094067,0.));
#7820=CARTESIAN_POINT('',(0.0285,0.00479289321881343,0.));
#7821=CARTESIAN_POINT('',(0.0285,0.005,0.));
#7822=CARTESIAN_POINT('',(0.0285,-0.00479289321881344,0.));
#7823=CARTESIAN_POINT('',(0.0286464466094067,-0.00464644660940671,0.));
#7824=CARTESIAN_POINT('',(0.0237928932188135,-0.0095,0.));
#7825=CARTESIAN_POINT('',(0.024,-0.0095,0.));
#7826=CARTESIAN_POINT('',(-0.0307928932188135,-0.0095,0.));
#7827=CARTESIAN_POINT('',(-0.0306464466094067,-0.00964644660940673,0.));
#7828=CARTESIAN_POINT('',(-0.0325,-0.00779289321881346,0.));
#7829=CARTESIAN_POINT('',(-0.0325,-5.20417042793042E-18,0.));
#7830=CARTESIAN_POINT('',(-0.0325,-0.00606217782649107,0.));
#7831=CARTESIAN_POINT('',(-0.036,4.02510056535244E-18,0.));
#7832=CARTESIAN_POINT('',(-0.0325,0.00606217782649108,0.));
#7833=CARTESIAN_POINT('',(-0.0325,-5.20417042793042E-18,0.));
#7834=CARTESIAN_POINT('',(-0.015,3.04250493323692E-18,0.));
#7835=CARTESIAN_POINT('',(-0.0135,3.04250493323692E-18,0.));
#7836=CARTESIAN_POINT('',(0.015,-4.3053758616472E-18,0.));
#7837=CARTESIAN_POINT('',(0.0165,-4.3053758616472E-18,0.));
#7838=CARTESIAN_POINT('',(0.0225,2.3604591023173E-18,0.));
#7839=CARTESIAN_POINT('',(0.0247,2.3604591023173E-18,0.));
#7840=CARTESIAN_POINT('',(-0.0225,4.63763251938064E-18,0.));
#7841=CARTESIAN_POINT('',(-0.0203,4.63763251938064E-18,0.));
#7842=CARTESIAN_POINT('',(-0.033,0.,0.018));
#7843=CARTESIAN_POINT('',(-0.033,0.0057662812973354,0.01));
#7844=CARTESIAN_POINT('',(-0.033,0.0057662812973354,0.0005));
#7845=CARTESIAN_POINT('',(-0.033,0.0057662812973354,0.006));
#7846=CARTESIAN_POINT('',(-0.033,-0.00576628129733539,0.006));
#7847=CARTESIAN_POINT('',(-0.033,-0.00533939056527725,0.00637870339142657));
#7848=CARTESIAN_POINT('',(-0.033,-0.00447883281125347,0.00712607304698298));
#7849=CARTESIAN_POINT('',(-0.033,-0.00313261555531485,0.00819232178292237));
#7850=CARTESIAN_POINT('',(-0.033,-0.00171969497951381,0.00912820690857902));
#7851=CARTESIAN_POINT('',(-0.033,-0.000319667591137899,0.00958698967784753));
#7852=CARTESIAN_POINT('',(-0.033,0.000850490475680977,0.00941751384935193));
#7853=CARTESIAN_POINT('',(-0.033,0.00191783801003618,0.00898996344291161));
#7854=CARTESIAN_POINT('',(-0.033,0.00313012145719072,0.00819697878147452));
#7855=CARTESIAN_POINT('',(-0.033,0.00447042978243078,0.0071322568641326));
#7856=CARTESIAN_POINT('',(-0.033,0.00533722615543941,0.00638062348311391));
#7857=CARTESIAN_POINT('',(-0.033,0.0057662812973354,0.006));
#7858=CARTESIAN_POINT('',(-0.033,-0.00576628129733539,0.006));
#7859=CARTESIAN_POINT('',(-0.033,-0.00576628129733539,0.01));
#7860=CARTESIAN_POINT('',(-0.033,-0.00576628129733539,0.0005));
#7861=CARTESIAN_POINT('',(-0.033,0.,0.0005));
#7862=CARTESIAN_POINT('',(-0.033,-0.008,0.0005));
#7863=CARTESIAN_POINT('',(-0.033,-0.008,0.));
#7864=CARTESIAN_POINT('',(-0.033,-0.008,0.018));
#7865=CARTESIAN_POINT('',(-0.033,0.,0.018));
#7866=CARTESIAN_POINT('',(-0.033,0.008,0.018));
#7867=CARTESIAN_POINT('',(-0.033,0.008,0.018));
#7868=CARTESIAN_POINT('',(-0.033,0.008,0.0005));
#7869=CARTESIAN_POINT('',(-0.033,0.,0.0005));
#7870=CARTESIAN_POINT('',(1.7347234759768E-18,0.01,0.004));
#7871=CARTESIAN_POINT('',(-0.031,0.01,0.));
#7872=CARTESIAN_POINT('',(-0.031,0.01,0.018));
#7873=CARTESIAN_POINT('',(-0.031,0.01,0.0005));
#7874=CARTESIAN_POINT('',(-0.031,0.01,0.018));
#7875=CARTESIAN_POINT('',(-0.023,0.01,0.01));
#7876=CARTESIAN_POINT('',(-0.017,0.01,0.004));
#7877=CARTESIAN_POINT('',(1.7347234759768E-18,0.01,0.004));
#7878=CARTESIAN_POINT('',(0.024,0.01,0.004));
#7879=CARTESIAN_POINT('',(0.024,0.01,0.004));
#7880=CARTESIAN_POINT('',(0.024,0.01,0.0005));
#7881=CARTESIAN_POINT('',(0.024,0.01,0.0005));
#7882=CARTESIAN_POINT('',(0.029,0.,0.004));
#7883=CARTESIAN_POINT('',(0.029,0.005,0.004));
#7884=CARTESIAN_POINT('',(0.029,0.005,0.004));
#7885=CARTESIAN_POINT('',(0.029,0.005,0.0005));
#7886=CARTESIAN_POINT('',(0.029,0.,0.004));
#7887=CARTESIAN_POINT('',(0.029,-0.005,0.004));
#7888=CARTESIAN_POINT('',(0.029,-0.005,0.004));
#7889=CARTESIAN_POINT('',(0.029,-0.005,0.0005));
#7890=CARTESIAN_POINT('',(0.029,-0.005,0.0005));
#7891=CARTESIAN_POINT('',(-0.015,2.91697863632431E-18,0.004));
#7892=CARTESIAN_POINT('',(-0.015,2.91697863632431E-18,0.0035));
#7893=CARTESIAN_POINT('',(-0.01195,2.91697863632431E-18,0.0035));
#7894=CARTESIAN_POINT('',(-0.015,2.91697863632431E-18,0.001));
#7895=CARTESIAN_POINT('',(-0.01195,2.91697863632431E-18,0.001));
#7896=CARTESIAN_POINT('',(3.46944695195361E-18,-0.01,0.004));
#7897=CARTESIAN_POINT('',(0.024,-0.01,0.004));
#7898=CARTESIAN_POINT('',(0.024,-0.01,0.004));
#7899=CARTESIAN_POINT('',(0.024,-0.01,0.0005));
#7900=CARTESIAN_POINT('',(3.46944695195361E-18,-0.01,0.004));
#7901=CARTESIAN_POINT('',(-0.031,-0.01,0.018));
#7902=CARTESIAN_POINT('',(-0.031,-0.01,0.018));
#7903=CARTESIAN_POINT('',(-0.031,-0.01,0.018));
#7904=CARTESIAN_POINT('',(-0.031,-0.01,0.0005));
#7905=CARTESIAN_POINT('',(-0.031,-0.01,0.0005));
#7906=CARTESIAN_POINT('',(0.015,-4.4309021585598E-18,0.004));
#7907=CARTESIAN_POINT('',(0.015,-4.4309021585598E-18,0.0035));
#7908=CARTESIAN_POINT('',(0.01805,-4.4309021585598E-18,0.0035));
#7909=CARTESIAN_POINT('',(0.015,-4.4309021585598E-18,0.001));
#7910=CARTESIAN_POINT('',(0.01805,-4.4309021585598E-18,0.001));
#7911=CARTESIAN_POINT('',(-0.002,-5.20417042793042E-18,0.004));
#7912=CARTESIAN_POINT('',(1.4954512723938E-18,0.008,0.004));
#7913=CARTESIAN_POINT('',(-0.017,0.008,0.004));
#7914=CARTESIAN_POINT('',(-0.0225,4.63763251938064E-18,0.004));
#7915=CARTESIAN_POINT('',(0.016,-0.018,0.004));
#7916=CARTESIAN_POINT('',(0.016,0.018,0.004));
#7917=CARTESIAN_POINT('',(-0.017,0.008,0.004));
#7918=CARTESIAN_POINT('',(0.015,-4.4309021585598E-18,0.004));
#7919=CARTESIAN_POINT('',(0.01855,-4.4309021585598E-18,0.004));
#7920=CARTESIAN_POINT('',(-0.015,2.91697863632431E-18,0.004));
#7921=CARTESIAN_POINT('',(-0.01145,2.91697863632431E-18,0.004));
#7922=CARTESIAN_POINT('',(0.0225,2.3604591023173E-18,0.004));
#7923=CARTESIAN_POINT('',(0.01975,2.3604591023173E-18,0.004));
#7924=CARTESIAN_POINT('',(0.0225,2.3604591023173E-18,0.004));
#7925=CARTESIAN_POINT('',(0.0225,2.3604591023173E-18,0.0005));
#7926=CARTESIAN_POINT('',(0.0242,2.3604591023173E-18,0.0005));
#7927=CARTESIAN_POINT('',(0.0225,2.3604591023173E-18,0.001));
#7928=CARTESIAN_POINT('',(0.0208,2.3604591023173E-18,0.001));
#7929=CARTESIAN_POINT('',(0.02525,2.3604591023173E-18,0.001));
#7930=CARTESIAN_POINT('',(0.0225,2.3604591023173E-18,0.001));
#7931=CARTESIAN_POINT('',(0.01975,2.3604591023173E-18,0.001));
#7932=CARTESIAN_POINT('',(0.0225,2.3604591023173E-18,0.004));
#7933=CARTESIAN_POINT('',(-0.0225,4.63763251938064E-18,0.004));
#7934=CARTESIAN_POINT('',(-0.0225,4.63763251938064E-18,0.0005));
#7935=CARTESIAN_POINT('',(-0.0208,4.63763251938064E-18,0.0005));
#7936=CARTESIAN_POINT('',(-0.0225,4.63763251938064E-18,0.001));
#7937=CARTESIAN_POINT('',(-0.0242,4.63763251938064E-18,0.001));
#7938=CARTESIAN_POINT('',(-0.01975,4.63763251938064E-18,0.001));
#7939=CARTESIAN_POINT('',(-0.0225,4.63763251938064E-18,0.001));
#7940=CARTESIAN_POINT('',(-0.02525,4.63763251938064E-18,0.001));
#7941=CARTESIAN_POINT('',(-0.0225,4.63763251938064E-18,0.004));
#7942=CARTESIAN_POINT('',(-0.002,-5.20417042793042E-18,0.001));
#7943=CARTESIAN_POINT('',(0.015,-4.3053758616472E-18,0.001));
#7944=CARTESIAN_POINT('',(0.016,-4.3053758616472E-18,0.001));
#7945=CARTESIAN_POINT('',(0.015,-4.3053758616472E-18,0.256817621135332));
#7946=CARTESIAN_POINT('',(0.015,-4.3053758616472E-18,0.0005));
#7947=CARTESIAN_POINT('',(0.016,-4.3053758616472E-18,0.0005));
#7948=CARTESIAN_POINT('',(-0.002,-5.20417042793042E-18,0.001));
#7949=CARTESIAN_POINT('',(-0.015,3.04250493323692E-18,0.001));
#7950=CARTESIAN_POINT('',(-0.014,3.04250493323692E-18,0.001));
#7951=CARTESIAN_POINT('',(-0.015,3.04250493323692E-18,0.256817621135332));
#7952=CARTESIAN_POINT('',(-0.015,3.04250493323692E-18,0.0005));
#7953=CARTESIAN_POINT('',(-0.014,3.04250493323692E-18,0.0005));
#7954=CARTESIAN_POINT('',(0.015,-4.4309021585598E-18,0.0035));
#7955=CARTESIAN_POINT('',(-0.015,2.91697863632431E-18,0.0035));
#7956=CARTESIAN_POINT('',(0.029,0.005,0.004));
#7957=CARTESIAN_POINT('',(0.029,0.005,0.0005));
#7958=CARTESIAN_POINT('',(0.024,-0.01,0.004));
#7959=CARTESIAN_POINT('',(0.024,-0.01,0.0005));
#7960=CARTESIAN_POINT('',(-0.031,-5.51091059616309E-20,0.018));
#7961=CARTESIAN_POINT('',(-0.0318259862551951,-0.000424475310056488,0.00830898382795826));
#7962=CARTESIAN_POINT('',(-0.0319369005538469,4.42245554569889E-7,0.00844537286409687));
#7963=CARTESIAN_POINT('',(-0.0318264115294172,0.000422706327838209,0.00830952471565428));
#7964=CARTESIAN_POINT('',(-0.0315276808129138,0.000783688855635763,0.0079616992082406));
#7965=CARTESIAN_POINT('',(-0.0310406977846846,0.000964902695672866,0.00744674631729313));
#7966=CARTESIAN_POINT('',(-0.0305100083476612,0.000818765445787816,0.00695403533322767));
#7967=CARTESIAN_POINT('',(-0.0301751314272363,0.0004319009400016,0.00666331227946788));
#7968=CARTESIAN_POINT('',(-0.0300634969571887,5.32131194258299E-6,0.00656924619547973));
#7969=CARTESIAN_POINT('',(-0.0301709559044524,-0.000424695362219685,0.00665976663396162));
#7970=CARTESIAN_POINT('',(-0.030504677365403,-0.000816354451847981,0.00694920951825893));
#7971=CARTESIAN_POINT('',(-0.0310391294008155,-0.000965232377535245,0.00744516331451794));
#7972=CARTESIAN_POINT('',(-0.0315248096268742,-0.000785550852086765,0.00795849471750175));
#7973=CARTESIAN_POINT('',(-0.0318259862551951,-0.000424475310056488,0.00830898382795826));
#7974=CARTESIAN_POINT('',(-0.0319369005538469,4.42245554569889E-7,0.00844537286409687));
#7975=CARTESIAN_POINT('',(-0.0318264115294172,0.000422706327838209,0.00830952471565428));
#7976=CARTESIAN_POINT('',(-0.0319,8.80291145303833E-20,0.0084));
#7977=CARTESIAN_POINT('',(-0.031,-5.51091059616309E-20,0.018));
#7978=CARTESIAN_POINT('',(-0.0301,-5.51091059616309E-20,0.018));
#7979=CARTESIAN_POINT('',(-0.002,-5.20417042793042E-18,0.018));
#7980=CARTESIAN_POINT('',(-0.0215,-0.0195,0.018));
#7981=CARTESIAN_POINT('',(-0.0215,0.0195,0.018));
#7982=CARTESIAN_POINT('',(-0.036,4.02510056535244E-18,0.01));
#7983=CARTESIAN_POINT('',(-0.036,4.02510056535244E-18,0.006));
#7984=CARTESIAN_POINT('',(-0.036,4.02510056535244E-18,0.0005));
#7985=CARTESIAN_POINT('',(-0.036,4.02510056535244E-18,0.006));
#7986=CARTESIAN_POINT('',(-0.031,0.01,0.004));
#7987=CARTESIAN_POINT('',(-0.031,0.01,0.0005));
#7988=CARTESIAN_POINT('',(-0.033,-0.008,0.018));
#7989=CARTESIAN_POINT('',(-0.033,-0.008,0.0005));
#7990=CARTESIAN_POINT('',(0.0156464466094067,-0.0176464466094067,0.));
#7991=CARTESIAN_POINT('',(0.025032726422712,-0.00335670147864289,-0.003467273577288));
#7992=CARTESIAN_POINT('',(0.0217550335176285,-0.00458017147118548,-0.0049198285288145));
#7993=CARTESIAN_POINT('',(-0.002,-0.0095,0.));
#7994=CARTESIAN_POINT('',(-0.0318707388947466,-0.012102149648983,0.00260214964898299));
#7995=CARTESIAN_POINT('',(0.0285,-5.20417042793042E-18,0.));
#7996=CARTESIAN_POINT('',(0.0275857864376269,0.00441421356237305,-0.00091421356237311));
#7997=CARTESIAN_POINT('',(-0.0211464466094068,-0.0191464466094067,0.));
#7998=CARTESIAN_POINT('',(-0.0314740514413556,-0.00736793141152586,-0.00102594855864434));
#7999=CARTESIAN_POINT('',(0.0156464466094067,0.0176464466094067,0.));
#8000=CARTESIAN_POINT('',(0.0247031364003396,0.0116975214338981,0.00219752143389816));
#8001=CARTESIAN_POINT('',(-0.033,0.,0.0005));
#8002=CARTESIAN_POINT('',(-0.033,-0.00576628129733539,0.0005));
#8003=CARTESIAN_POINT('',(-0.0328339681333026,-0.00586705881814581,0.00033396813330259));
#8004=CARTESIAN_POINT('',(-0.0326672750028454,-0.00596560155856972,0.000167275002845383));
#8005=CARTESIAN_POINT('',(-0.0325,-0.00606217782649118,2.65274551834974E-17));
#8006=CARTESIAN_POINT('',(-0.002,0.0095,0.));
#8007=CARTESIAN_POINT('',(-0.0285180077969507,0.00400794076169392,-0.00549205923830605));
#8008=CARTESIAN_POINT('',(-0.036,4.02510056535244E-18,0.));
#8009=CARTESIAN_POINT('',(-0.0325,0.0060621778264911,0.));
#8010=CARTESIAN_POINT('',(-0.0326672750028454,0.00596560155856964,0.000167275002845356));
#8011=CARTESIAN_POINT('',(-0.0328339681333026,0.0058670588181459,0.000333968133302617));
#8012=CARTESIAN_POINT('',(-0.033,0.00576628129733548,0.000500000000000026));
#8013=CARTESIAN_POINT('',(-0.0211464466094068,0.0191464466094067,0.));
#8014=CARTESIAN_POINT('',(-0.0294373546377967,0.00652430397304979,-0.00306264536220331));
#8015=CARTESIAN_POINT('',(-0.033,0.,0.0005));
#8016=CARTESIAN_POINT('',(-0.015,3.04250493323692E-18,0.));
#8017=CARTESIAN_POINT('',(0.015,-4.3053758616472E-18,0.));
#8018=CARTESIAN_POINT('',(0.0225,2.3604591023173E-18,0.0005));
#8019=CARTESIAN_POINT('',(-0.0225,4.63763251938064E-18,0.0005));
#8020=CARTESIAN_POINT('',(-0.023,0.008,0.01));
#8021=CARTESIAN_POINT('',(-0.023,0.008,0.01));
#8022=CARTESIAN_POINT('',(-0.0035,0.008,0.00925));
#8023=CARTESIAN_POINT('',(0.073411215956152,0.00171331034919203,-0.004));
#8024=CARTESIAN_POINT('',(0.0260000000000335,-5.80091530366644E-14,-0.00410000000018892));
#8025=CARTESIAN_POINT('',(0.0260000000000335,-5.80091530366644E-14,0.00599999999998928));
#8026=CARTESIAN_POINT('',(-0.0250000000000005,-5.80091530366644E-14,0.00599999999998928));
#8027=CARTESIAN_POINT('',(-0.0220000000000005,-5.80091530366644E-14,0.00599999999998928));
#8028=CARTESIAN_POINT('',(-0.0250000000000005,-5.80091530366644E-14,-0.00410000000018892));
#8029=CARTESIAN_POINT('',(-0.0250000000000005,-5.80091530366644E-14,0.00899999999998928));
#8030=CARTESIAN_POINT('',(0.0260000000000335,-5.80091530366644E-14,0.00899999999998928));
#8031=CARTESIAN_POINT('',(-0.0175000000000107,-5.80091530366644E-14,0.00899999999998928));
#8032=CARTESIAN_POINT('',(-0.0175000000000107,-5.80091530366644E-14,0.00899999999998928));
#8033=CARTESIAN_POINT('',(-0.0175000000000107,-5.80091530366644E-14,0.00599999999998928));
#8034=CARTESIAN_POINT('',(-0.0175000000000107,-5.80091530366644E-14,0.00599999999998928));
#8035=CARTESIAN_POINT('',(-0.0175000000000107,-5.80091530366644E-14,0.00499999999998928));
#8036=CARTESIAN_POINT('',(-0.0181828427124745,0.,0.0043171572875254));
#8037=CARTESIAN_POINT('',(-0.0199999999999975,0.,0.00250000000000334));
#8038=CARTESIAN_POINT('',(-0.0200000000000005,0.,0.00250000000000008));
#8039=CARTESIAN_POINT('',(-0.0200000000000005,0.,-0.0025));
#8040=CARTESIAN_POINT('',(-0.0200000000000005,0.,-0.0025));
#8041=CARTESIAN_POINT('',(0.0200000000000006,0.,-0.0025));
#8042=CARTESIAN_POINT('',(0.0200000000000006,0.,0.00250000000000008));
#8043=CARTESIAN_POINT('',(0.0199999999999625,0.,0.00250000000003804));
#8044=CARTESIAN_POINT('',(0.0200000000000006,0.,0.00250000000000008));
#8045=CARTESIAN_POINT('',(0.0175000000000113,-5.80091530366644E-14,0.00499999999998928));
#8046=CARTESIAN_POINT('',(0.0175000000000113,-5.80091530366644E-14,0.00599999999998928));
#8047=CARTESIAN_POINT('',(0.0175000000000113,-5.80091530366644E-14,0.00599999999998928));
#8048=CARTESIAN_POINT('',(0.0175000000000113,-5.80091530366644E-14,0.00899999999998928));
#8049=CARTESIAN_POINT('',(0.0175000000000113,-5.80091530366644E-14,0.00899999999998928));
#8050=CARTESIAN_POINT('',(0.0260000000000335,-5.80091530366644E-14,0.00899999999998928));
#8051=CARTESIAN_POINT('',(0.0250000000000006,-5.80091530366644E-14,0.00899999999998928));
#8052=CARTESIAN_POINT('',(0.0250000000000006,-5.80091530366644E-14,0.00599999999998928));
#8053=CARTESIAN_POINT('',(0.0250000000000006,-5.80091530366644E-14,0.00599999999998928));
#8054=CARTESIAN_POINT('',(0.0260000000000335,-5.80091530366644E-14,0.00599999999998928));
#8055=CARTESIAN_POINT('',(0.0220000000000006,-5.80091530366644E-14,0.00599999999998928));
#8056=CARTESIAN_POINT('',(0.0220000000000006,-5.80091530366644E-14,0.00599999999998928));
#8057=CARTESIAN_POINT('',(0.0220000000000006,-5.80091530366644E-14,0.00499999999998928));
#8058=CARTESIAN_POINT('',(0.0220000000000006,-5.80022141427605E-14,0.0490605456227112));
#8059=CARTESIAN_POINT('',(0.0220000000000006,-5.80022141427605E-14,-0.00350000000018892));
#8060=CARTESIAN_POINT('',(0.0266000000040704,-5.80091530366644E-14,-0.00350000000018892));
#8061=CARTESIAN_POINT('',(-0.0220000000000005,-5.80091530366644E-14,-0.00350000000018892));
#8062=CARTESIAN_POINT('',(-0.0220000000000005,-5.80091530366644E-14,0.0490605456227112));
#8063=CARTESIAN_POINT('',(-0.0220000000000005,-5.80091530366644E-14,0.00499999999998928));
#8064=CARTESIAN_POINT('',(-0.0220000000000005,-5.80091530366644E-14,0.00599999999998928));
#8065=CARTESIAN_POINT('',(0.0240000000000006,-0.0164000000000017,-0.00410000000018901));
#8066=CARTESIAN_POINT('',(0.0270000000000335,-0.0164000000000017,0.00899999999998928));
#8067=CARTESIAN_POINT('',(0.0250000000000005,-0.0164000000000017,0.00899999999998928));
#8068=CARTESIAN_POINT('',(-0.0250000000000005,-0.0164000000000017,0.00899999999998928));
#8069=CARTESIAN_POINT('',(-0.0250000000000005,-0.0164000000000017,-0.00410000000018901));
#8070=CARTESIAN_POINT('',(-0.0250000000000005,-0.0164000000000017,0.00599999999998928));
#8071=CARTESIAN_POINT('',(0.0270000000000335,-0.0164000000000017,0.00599999999998928));
#8072=CARTESIAN_POINT('',(-0.0220000000000005,-0.0164000000000017,0.00599999999998928));
#8073=CARTESIAN_POINT('',(-0.0220000000000005,-0.0164000000000017,0.00599999999998928));
#8074=CARTESIAN_POINT('',(-0.0220000000000005,-0.0164000000000017,0.00499999999998928));
#8075=CARTESIAN_POINT('',(-0.0220000000000005,-0.0164000000000017,-0.00410000000018901));
#8076=CARTESIAN_POINT('',(-0.0220000000000005,-0.0164000000000017,-0.00350000000018892));
#8077=CARTESIAN_POINT('',(0.0266000000040704,-0.0164000000000017,-0.00350000000018892));
#8078=CARTESIAN_POINT('',(0.0220000000000006,-0.0164000000000017,-0.00350000000018892));
#8079=CARTESIAN_POINT('',(0.0220000000000006,-0.0164000000000017,-0.00410000000018901));
#8080=CARTESIAN_POINT('',(0.0220000000000006,-0.0164000000000017,0.00499999999998928));
#8081=CARTESIAN_POINT('',(0.0220000000000006,-0.0164000000000017,0.00599999999998928));
#8082=CARTESIAN_POINT('',(0.0220000000000006,-0.0164000000000017,0.00599999999998928));
#8083=CARTESIAN_POINT('',(0.0270000000000335,-0.0164000000000017,0.00599999999998928));
#8084=CARTESIAN_POINT('',(0.0250000000000005,-0.0164000000000017,0.00599999999998928));
#8085=CARTESIAN_POINT('',(0.0250000000000005,-0.0164000000000017,0.00899999999998928));
#8086=CARTESIAN_POINT('',(-0.0190000000000005,-0.0144000000000017,-0.0025));
#8087=CARTESIAN_POINT('',(-0.0181828427124745,-0.0144000000000017,0.00431715728752547));
#8088=CARTESIAN_POINT('',(-0.0175000000000107,-0.0144000000000017,0.00499999999998928));
#8089=CARTESIAN_POINT('',(-0.0189999992911206,-0.014400000000002,0.00350000070887929));
#8090=CARTESIAN_POINT('',(-0.0175000000000107,-0.0144000000000017,0.00599999999998928));
#8091=CARTESIAN_POINT('',(-0.0175000000000107,-0.0144000000000017,0.00599999999998928));
#8092=CARTESIAN_POINT('',(-0.0175000000000107,-0.0144000000000017,0.00899999999998928));
#8093=CARTESIAN_POINT('',(-0.0175000000000107,-0.0144000000000017,0.00899999999998928));
#8094=CARTESIAN_POINT('',(-0.0190000000000005,-0.0144000000000017,0.00899999999998928));
#8095=CARTESIAN_POINT('',(0.0175000000000113,-0.0144000000000017,0.00899999999998928));
#8096=CARTESIAN_POINT('',(0.0175000000000113,-0.0144000000000017,0.00899999999998928));
#8097=CARTESIAN_POINT('',(0.0175000000000113,-0.0144000000000017,0.00599999999998928));
#8098=CARTESIAN_POINT('',(0.0175000000000113,-0.0144000000000017,0.00599999999998928));
#8099=CARTESIAN_POINT('',(0.0175000000000113,-0.0144000000000017,0.00499999999998928));
#8100=CARTESIAN_POINT('',(0.0190000000000005,-0.0144000000000017,0.00350000000000005));
#8101=CARTESIAN_POINT('',(0.0189999994683405,-0.014400000000002,0.00350000053165978));
#8102=CARTESIAN_POINT('',(0.0190000000000005,-0.0144000000000017,0.00350000000000005));
#8103=CARTESIAN_POINT('',(0.0189999999999995,-0.0144000000000017,-0.0025));
#8104=CARTESIAN_POINT('',(-0.0190000000000005,-0.0144000000000017,-0.0025));
#8105=CARTESIAN_POINT('',(-0.0190000000000005,-0.0144000000000017,-0.0025));
#8106=CARTESIAN_POINT('',(-0.0190000000000005,-0.0144000000000017,-0.0025));
#8107=CARTESIAN_POINT('',(-0.0181828427124745,-0.0144144000066626,0.00431715728752544));
#8108=CARTESIAN_POINT('',(-0.0175000000000107,-0.0154000000000017,0.00499999999998928));
#8109=CARTESIAN_POINT('',(-0.0190000000000005,-0.0134000000000017,0.00349999999999948));
#8110=CARTESIAN_POINT('',(-0.0199999999999845,-0.0134000027445416,0.00250000000001627));
#8111=CARTESIAN_POINT('',(-0.0200000000000005,-0.0134000000000017,0.0025));
#8112=CARTESIAN_POINT('',(-0.0199999999999925,-0.0039999999999997,0.00250000000000833));
#8113=CARTESIAN_POINT('',(-0.0199999999852075,-0.0039999999999997,0.00250000000000817));
#8114=CARTESIAN_POINT('',(-0.0198075160415762,-0.00399999998763276,0.00269248394363952));
#8115=CARTESIAN_POINT('',(-0.0194261144315631,-0.00379857778236133,0.00307388557582909));
#8116=CARTESIAN_POINT('',(-0.0192499999999958,-0.00327200710026641,0.00325000000000412));
#8117=CARTESIAN_POINT('',(-0.0192500000000005,-0.002999999999982,0.0032499999999994));
#8118=CARTESIAN_POINT('',(-0.0192500000000005,-0.0029999999999971,0.00324999999999973));
#8119=CARTESIAN_POINT('',(-0.0192500000000005,-0.00299999999999981,0.00325));
#8120=CARTESIAN_POINT('',(-0.0192500000000015,-0.0010000000000006,0.00324999999999921));
#8121=CARTESIAN_POINT('',(-0.0192500000000015,-0.0010000000000156,0.00324999999999912));
#8122=CARTESIAN_POINT('',(-0.0192499999999925,-0.000727208068416678,0.0032500000000081));
#8123=CARTESIAN_POINT('',(-0.0194258142061383,-0.000201909471529332,0.00307418579386145));
#8124=CARTESIAN_POINT('',(-0.0198079694397915,-3.08544021019833E-12,0.00269203056020859));
#8125=CARTESIAN_POINT('',(-0.0199999999926045,0.,0.00250000000739549));
#8126=CARTESIAN_POINT('',(0.0200000000000006,-0.0144144000066626,0.0025));
#8127=CARTESIAN_POINT('',(0.0175000000000113,-0.0144144000066626,0.00499999999998928));
#8128=CARTESIAN_POINT('',(0.0199999999851775,0.,0.00250000000003802));
#8129=CARTESIAN_POINT('',(0.0198075160415277,-1.21531828465214E-11,0.00269248394368786));
#8130=CARTESIAN_POINT('',(0.0194261144315504,-0.000201422217813555,0.00307388557584273));
#8131=CARTESIAN_POINT('',(0.0192499999999937,-0.000727992899731244,0.00325000000000671));
#8132=CARTESIAN_POINT('',(0.0192499999999995,-0.001000000000015,0.00325000000000092));
#8133=CARTESIAN_POINT('',(0.0192499999999995,-0.001,0.00325000000000051));
#8134=CARTESIAN_POINT('',(0.0192500000000005,-0.001,0.0032500000000001));
#8135=CARTESIAN_POINT('',(0.0192499999999995,-0.00299999999999651,0.0032500000000005));
#8136=CARTESIAN_POINT('',(0.0192499999999995,-0.00299999999998151,0.0032500000000005));
#8137=CARTESIAN_POINT('',(0.0192499999999901,-0.00327279193158126,0.00325000000000986));
#8138=CARTESIAN_POINT('',(0.0194258142061374,-0.00379809052847088,0.00307418579386375));
#8139=CARTESIAN_POINT('',(0.0198079694397916,-0.0039999999969157,0.00269203056020847));
#8140=CARTESIAN_POINT('',(0.0199999999926056,-0.0039999999999999,0.00250000000739455));
#8141=CARTESIAN_POINT('',(0.0199999999999995,-0.0039999999999999,0.00250000000000351));
#8142=CARTESIAN_POINT('',(0.0200000000000006,-0.0134000000000017,0.0025));
#8143=CARTESIAN_POINT('',(0.0200000000000015,-0.0133999990967144,0.00249999999999934));
#8144=CARTESIAN_POINT('',(0.0189999999999995,-0.0134000000000015,0.00350000000000111));
#8145=CARTESIAN_POINT('',(-0.0200000000000005,-0.0039999999999998,-0.0025));
#8146=CARTESIAN_POINT('',(-0.0200000000000005,-0.0134000000000017,-0.0025));
#8147=CARTESIAN_POINT('',(-0.0200000000000005,-0.0134000000000017,-0.0025));
#8148=CARTESIAN_POINT('',(-0.0200000000000005,-0.0039999999999998,-0.0025));
#8149=CARTESIAN_POINT('',(-0.0200000000000005,-0.0039999999999997,0.00250000000000006));
#8150=CARTESIAN_POINT('',(-0.0200000000000005,-0.0134000000000017,-0.0025));
#8151=CARTESIAN_POINT('',(0.0200000000000006,-0.0144000000000017,-0.0025));
#8152=CARTESIAN_POINT('',(0.0192500000000005,-0.001000000000015,-0.0025));
#8153=CARTESIAN_POINT('',(0.0192499999999924,-0.000768649127653665,-0.0025));
#8154=CARTESIAN_POINT('',(0.0193585549708815,-0.000305974278630717,-0.0025));
#8155=CARTESIAN_POINT('',(0.019766919244171,-7.21169683284304E-12,-0.0025));
#8156=CARTESIAN_POINT('',(0.0199999999852154,0.,-0.0025));
#8157=CARTESIAN_POINT('',(0.0192500000000005,-0.001,-0.0025));
#8158=CARTESIAN_POINT('',(-0.0199999999852155,0.,-0.0025));
#8159=CARTESIAN_POINT('',(-0.0197667525923296,-1.49822568181964E-11,-0.0025));
#8160=CARTESIAN_POINT('',(-0.01935826065582,-0.000306529320393098,-0.0025));
#8161=CARTESIAN_POINT('',(-0.0192499999999971,-0.000768721124780172,-0.0025));
#8162=CARTESIAN_POINT('',(-0.0192500000000015,-0.0010000000000156,-0.0025));
#8163=CARTESIAN_POINT('',(-0.0192500000000015,-0.0010000000000006,-0.0025));
#8164=CARTESIAN_POINT('',(-0.0192500000000005,-0.001,-0.0025));
#8165=CARTESIAN_POINT('',(-0.0192500000000005,-0.00299999999999981,-0.0025));
#8166=CARTESIAN_POINT('',(-0.0192500000000005,-0.00299999999998481,-0.0025));
#8167=CARTESIAN_POINT('',(-0.0192499999999939,-0.00323135087234046,-0.0025));
#8168=CARTESIAN_POINT('',(-0.0193585549709048,-0.00369402572148445,-0.0025));
#8169=CARTESIAN_POINT('',(-0.019766919244198,-0.00399999999251388,-0.0025));
#8170=CARTESIAN_POINT('',(-0.0199999999852155,-0.0039999999999997,-0.0025));
#8171=CARTESIAN_POINT('',(-0.0190000000000005,-0.0134000000000016,-0.0025));
#8172=CARTESIAN_POINT('',(0.0189999999999995,-0.0134000000000011,-0.0025));
#8173=CARTESIAN_POINT('',(0.0200000000000006,-0.0134000000000014,-0.0025));
#8174=CARTESIAN_POINT('',(0.0200000000000006,-0.0134000000000016,-0.0025));
#8175=CARTESIAN_POINT('',(0.0200000000000006,-0.0039999999999998,-0.0025));
#8176=CARTESIAN_POINT('',(0.0199999999852154,-0.0039999999999999,-0.0025));
#8177=CARTESIAN_POINT('',(0.0197667525923287,-0.00399999998501849,-0.0025));
#8178=CARTESIAN_POINT('',(0.0193582606558182,-0.00369347067960535,-0.0025));
#8179=CARTESIAN_POINT('',(0.0192499999999948,-0.00323127887521769,-0.0025));
#8180=CARTESIAN_POINT('',(0.0192499999999995,-0.0029999999999816,-0.0025));
#8181=CARTESIAN_POINT('',(0.0192499999999995,-0.00299999999999651,-0.0025));
#8182=CARTESIAN_POINT('',(0.0192500000000005,-0.00299999999999981,-0.0025));
#8183=CARTESIAN_POINT('',(-0.0200063501408076,-4.20186516161937E-8,0.00328450000000326));
#8184=CARTESIAN_POINT('',(-0.0200063501408076,-4.20186516161937E-8,-0.0025));
#8185=CARTESIAN_POINT('',(-0.0198292666997238,2.25139415723655E-6,0.00328450000000325));
#8186=CARTESIAN_POINT('',(-0.0198292666997238,2.25139415723655E-6,-0.00250000000000001));
#8187=CARTESIAN_POINT('',(-0.0194048798980564,-0.000198610983858071,0.00328450000000324));
#8188=CARTESIAN_POINT('',(-0.0194048798980564,-0.000198610983858071,-0.00250000000000002));
#8189=CARTESIAN_POINT('',(-0.0192499999999937,-0.000762883527724645,0.00328450000000325));
#8190=CARTESIAN_POINT('',(-0.0192499999999937,-0.000762883527724645,-0.00250000000000001));
#8191=CARTESIAN_POINT('',(-0.0192500000000016,-0.00100000000003057,0.00328450000000325));
#8192=CARTESIAN_POINT('',(-0.0192500000000016,-0.00100000000003057,-0.00250000000000001));
#8193=CARTESIAN_POINT('',(-0.0192500000000005,-0.001,0.00325));
#8194=CARTESIAN_POINT('',(-0.0192500000000005,-0.001,0.00325));
#8195=CARTESIAN_POINT('',(-0.0192500000000005,-0.00299999999999981,0.00325));
#8196=CARTESIAN_POINT('',(-0.0192500000000006,-0.00299999999996712,0.00328450000000041));
#8197=CARTESIAN_POINT('',(-0.0192500000000006,-0.00299999999996712,-0.00250000000000001));
#8198=CARTESIAN_POINT('',(-0.0192499999999932,-0.00323711647062084,0.00328450000000041));
#8199=CARTESIAN_POINT('',(-0.0192499999999932,-0.00323711647062084,-0.00250000000000001));
#8200=CARTESIAN_POINT('',(-0.0194048798954869,-0.003801389010181,0.0032845000000004));
#8201=CARTESIAN_POINT('',(-0.0194048798954869,-0.003801389010181,-0.00250000000000002));
#8202=CARTESIAN_POINT('',(-0.019829266692738,-0.00400225139175069,0.0032845000000004));
#8203=CARTESIAN_POINT('',(-0.019829266692738,-0.00400225139175069,-0.00250000000000002));
#8204=CARTESIAN_POINT('',(-0.0200063501334059,-0.00399995798144396,0.00328450000000042));
#8205=CARTESIAN_POINT('',(-0.0200063501334059,-0.00399995798144396,-0.0025));
#8206=CARTESIAN_POINT('',(0.0200000000000006,-0.0134000000000017,-0.0025));
#8207=CARTESIAN_POINT('',(0.0200000000000006,-0.0039999999999998,-0.0025));
#8208=CARTESIAN_POINT('',(0.0200000000000006,-0.0134000000000017,0.0025));
#8209=CARTESIAN_POINT('',(0.0192500000000005,-0.00299999999999981,0.00325000000000009));
#8210=CARTESIAN_POINT('',(0.0192500000000005,-0.001,0.0032500000000001));
#8211=CARTESIAN_POINT('',(0.0192500000000005,-0.00299999999999981,0.00325000000000009));
#8212=CARTESIAN_POINT('',(0.020006350140809,-0.00399995798134823,0.00328450000000471));
#8213=CARTESIAN_POINT('',(0.020006350140809,-0.00399995798134823,-0.00250000000000001));
#8214=CARTESIAN_POINT('',(0.0198292666997245,-0.00400225139415802,0.00328450000000471));
#8215=CARTESIAN_POINT('',(0.0198292666997245,-0.00400225139415802,-0.00250000000000001));
#8216=CARTESIAN_POINT('',(0.0194048798980563,-0.00380138901614371,0.00328450000000471));
#8217=CARTESIAN_POINT('',(0.0194048798980563,-0.00380138901614371,-0.0025));
#8218=CARTESIAN_POINT('',(0.0192499999999911,-0.00323711647227295,0.00328450000000472));
#8219=CARTESIAN_POINT('',(0.0192499999999911,-0.00323711647227295,-0.0025));
#8220=CARTESIAN_POINT('',(0.0192499999999992,-0.00299999999996652,0.00328450000000472));
#8221=CARTESIAN_POINT('',(0.0192499999999992,-0.00299999999996652,-0.0025));
#8222=CARTESIAN_POINT('',(0.0192499999999994,-0.00100000000003008,0.00328450000000217));
#8223=CARTESIAN_POINT('',(0.0192499999999994,-0.00100000000003008,-0.0025));
#8224=CARTESIAN_POINT('',(0.0192499999999911,-0.000762883529377451,0.00328450000000218));
#8225=CARTESIAN_POINT('',(0.0192499999999911,-0.000762883529377451,-0.00249999999999999));
#8226=CARTESIAN_POINT('',(0.0194048798954302,-0.000198610989916715,0.00328450000000216));
#8227=CARTESIAN_POINT('',(0.0194048798954302,-0.000198610989916715,-0.00250000000000001));
#8228=CARTESIAN_POINT('',(0.0198292666927617,2.25139180990754E-6,0.00328450000000215));
#8229=CARTESIAN_POINT('',(0.0198292666927617,2.25139180990754E-6,-0.00250000000000002));
#8230=CARTESIAN_POINT('',(0.0200063501334038,-4.20185606689622E-8,0.00328450000000216));
#8231=CARTESIAN_POINT('',(0.0200063501334038,-4.20185606689622E-8,-0.00250000000000001));
#8232=CARTESIAN_POINT('',(-0.0190000000000005,-0.0134000000000017,-0.0025));
#8233=CARTESIAN_POINT('',(0.0189999999999995,-0.0134000000000015,0.00350000000000011));
#8234=CARTESIAN_POINT('',(0.0220000000000006,-0.00820000000002985,0.0490605456227112));
#8235=CARTESIAN_POINT('',(0.0220000000000006,-0.00820000000002985,-0.00350000000018892));
#8236=CARTESIAN_POINT('',(0.0220000000000006,-0.0154000000000017,0.00599999999998928));
#8237=CARTESIAN_POINT('',(-0.0220000000000005,-0.00820000000002986,0.0490605456227112));
#8238=CARTESIAN_POINT('',(-0.0220000000000005,-0.00820000000002986,-0.00350000000018892));
#8239=CARTESIAN_POINT('',(-0.0220000000000005,-0.0154000000000017,0.00599999999998928));
#8240=CARTESIAN_POINT('',(-0.0175000000000107,-0.0154000000000017,0.00599999999998928));
#8241=CARTESIAN_POINT('',(-0.0175000000000107,-0.0154000000000017,0.00899999999998928));
#8242=CARTESIAN_POINT('',(0.0175000000000113,-0.0144144000066626,0.00599999999998928));
#8243=CARTESIAN_POINT('',(0.0175000000000113,-0.0144144000066626,0.00899999999998928));
#8244=CARTESIAN_POINT('',(0.0266000000040704,-0.0388999938965319,-0.00350000000018892));
#8245=CARTESIAN_POINT('',(0.0270000000000335,-0.0154000000000017,0.00599999999998928));
#8246=CARTESIAN_POINT('',(-0.0245000000000005,-0.00820000000002987,0.00599999999998928));
#8247=CARTESIAN_POINT('',(-0.0256000000000005,-0.00820000000002987,0.00599999999998928));
#8248=CARTESIAN_POINT('',(-0.0270000000000005,-0.00820000000002987,0.00599999999998928));
#8249=CARTESIAN_POINT('',(-0.0270000000000005,-0.0144000000000597,0.00599999999998928));
#8250=CARTESIAN_POINT('',(-0.0270000000000005,-0.002,0.00599999999998928));
#8251=CARTESIAN_POINT('',(-0.0270000000000005,-0.002,0.00599999999998928));
#8252=CARTESIAN_POINT('',(-0.0250000000000005,-0.0164000000000017,0.00599999999998928));
#8253=CARTESIAN_POINT('',(0.0270000000000335,-0.0154000000000017,0.00899999999998928));
#8254=CARTESIAN_POINT('',(0.0245000000000006,-0.00820000000002986,0.00899999999998928));
#8255=CARTESIAN_POINT('',(0.0234000000000006,-0.00820000000002986,0.00899999999998928));
#8256=CARTESIAN_POINT('',(-0.0245000000000005,-0.00820000000002987,0.00899999999998928));
#8257=CARTESIAN_POINT('',(-0.0256000000000005,-0.00820000000002987,0.00899999999998928));
#8258=CARTESIAN_POINT('',(-0.00669999999920125,0.0183000000002105,0.00899999999998928));
#8259=CARTESIAN_POINT('',(-0.0270000000000005,-0.002,0.00899999999998928));
#8260=CARTESIAN_POINT('',(-0.0270000000000005,-0.00820000000002987,0.00899999999998928));
#8261=CARTESIAN_POINT('',(-0.0270000000000005,-0.0144000000000597,0.00899999999998928));
#8262=CARTESIAN_POINT('',(0.000500000000770867,-0.0419000000000332,0.00899999999998928));
#8263=CARTESIAN_POINT('',(0.026500000000046,-0.0148999999999997,0.00899999999998928));
#8264=CARTESIAN_POINT('',(0.0270000000000006,-0.0144000000000597,0.00899999999998928));
#8265=CARTESIAN_POINT('',(0.0270000000000006,-0.00820000000002986,0.00899999999998928));
#8266=CARTESIAN_POINT('',(0.0270000000000006,-0.002,0.00899999999998928));
#8267=CARTESIAN_POINT('',(0.0337000000000179,-0.00869999999982298,0.00899999999998928));
#8268=CARTESIAN_POINT('',(0.0270000000000335,-0.0154000000000017,0.00599999999998928));
#8269=CARTESIAN_POINT('',(0.0245000000000006,-0.00820000000002986,0.00599999999998928));
#8270=CARTESIAN_POINT('',(0.0234000000000006,-0.00820000000002986,0.00599999999998928));
#8271=CARTESIAN_POINT('',(0.0250000000000006,-5.80091530366644E-14,0.00599999999998928));
#8272=CARTESIAN_POINT('',(0.0270000000000006,-0.002,0.00599999999998928));
#8273=CARTESIAN_POINT('',(0.0270000000000006,-0.00820000000002986,0.00599999999998928));
#8274=CARTESIAN_POINT('',(0.0270000000000006,-0.0144000000000597,0.00599999999998928));
#8275=CARTESIAN_POINT('',(0.0270000000000006,-0.0144000000000597,0.00599999999998928));
#8276=CARTESIAN_POINT('',(0.0270000000000006,-0.00820000000002986,0.00899999999998928));
#8277=CARTESIAN_POINT('',(0.0270000000000006,-0.002,0.00899999999998928));
#8278=CARTESIAN_POINT('',(0.0270000000000006,-0.0144000000000597,0.00599999999998928));
#8279=CARTESIAN_POINT('',(-0.0270000000000005,-0.00820000000002987,0.00899999999998928));
#8280=CARTESIAN_POINT('',(-0.0270000000000005,-0.002,0.00899999999998928));
#8281=CARTESIAN_POINT('',(-0.0270000000000005,-0.0144000000000597,0.00899999999998928));
#8282=CARTESIAN_POINT('',(0.0245000000000006,-0.00820000000002986,0.00899999999998928));
#8283=CARTESIAN_POINT('',(-0.0245000000000005,-0.00820000000002987,0.00899999999998928));
#8284=CARTESIAN_POINT('',(-0.0270000000000005,-0.002,0.00899999999998928));
#8285=CARTESIAN_POINT('',(-0.0250000000000005,-0.0164000000000017,-0.00410000000018901));
#8286=CARTESIAN_POINT('',(0.0250000000000006,-5.80091530366644E-14,-0.00410000000018892));
#8287=CARTESIAN_POINT('',(0.0270000000000006,-0.0144000000000597,0.00899999999998928));
#8288=CARTESIAN_POINT('',(-0.00158878404384803,0.0337133103491921,-8.67361737988404E-19));
#8289=CARTESIAN_POINT('',(-0.029,8.67361737988404E-19,0.018));
#8290=CARTESIAN_POINT('',(-0.029,-0.008,0.016));
#8291=CARTESIAN_POINT('',(-0.029,-0.008,0.016));
#8292=CARTESIAN_POINT('',(-0.029,-0.01,0.016));
#8293=CARTESIAN_POINT('',(-0.029,-0.008,0.018));
#8294=CARTESIAN_POINT('',(-0.029,-0.008,0.008));
#8295=CARTESIAN_POINT('',(-0.029,8.67361737988404E-19,0.008));
#8296=CARTESIAN_POINT('',(-0.029,0.01,0.008));
#8297=CARTESIAN_POINT('',(-0.029,0.01,0.018));
#8298=CARTESIAN_POINT('',(-0.029,0.01,0.018));
#8299=CARTESIAN_POINT('',(-0.029,8.67361737988404E-19,0.018));
#8300=CARTESIAN_POINT('',(-0.029,-0.01,0.018));
#8301=CARTESIAN_POINT('',(-0.029,-0.01,0.018));
#8302=CARTESIAN_POINT('',(-0.029,8.67361737988404E-19,0.008));
#8303=CARTESIAN_POINT('',(-0.029,-0.008,0.008));
#8304=CARTESIAN_POINT('',(-0.025,-0.008,0.004));
#8305=CARTESIAN_POINT('',(-0.025,5.20417042793042E-18,0.004));
#8306=CARTESIAN_POINT('',(-0.025,-0.00114564392373896,0.004));
#8307=CARTESIAN_POINT('',(-0.0225,-4.63763251938064E-18,0.0015));
#8308=CARTESIAN_POINT('',(-0.025,0.00114564392373895,0.004));
#8309=CARTESIAN_POINT('',(-0.025,5.20417042793042E-18,0.004));
#8310=CARTESIAN_POINT('',(-0.025,0.01,0.004));
#8311=CARTESIAN_POINT('',(-0.029,0.01,0.008));
#8312=CARTESIAN_POINT('',(-0.002,5.20417042793042E-18,0.));
#8313=CARTESIAN_POINT('',(-0.0326464466094067,-0.00764644660940671,0.));
#8314=CARTESIAN_POINT('',(-0.0307928932188135,-0.0095,0.));
#8315=CARTESIAN_POINT('',(-0.0325,-0.00779289321881344,0.));
#8316=CARTESIAN_POINT('',(-0.0325,5.20417042793042E-18,0.));
#8317=CARTESIAN_POINT('',(-0.0325,-0.00606217782649108,0.));
#8318=CARTESIAN_POINT('',(-0.036,-4.02510056535244E-18,0.));
#8319=CARTESIAN_POINT('',(-0.0325,0.00606217782649107,0.));
#8320=CARTESIAN_POINT('',(-0.0325,5.20417042793042E-18,0.));
#8321=CARTESIAN_POINT('',(-0.0325,0.00779289321881346,0.));
#8322=CARTESIAN_POINT('',(-0.0306464466094067,0.00964644660940673,0.));
#8323=CARTESIAN_POINT('',(-0.0307928932188135,0.0095,0.));
#8324=CARTESIAN_POINT('',(0.024,0.0095,0.));
#8325=CARTESIAN_POINT('',(0.0237928932188135,0.0095,0.));
#8326=CARTESIAN_POINT('',(0.0286464466094067,0.00464644660940671,0.));
#8327=CARTESIAN_POINT('',(0.0285,0.00479289321881344,0.));
#8328=CARTESIAN_POINT('',(0.0285,-0.005,0.));
#8329=CARTESIAN_POINT('',(0.0285,-0.00479289321881343,0.));
#8330=CARTESIAN_POINT('',(0.0236464466094067,-0.0096464466094067,0.));
#8331=CARTESIAN_POINT('',(0.0237928932188135,-0.0095,0.));
#8332=CARTESIAN_POINT('',(-0.031,-0.0095,0.));
#8333=CARTESIAN_POINT('',(-0.015,-3.04250493323692E-18,0.));
#8334=CARTESIAN_POINT('',(-0.0135,-3.04250493323692E-18,0.));
#8335=CARTESIAN_POINT('',(0.015,4.3053758616472E-18,0.));
#8336=CARTESIAN_POINT('',(0.0165,4.3053758616472E-18,0.));
#8337=CARTESIAN_POINT('',(0.0225,-2.3604591023173E-18,0.));
#8338=CARTESIAN_POINT('',(0.0247,-2.3604591023173E-18,0.));
#8339=CARTESIAN_POINT('',(-0.0225,-4.63763251938064E-18,0.));
#8340=CARTESIAN_POINT('',(-0.0203,-4.63763251938064E-18,0.));
#8341=CARTESIAN_POINT('',(-0.033,0.,0.018));
#8342=CARTESIAN_POINT('',(-0.033,-0.0057662812973354,0.01));
#8343=CARTESIAN_POINT('',(-0.033,-0.0057662812973354,0.0005));
#8344=CARTESIAN_POINT('',(-0.033,-0.0057662812973354,0.006));
#8345=CARTESIAN_POINT('',(-0.033,0.,0.0005));
#8346=CARTESIAN_POINT('',(-0.033,-0.008,0.0005));
#8347=CARTESIAN_POINT('',(-0.033,-0.008,0.018));
#8348=CARTESIAN_POINT('',(-0.033,-0.008,0.018));
#8349=CARTESIAN_POINT('',(-0.033,0.,0.018));
#8350=CARTESIAN_POINT('',(-0.033,0.008,0.018));
#8351=CARTESIAN_POINT('',(-0.033,0.008,0.));
#8352=CARTESIAN_POINT('',(-0.033,0.008,0.0005));
#8353=CARTESIAN_POINT('',(-0.033,0.,0.0005));
#8354=CARTESIAN_POINT('',(-0.033,0.00576628129733539,0.0005));
#8355=CARTESIAN_POINT('',(-0.033,0.00576628129733539,0.01));
#8356=CARTESIAN_POINT('',(-0.033,0.00576628129733539,0.006));
#8357=CARTESIAN_POINT('',(-0.033,0.00576628129733539,0.006));
#8358=CARTESIAN_POINT('',(-0.033,0.00533939056527725,0.00637870339142657));
#8359=CARTESIAN_POINT('',(-0.033,0.00447883281125347,0.00712607304698298));
#8360=CARTESIAN_POINT('',(-0.033,0.00313261555531485,0.00819232178292237));
#8361=CARTESIAN_POINT('',(-0.033,0.00171969497951381,0.00912820690857902));
#8362=CARTESIAN_POINT('',(-0.033,0.000319667591137899,0.00958698967784753));
#8363=CARTESIAN_POINT('',(-0.033,-0.000850490475680977,0.00941751384935193));
#8364=CARTESIAN_POINT('',(-0.033,-0.00191783801003618,0.00898996344291161));
#8365=CARTESIAN_POINT('',(-0.033,-0.00313012145719072,0.00819697878147452));
#8366=CARTESIAN_POINT('',(-0.033,-0.00447042978243078,0.0071322568641326));
#8367=CARTESIAN_POINT('',(-0.033,-0.00533722615543941,0.00638062348311391));
#8368=CARTESIAN_POINT('',(-0.033,-0.0057662812973354,0.006));
#8369=CARTESIAN_POINT('',(1.7347234759768E-18,-0.01,0.004));
#8370=CARTESIAN_POINT('',(-0.031,-0.01,0.));
#8371=CARTESIAN_POINT('',(-0.031,-0.01,0.018));
#8372=CARTESIAN_POINT('',(-0.031,-0.01,0.0005));
#8373=CARTESIAN_POINT('',(0.024,-0.01,0.0005));
#8374=CARTESIAN_POINT('',(0.024,-0.01,0.0005));
#8375=CARTESIAN_POINT('',(0.024,-0.01,0.004));
#8376=CARTESIAN_POINT('',(0.024,-0.01,0.004));
#8377=CARTESIAN_POINT('',(1.7347234759768E-18,-0.01,0.004));
#8378=CARTESIAN_POINT('',(-0.017,-0.01,0.004));
#8379=CARTESIAN_POINT('',(-0.023,-0.01,0.01));
#8380=CARTESIAN_POINT('',(-0.031,-0.01,0.018));
#8381=CARTESIAN_POINT('',(0.029,0.,0.004));
#8382=CARTESIAN_POINT('',(0.029,-0.005,0.004));
#8383=CARTESIAN_POINT('',(0.029,-0.005,0.004));
#8384=CARTESIAN_POINT('',(0.029,-0.005,0.0005));
#8385=CARTESIAN_POINT('',(0.029,0.005,0.0005));
#8386=CARTESIAN_POINT('',(0.029,0.005,0.0005));
#8387=CARTESIAN_POINT('',(0.029,0.005,0.004));
#8388=CARTESIAN_POINT('',(0.029,0.005,0.004));
#8389=CARTESIAN_POINT('',(0.029,0.,0.004));
#8390=CARTESIAN_POINT('',(-0.015,-2.91697863632431E-18,0.004));
#8391=CARTESIAN_POINT('',(-0.015,-2.91697863632431E-18,0.0035));
#8392=CARTESIAN_POINT('',(-0.01195,-2.91697863632431E-18,0.0035));
#8393=CARTESIAN_POINT('',(-0.015,-2.91697863632431E-18,0.001));
#8394=CARTESIAN_POINT('',(-0.01195,-2.91697863632431E-18,0.001));
#8395=CARTESIAN_POINT('',(3.46944695195361E-18,0.01,0.004));
#8396=CARTESIAN_POINT('',(0.024,0.01,0.004));
#8397=CARTESIAN_POINT('',(0.024,0.01,0.004));
#8398=CARTESIAN_POINT('',(0.024,0.01,0.0005));
#8399=CARTESIAN_POINT('',(-0.031,0.01,0.0005));
#8400=CARTESIAN_POINT('',(-0.031,0.01,0.0005));
#8401=CARTESIAN_POINT('',(-0.031,0.01,0.018));
#8402=CARTESIAN_POINT('',(-0.031,0.01,0.018));
#8403=CARTESIAN_POINT('',(-0.031,0.01,0.018));
#8404=CARTESIAN_POINT('',(3.46944695195361E-18,0.01,0.004));
#8405=CARTESIAN_POINT('',(0.015,4.4309021585598E-18,0.004));
#8406=CARTESIAN_POINT('',(0.015,4.4309021585598E-18,0.0035));
#8407=CARTESIAN_POINT('',(0.01805,4.4309021585598E-18,0.0035));
#8408=CARTESIAN_POINT('',(0.015,4.4309021585598E-18,0.001));
#8409=CARTESIAN_POINT('',(0.01805,4.4309021585598E-18,0.001));
#8410=CARTESIAN_POINT('',(-0.002,5.20417042793042E-18,0.004));
#8411=CARTESIAN_POINT('',(1.4954512723938E-18,-0.008,0.004));
#8412=CARTESIAN_POINT('',(-0.017,-0.008,0.004));
#8413=CARTESIAN_POINT('',(-0.017,-0.008,0.004));
#8414=CARTESIAN_POINT('',(0.016,-0.018,0.004));
#8415=CARTESIAN_POINT('',(0.016,0.018,0.004));
#8416=CARTESIAN_POINT('',(-0.0225,-4.63763251938064E-18,0.004));
#8417=CARTESIAN_POINT('',(0.015,4.4309021585598E-18,0.004));
#8418=CARTESIAN_POINT('',(0.01855,4.4309021585598E-18,0.004));
#8419=CARTESIAN_POINT('',(-0.015,-2.91697863632431E-18,0.004));
#8420=CARTESIAN_POINT('',(-0.01145,-2.91697863632431E-18,0.004));
#8421=CARTESIAN_POINT('',(0.0225,-2.3604591023173E-18,0.004));
#8422=CARTESIAN_POINT('',(0.01975,-2.3604591023173E-18,0.004));
#8423=CARTESIAN_POINT('',(0.0225,-2.3604591023173E-18,0.004));
#8424=CARTESIAN_POINT('',(0.0225,-2.3604591023173E-18,0.0005));
#8425=CARTESIAN_POINT('',(0.0242,-2.3604591023173E-18,0.0005));
#8426=CARTESIAN_POINT('',(0.0225,-2.3604591023173E-18,0.001));
#8427=CARTESIAN_POINT('',(0.0208,-2.3604591023173E-18,0.001));
#8428=CARTESIAN_POINT('',(0.02525,-2.3604591023173E-18,0.001));
#8429=CARTESIAN_POINT('',(0.0225,-2.3604591023173E-18,0.001));
#8430=CARTESIAN_POINT('',(0.01975,-2.3604591023173E-18,0.001));
#8431=CARTESIAN_POINT('',(0.0225,-2.3604591023173E-18,0.004));
#8432=CARTESIAN_POINT('',(-0.0225,-4.63763251938064E-18,0.004));
#8433=CARTESIAN_POINT('',(-0.0225,-4.63763251938064E-18,0.0005));
#8434=CARTESIAN_POINT('',(-0.0208,-4.63763251938064E-18,0.0005));
#8435=CARTESIAN_POINT('',(-0.0225,-4.63763251938064E-18,0.001));
#8436=CARTESIAN_POINT('',(-0.0242,-4.63763251938064E-18,0.001));
#8437=CARTESIAN_POINT('',(-0.01975,-4.63763251938064E-18,0.001));
#8438=CARTESIAN_POINT('',(-0.0225,-4.63763251938064E-18,0.001));
#8439=CARTESIAN_POINT('',(-0.02525,-4.63763251938064E-18,0.001));
#8440=CARTESIAN_POINT('',(-0.0225,-4.63763251938064E-18,0.004));
#8441=CARTESIAN_POINT('',(0.015,4.3053758616472E-18,0.256817621135332));
#8442=CARTESIAN_POINT('',(0.015,4.3053758616472E-18,0.0005));
#8443=CARTESIAN_POINT('',(0.016,4.3053758616472E-18,0.0005));
#8444=CARTESIAN_POINT('',(0.015,4.3053758616472E-18,0.001));
#8445=CARTESIAN_POINT('',(0.016,4.3053758616472E-18,0.001));
#8446=CARTESIAN_POINT('',(-0.002,5.20417042793042E-18,0.001));
#8447=CARTESIAN_POINT('',(-0.015,-3.04250493323692E-18,0.256817621135332));
#8448=CARTESIAN_POINT('',(-0.015,-3.04250493323692E-18,0.0005));
#8449=CARTESIAN_POINT('',(-0.014,-3.04250493323692E-18,0.0005));
#8450=CARTESIAN_POINT('',(-0.015,-3.04250493323692E-18,0.001));
#8451=CARTESIAN_POINT('',(-0.014,-3.04250493323692E-18,0.001));
#8452=CARTESIAN_POINT('',(-0.002,5.20417042793042E-18,0.001));
#8453=CARTESIAN_POINT('',(0.015,4.4309021585598E-18,0.0035));
#8454=CARTESIAN_POINT('',(-0.015,-2.91697863632431E-18,0.0035));
#8455=CARTESIAN_POINT('',(0.029,-0.005,0.004));
#8456=CARTESIAN_POINT('',(0.029,-0.005,0.0005));
#8457=CARTESIAN_POINT('',(0.024,0.01,0.004));
#8458=CARTESIAN_POINT('',(0.024,0.01,0.0005));
#8459=CARTESIAN_POINT('',(-0.031,5.51091059616309E-20,0.018));
#8460=CARTESIAN_POINT('',(-0.0318259862551951,0.000424475310056488,0.00830898382795826));
#8461=CARTESIAN_POINT('',(-0.0319369005538469,-4.42245554569889E-7,0.00844537286409687));
#8462=CARTESIAN_POINT('',(-0.0318264115294172,-0.000422706327838209,0.00830952471565428));
#8463=CARTESIAN_POINT('',(-0.0315276808129138,-0.000783688855635763,0.0079616992082406));
#8464=CARTESIAN_POINT('',(-0.0310406977846846,-0.000964902695672866,0.00744674631729313));
#8465=CARTESIAN_POINT('',(-0.0305100083476612,-0.000818765445787816,0.00695403533322767));
#8466=CARTESIAN_POINT('',(-0.0301751314272363,-0.0004319009400016,0.00666331227946788));
#8467=CARTESIAN_POINT('',(-0.0300634969571887,-5.32131194258299E-6,0.00656924619547973));
#8468=CARTESIAN_POINT('',(-0.0301709559044524,0.000424695362219685,0.00665976663396162));
#8469=CARTESIAN_POINT('',(-0.030504677365403,0.000816354451847981,0.00694920951825893));
#8470=CARTESIAN_POINT('',(-0.0310391294008155,0.000965232377535245,0.00744516331451794));
#8471=CARTESIAN_POINT('',(-0.0315248096268742,0.000785550852086765,0.00795849471750175));
#8472=CARTESIAN_POINT('',(-0.0318259862551951,0.000424475310056488,0.00830898382795826));
#8473=CARTESIAN_POINT('',(-0.0319369005538469,-4.42245554569889E-7,0.00844537286409687));
#8474=CARTESIAN_POINT('',(-0.0318264115294172,-0.000422706327838209,0.00830952471565428));
#8475=CARTESIAN_POINT('',(-0.0319,-8.80291145303833E-20,0.0084));
#8476=CARTESIAN_POINT('',(-0.031,5.51091059616309E-20,0.018));
#8477=CARTESIAN_POINT('',(-0.0301,5.51091059616309E-20,0.018));
#8478=CARTESIAN_POINT('',(-0.002,5.20417042793042E-18,0.018));
#8479=CARTESIAN_POINT('',(-0.0215,-0.0195,0.018));
#8480=CARTESIAN_POINT('',(-0.0215,0.0195,0.018));
#8481=CARTESIAN_POINT('',(-0.036,-4.02510056535244E-18,0.01));
#8482=CARTESIAN_POINT('',(-0.036,-4.02510056535244E-18,0.0005));
#8483=CARTESIAN_POINT('',(-0.036,-4.02510056535244E-18,0.006));
#8484=CARTESIAN_POINT('',(-0.036,-4.02510056535244E-18,0.006));
#8485=CARTESIAN_POINT('',(-0.031,-0.01,0.004));
#8486=CARTESIAN_POINT('',(-0.031,-0.01,0.0005));
#8487=CARTESIAN_POINT('',(-0.033,0.008,0.018));
#8488=CARTESIAN_POINT('',(-0.033,0.008,0.0005));
#8489=CARTESIAN_POINT('',(0.0156464466094067,0.0176464466094067,0.));
#8490=CARTESIAN_POINT('',(0.025032726422712,0.00335670147864289,-0.003467273577288));
#8491=CARTESIAN_POINT('',(0.0217550335176285,0.00458017147118548,-0.0049198285288145));
#8492=CARTESIAN_POINT('',(-0.002,0.0095,0.));
#8493=CARTESIAN_POINT('',(-0.0318707388947466,0.012102149648983,0.00260214964898299));
#8494=CARTESIAN_POINT('',(0.0285,5.20417042793042E-18,0.));
#8495=CARTESIAN_POINT('',(0.0275857864376269,-0.00441421356237305,-0.00091421356237311));
#8496=CARTESIAN_POINT('',(-0.0211464466094068,0.0191464466094067,0.));
#8497=CARTESIAN_POINT('',(-0.0314740514413556,0.00736793141152586,-0.00102594855864434));
#8498=CARTESIAN_POINT('',(0.0156464466094067,-0.0176464466094067,0.));
#8499=CARTESIAN_POINT('',(0.0247031364003396,-0.0116975214338981,0.00219752143389816));
#8500=CARTESIAN_POINT('',(-0.033,0.,0.0005));
#8501=CARTESIAN_POINT('',(-0.033,0.00576628129733539,0.0005));
#8502=CARTESIAN_POINT('',(-0.0328339681333026,0.00586705881814581,0.00033396813330259));
#8503=CARTESIAN_POINT('',(-0.0326672750028454,0.00596560155856972,0.000167275002845383));
#8504=CARTESIAN_POINT('',(-0.0325,0.00606217782649118,2.65274551834974E-17));
#8505=CARTESIAN_POINT('',(-0.002,-0.0095,0.));
#8506=CARTESIAN_POINT('',(-0.0285180077969507,-0.00400794076169392,-0.00549205923830605));
#8507=CARTESIAN_POINT('',(-0.036,-4.02510056535244E-18,0.));
#8508=CARTESIAN_POINT('',(-0.0325,-0.0060621778264911,0.));
#8509=CARTESIAN_POINT('',(-0.0326672750028454,-0.00596560155856964,0.000167275002845356));
#8510=CARTESIAN_POINT('',(-0.0328339681333026,-0.0058670588181459,0.000333968133302617));
#8511=CARTESIAN_POINT('',(-0.033,-0.00576628129733548,0.000500000000000026));
#8512=CARTESIAN_POINT('',(-0.0211464466094068,-0.0191464466094067,0.));
#8513=CARTESIAN_POINT('',(-0.0294373546377967,-0.00652430397304979,-0.00306264536220331));
#8514=CARTESIAN_POINT('',(-0.033,0.,0.0005));
#8515=CARTESIAN_POINT('',(-0.015,-3.04250493323692E-18,0.));
#8516=CARTESIAN_POINT('',(0.015,4.3053758616472E-18,0.));
#8517=CARTESIAN_POINT('',(0.0225,-2.3604591023173E-18,0.0005));
#8518=CARTESIAN_POINT('',(-0.0225,-4.63763251938064E-18,0.0005));
#8519=CARTESIAN_POINT('',(-0.023,-0.008,0.01));
#8520=CARTESIAN_POINT('',(-0.023,-0.008,0.01));
#8521=CARTESIAN_POINT('',(-0.0035,-0.008,0.00925));
#8522=CARTESIAN_POINT('',(-0.0765887840438481,0.00171331034919204,-0.004));
#8523=MECHANICAL_DESIGN_GEOMETRIC_PRESENTATION_REPRESENTATION('',(#5023,
#5024,#5025,#5026),#8524);
#8524=(
GEOMETRIC_REPRESENTATION_CONTEXT(3)
GLOBAL_UNCERTAINTY_ASSIGNED_CONTEXT((#8529))
GLOBAL_UNIT_ASSIGNED_CONTEXT((#8536,#8535,#8534))
REPRESENTATION_CONTEXT('Voron purge bucket','TOP_LEVEL_ASSEMBLY_PART')
);
#8525=(
GEOMETRIC_REPRESENTATION_CONTEXT(3)
GLOBAL_UNCERTAINTY_ASSIGNED_CONTEXT((#8530))
GLOBAL_UNIT_ASSIGNED_CONTEXT((#8536,#8535,#8534))
REPRESENTATION_CONTEXT('Bucket','COMPONENT_PART')
);
#8526=(
GEOMETRIC_REPRESENTATION_CONTEXT(3)
GLOBAL_UNCERTAINTY_ASSIGNED_CONTEXT((#8531))
GLOBAL_UNIT_ASSIGNED_CONTEXT((#8536,#8535,#8534))
REPRESENTATION_CONTEXT('Mount mirrored','COMPONENT_PART')
);
#8527=(
GEOMETRIC_REPRESENTATION_CONTEXT(3)
GLOBAL_UNCERTAINTY_ASSIGNED_CONTEXT((#8532))
GLOBAL_UNIT_ASSIGNED_CONTEXT((#8536,#8535,#8534))
REPRESENTATION_CONTEXT('Brush Holder Sheet Stop','COMPONENT_PART')
);
#8528=(
GEOMETRIC_REPRESENTATION_CONTEXT(3)
GLOBAL_UNCERTAINTY_ASSIGNED_CONTEXT((#8533))
GLOBAL_UNIT_ASSIGNED_CONTEXT((#8536,#8535,#8534))
REPRESENTATION_CONTEXT('Mount','COMPONENT_PART')
);
#8529=UNCERTAINTY_MEASURE_WITH_UNIT(LENGTH_MEASURE(1.E-8),#8536,
'DISTANCE_ACCURACY_VALUE','Maximum Tolerance applied to model');
#8530=UNCERTAINTY_MEASURE_WITH_UNIT(LENGTH_MEASURE(2.E-5),#8536,
'DISTANCE_ACCURACY_VALUE','Maximum Tolerance applied to model');
#8531=UNCERTAINTY_MEASURE_WITH_UNIT(LENGTH_MEASURE(2.E-5),#8536,
'DISTANCE_ACCURACY_VALUE','Maximum Tolerance applied to model');
#8532=UNCERTAINTY_MEASURE_WITH_UNIT(LENGTH_MEASURE(2.E-5),#8536,
'DISTANCE_ACCURACY_VALUE','Maximum Tolerance applied to model');
#8533=UNCERTAINTY_MEASURE_WITH_UNIT(LENGTH_MEASURE(2.E-5),#8536,
'DISTANCE_ACCURACY_VALUE','Maximum Tolerance applied to model');
#8534=(
NAMED_UNIT(*)
SI_UNIT($,.STERADIAN.)
SOLID_ANGLE_UNIT()
);
#8535=(
NAMED_UNIT(*)
PLANE_ANGLE_UNIT()
SI_UNIT($,.RADIAN.)
);
#8536=(
LENGTH_UNIT()
NAMED_UNIT(*)
SI_UNIT($,.METRE.)
);
#8537=PRODUCT_DEFINITION_SHAPE('','',#8546);
#8538=PRODUCT_DEFINITION_SHAPE('','',#8547);
#8539=PRODUCT_DEFINITION_SHAPE(' ','NAUO PRDDFN',#19);
#8540=PRODUCT_DEFINITION_SHAPE('','',#8548);
#8541=PRODUCT_DEFINITION_SHAPE(' ','NAUO PRDDFN',#20);
#8542=PRODUCT_DEFINITION_SHAPE('','',#8549);
#8543=PRODUCT_DEFINITION_SHAPE(' ','NAUO PRDDFN',#21);
#8544=PRODUCT_DEFINITION_SHAPE('','',#8550);
#8545=PRODUCT_DEFINITION_SHAPE(' ','NAUO PRDDFN',#22);
#8546=PRODUCT_DEFINITION('','',#8556,#8551);
#8547=PRODUCT_DEFINITION('','',#8557,#8552);
#8548=PRODUCT_DEFINITION('','',#8558,#8553);
#8549=PRODUCT_DEFINITION('','',#8559,#8554);
#8550=PRODUCT_DEFINITION('','',#8560,#8555);
#8551=PRODUCT_DEFINITION_CONTEXT('',#8582,'design');
#8552=PRODUCT_DEFINITION_CONTEXT('',#8582,'design');
#8553=PRODUCT_DEFINITION_CONTEXT('',#8582,'design');
#8554=PRODUCT_DEFINITION_CONTEXT('',#8582,'design');
#8555=PRODUCT_DEFINITION_CONTEXT('',#8582,'design');
#8556=PRODUCT_DEFINITION_FORMATION_WITH_SPECIFIED_SOURCE('','',#8566,
 .NOT_KNOWN.);
#8557=PRODUCT_DEFINITION_FORMATION_WITH_SPECIFIED_SOURCE('','',#8567,
 .NOT_KNOWN.);
#8558=PRODUCT_DEFINITION_FORMATION_WITH_SPECIFIED_SOURCE('','',#8568,
 .NOT_KNOWN.);
#8559=PRODUCT_DEFINITION_FORMATION_WITH_SPECIFIED_SOURCE('','',#8569,
 .NOT_KNOWN.);
#8560=PRODUCT_DEFINITION_FORMATION_WITH_SPECIFIED_SOURCE('','',#8570,
 .NOT_KNOWN.);
#8561=PRODUCT_RELATED_PRODUCT_CATEGORY('','',(#8566));
#8562=PRODUCT_RELATED_PRODUCT_CATEGORY('','',(#8567));
#8563=PRODUCT_RELATED_PRODUCT_CATEGORY('','',(#8568));
#8564=PRODUCT_RELATED_PRODUCT_CATEGORY('','',(#8569));
#8565=PRODUCT_RELATED_PRODUCT_CATEGORY('','',(#8570));
#8566=PRODUCT('Voron purge bucket','Voron purge bucket',
'Voron purge bucket',(#8576));
#8567=PRODUCT('Bucket','Bucket','Bucket',(#8577));
#8568=PRODUCT('Mount mirrored','Mount mirrored','Mount mirrored',(#8578));
#8569=PRODUCT('Brush Holder Sheet Stop','Brush Holder Sheet Stop',
'Brush Holder Sheet Stop',(#8579));
#8570=PRODUCT('Mount','Mount','Mount',(#8580));
#8571=PRODUCT_CATEGORY('','');
#8572=PRODUCT_CATEGORY('','');
#8573=PRODUCT_CATEGORY('','');
#8574=PRODUCT_CATEGORY('','');
#8575=PRODUCT_CATEGORY('','');
#8576=PRODUCT_CONTEXT('',#8582,'mechanical');
#8577=PRODUCT_CONTEXT('',#8582,'mechanical');
#8578=PRODUCT_CONTEXT('',#8582,'mechanical');
#8579=PRODUCT_CONTEXT('',#8582,'mechanical');
#8580=PRODUCT_CONTEXT('',#8582,'mechanical');
#8581=APPLICATION_PROTOCOL_DEFINITION('international standard',
'ap242_managed_model_based_3d_engineering',2020,#8582);
#8582=APPLICATION_CONTEXT('managed model based 3d engineering');
ENDSEC;
END-ISO-10303-21;
